#pragma once

// array size is 55320
unsigned char regular_ttf[] = {
  0x00, 0x01, 0x00, 0x00, 0x00, 0x12, 0x01, 0x00, 0x00, 0x04, 0x00, 0x20, 0x46, 0x46, 0x54, 0x4d,
  0x70, 0x48, 0xeb, 0x90, 0x00, 0x00, 0xd7, 0xfc, 0x00, 0x00, 0x00, 0x1c, 0x47, 0x44, 0x45, 0x46,
  0x01, 0x15, 0x00, 0x04, 0x00, 0x00, 0xa9, 0xd4, 0x00, 0x00, 0x00, 0x20, 0x47, 0x50, 0x4f, 0x53,
  0x5b, 0x92, 0x3b, 0xdf, 0x00, 0x00, 0xb5, 0x58, 0x00, 0x00, 0x22, 0xa2, 0x47, 0x53, 0x55, 0x42,
  0x69, 0x99, 0xd8, 0xd2, 0x00, 0x00, 0xa9, 0xf4, 0x00, 0x00, 0x0b, 0x64, 0x4f, 0x53, 0x2f, 0x32,
  0x99, 0xa5, 0x6d, 0xcd, 0x00, 0x00, 0x01, 0xa8, 0x00, 0x00, 0x00, 0x60, 0x63, 0x6d, 0x61, 0x70,
  0xe5, 0xb9, 0x42, 0x02, 0x00, 0x00, 0x05, 0xa8, 0x00, 0x00, 0x01, 0xd2, 0x63, 0x76, 0x74, 0x20,
  0x0f, 0x97, 0x13, 0xbb, 0x00, 0x00, 0x0b, 0x3c, 0x00, 0x00, 0x00, 0x44, 0x66, 0x70, 0x67, 0x6d,
  0x53, 0xb4, 0x2f, 0xa7, 0x00, 0x00, 0x07, 0x7c, 0x00, 0x00, 0x02, 0x65, 0x67, 0x61, 0x73, 0x70,
  0x00, 0x00, 0x00, 0x10, 0x00, 0x00, 0xa9, 0xcc, 0x00, 0x00, 0x00, 0x08, 0x67, 0x6c, 0x79, 0x66,
  0xb7, 0x92, 0xf0, 0x21, 0x00, 0x00, 0x0d, 0x54, 0x00, 0x00, 0x93, 0x54, 0x68, 0x65, 0x61, 0x64,
  0x20, 0x14, 0x5b, 0x71, 0x00, 0x00, 0x01, 0x2c, 0x00, 0x00, 0x00, 0x36, 0x68, 0x68, 0x65, 0x61,
  0x0f, 0xd2, 0x07, 0x71, 0x00, 0x00, 0x01, 0x64, 0x00, 0x00, 0x00, 0x24, 0x68, 0x6d, 0x74, 0x78,
  0xd0, 0xce, 0x43, 0x24, 0x00, 0x00, 0x02, 0x08, 0x00, 0x00, 0x03, 0x9e, 0x6c, 0x6f, 0x63, 0x61,
  0xeb, 0x36, 0xc8, 0x10, 0x00, 0x00, 0x0b, 0x80, 0x00, 0x00, 0x01, 0xd2, 0x6d, 0x61, 0x78, 0x70,
  0x02, 0x05, 0x01, 0xad, 0x00, 0x00, 0x01, 0x88, 0x00, 0x00, 0x00, 0x20, 0x6e, 0x61, 0x6d, 0x65,
  0xef, 0xd8, 0xfe, 0x32, 0x00, 0x00, 0xa0, 0xa8, 0x00, 0x00, 0x06, 0x5a, 0x70, 0x6f, 0x73, 0x74,
  0x99, 0xfa, 0xfc, 0x06, 0x00, 0x00, 0xa7, 0x04, 0x00, 0x00, 0x02, 0xc8, 0x70, 0x72, 0x65, 0x70,
  0x57, 0x65, 0xd0, 0x0a, 0x00, 0x00, 0x09, 0xe4, 0x00, 0x00, 0x01, 0x57, 0x00, 0x01, 0x00, 0x00,
  0x00, 0x02, 0x00, 0x00, 0xa7, 0xbe, 0x92, 0x6e, 0x5f, 0x0f, 0x3c, 0xf5, 0x00, 0x1f, 0x08, 0x00,
  0x00, 0x00, 0x00, 0x00, 0xdc, 0x46, 0x08, 0x44, 0x00, 0x00, 0x00, 0x00, 0xdc, 0x46, 0x08, 0x44,
  0xff, 0x89, 0xfe, 0x71, 0x08, 0xcb, 0x07, 0x7b, 0x00, 0x00, 0x00, 0x08, 0x00, 0x02, 0x00, 0x00,
  0x00, 0x00, 0x00, 0x00, 0x00, 0x01, 0x00, 0x00, 0x07, 0x7b, 0xfd, 0xec, 0x00, 0x00, 0x09, 0x12,
  0xff, 0x89, 0xff, 0x8b, 0x08, 0xcb, 0x00, 0x01, 0x00, 0x00, 0x00, 0x00, 0x00, 0x00, 0x00, 0x00,
  0x00, 0x00, 0x00, 0x00, 0x00, 0x00, 0x00, 0xe7, 0x00, 0x01, 0x00, 0x00, 0x00, 0xe8, 0x00, 0x48,
  0x00, 0x05, 0x00, 0x00, 0x00, 0x00, 0x00, 0x02, 0x00, 0x01, 0x00, 0x02, 0x00, 0x16, 0x00, 0x00,
  0x01, 0x00, 0x01, 0x61, 0x00, 0x00, 0x00, 0x00, 0x00, 0x03, 0x04, 0x42, 0x01, 0x90, 0x00, 0x05,
  0x00, 0x04, 0x05, 0x9a, 0x05, 0x33, 0x00, 0x00, 0x01, 0x1f, 0x05, 0x9a, 0x05, 0x33, 0x00, 0x00,
  0x03, 0xd1, 0x00, 0x8f, 0x02, 0x52, 0x00, 0x00, 0x02, 0x0b, 0x05, 0x04, 0x00, 0x00, 0x00, 0x00,
  0x00, 0x00, 0xa0, 0x00, 0x00, 0x7f, 0x40, 0x00, 0x20, 0x7b, 0x00, 0x00, 0x00, 0x00, 0x00, 0x00,
  0x00, 0x00, 0x53, 0x77, 0x54, 0x79, 0x00, 0x40, 0x00, 0x20, 0xfb, 0x02, 0x06, 0x31, 0xfe, 0x31,
  0x00, 0x00, 0x07, 0x7b, 0x02, 0x14, 0x20, 0x00, 0x00, 0x93, 0x00, 0x00, 0x00, 0x00, 0x04, 0x4e,
  0x05, 0xcd, 0x00, 0x00, 0x00, 0x20, 0x00, 0x0c, 0x02, 0xec, 0x00, 0x44, 0x00, 0x00, 0x00, 0x00,
  0x02, 0xaa, 0x00, 0x00, 0x01, 0xe5, 0x00, 0x00, 0x01, 0xf5, 0x00, 0x85, 0x02, 0x78, 0x00, 0x37,
  0x05, 0x53, 0x00, 0x2d, 0x04, 0xb2, 0x00, 0x44, 0x07, 0xfb, 0x00, 0x4c, 0x05, 0x9f, 0x00, 0x39,
  0x01, 0x3f, 0x00, 0x37, 0x01, 0xf5, 0x00, 0x42, 0x01, 0xf5, 0x00, 0x00, 0x02, 0xd0, 0x00, 0x17,
  0x05, 0x6c, 0x00, 0x8b, 0x01, 0xf5, 0x00, 0x7d, 0x03, 0x3d, 0x00, 0x58, 0x01, 0xf5, 0x00, 0x85,
  0x03, 0x04, 0x00, 0x00, 0x05, 0x49, 0x00, 0x62, 0x02, 0xf1, 0x00, 0x19, 0x04, 0xb8, 0x00, 0x3d,
  0x04, 0xb2, 0x00, 0x2f, 0x04, 0xfd, 0x00, 0x23, 0x04, 0xdb, 0x00, 0x5a, 0x04, 0xeb, 0x00, 0x62,
  0x04, 0x1a, 0x00, 0x17, 0x05, 0x02, 0x00, 0x62, 0x04, 0xe1, 0x00, 0x56, 0x01, 0xf5, 0x00, 0x85,
  0x01, 0xf5, 0x00, 0x7d, 0x05, 0x6c, 0x00, 0xa0, 0x05, 0x6c, 0x00, 0xb6, 0x05, 0x6c, 0x00, 0xb4,
  0x03, 0xfd, 0x00, 0x1b, 0x06, 0xca, 0x00, 0x5e, 0x05, 0x47, 0x00, 0x00, 0x05, 0x60, 0x00, 0xb0,
  0x05, 0xce, 0x00, 0x68, 0x05, 0xd7, 0x00, 0xb0, 0x04, 0xe7, 0x00, 0xb0, 0x04, 0x7a, 0x00, 0xb0,
  0x06, 0x28, 0x00, 0x68, 0x06, 0x0e, 0x00, 0xb0, 0x02, 0x31, 0x00, 0xb0, 0x04, 0x6a, 0x00, 0x17,
  0x05, 0x53, 0x00, 0xb0, 0x04, 0x91, 0x00, 0xb0, 0x07, 0x12, 0x00, 0xb0, 0x06, 0x0a, 0x00, 0xb0,
  0x06, 0x41, 0x00, 0x68, 0x05, 0x16, 0x00, 0xb0, 0x06, 0x41, 0x00, 0x68, 0x05, 0x6e, 0x00, 0xb0,
  0x05, 0x20, 0x00, 0x42, 0x04, 0x97, 0x00, 0x00, 0x05, 0xd9, 0x00, 0x9a, 0x05, 0x1a, 0x00, 0x17,
  0x07, 0x60, 0x00, 0x21, 0x05, 0x3f, 0x00, 0x00, 0x04, 0xfd, 0x00, 0x00, 0x05, 0x10, 0x00, 0x54,
  0x02, 0x87, 0x00, 0xa6, 0x03, 0x04, 0x00, 0x00, 0x02, 0x87, 0x00, 0x14, 0x03, 0x87, 0xff, 0xd3,
  0x03, 0xa9, 0x00, 0x42, 0x02, 0x02, 0x00, 0x2d, 0x04, 0x78, 0x00, 0x54, 0x04, 0xce, 0x00, 0x93,
  0x04, 0x68, 0x00, 0x48, 0x04, 0xce, 0x00, 0x48, 0x04, 0x9b, 0x00, 0x48, 0x02, 0x81, 0x00, 0x29,
  0x04, 0xbc, 0x00, 0x4a, 0x04, 0x9f, 0x00, 0x93, 0x01, 0xe1, 0x00, 0x93, 0x01, 0xe1, 0xff, 0xec,
  0x04, 0x0a, 0x00, 0x93, 0x01, 0xe1, 0x00, 0x93, 0x07, 0x31, 0x00, 0x93, 0x04, 0x9f, 0x00, 0x93,
  0x04, 0xac, 0x00, 0x4c, 0x04, 0xce, 0x00, 0x93, 0x04, 0xce, 0x00, 0x48, 0x02, 0xd7, 0x00, 0x93,
  0x04, 0x33, 0x00, 0x39, 0x02, 0x99, 0x00, 0x1b, 0x04, 0x8b, 0x00, 0x83, 0x03, 0xe5, 0x00, 0x00,
  0x05, 0xc2, 0x00, 0x0a, 0x04, 0x28, 0x00, 0x10, 0x03, 0xba, 0x00, 0x00, 0x03, 0xe7, 0x00, 0x44,
  0x02, 0x51, 0x00, 0x17, 0x02, 0x0a, 0x00, 0xb0, 0x02, 0x51, 0x00, 0x14, 0x05, 0x6c, 0x00, 0x93,
  0x01, 0xe5, 0x00, 0x00, 0x01, 0xf5, 0x00, 0x85, 0x04, 0x5e, 0x00, 0x48, 0x04, 0x91, 0x00, 0x29,
  0x05, 0x16, 0x00, 0x6f, 0x04, 0xd2, 0xff, 0xf6, 0x01, 0xd0, 0x00, 0x93, 0x04, 0xa3, 0x00, 0x4c,
  0x02, 0xeb, 0x00, 0x2d, 0x06, 0x99, 0x00, 0x4e, 0x02, 0xc2, 0x00, 0x3b, 0x04, 0x1c, 0x00, 0x14,
  0x05, 0x6c, 0x00, 0x77, 0x03, 0x3d, 0x00, 0x58, 0x06, 0x99, 0x00, 0x4e, 0x02, 0xc0, 0x00, 0x2d,
  0x02, 0xb2, 0x00, 0x2d, 0x05, 0x6c, 0x00, 0xa0, 0x02, 0xc8, 0x00, 0x2d, 0x02, 0xe3, 0x00, 0x31,
  0x02, 0x02, 0x00, 0x2d, 0x04, 0x97, 0x00, 0x79, 0x04, 0x2b, 0x00, 0x00, 0x01, 0xf5, 0x00, 0x85,
  0x01, 0xf5, 0x00, 0x2d, 0x01, 0xdb, 0x00, 0x1b, 0x02, 0xd7, 0x00, 0x3b, 0x04, 0x1c, 0x00, 0x2d,
  0x06, 0x7a, 0x00, 0x1b, 0x06, 0x3d, 0x00, 0x1b, 0x07, 0x83, 0x00, 0x31, 0x03, 0xfd, 0x00, 0x1b,
  0x05, 0x47, 0x00, 0x00, 0x05, 0x47, 0x00, 0x00, 0x05, 0x47, 0x00, 0x00, 0x05, 0x47, 0x00, 0x00,
  0x05, 0x47, 0x00, 0x00, 0x05, 0x47, 0x00, 0x00, 0x08, 0x66, 0x00, 0x00, 0x05, 0xce, 0x00, 0x68,
  0x04, 0xe7, 0x00, 0xb0, 0x04, 0xe7, 0x00, 0xb0, 0x04, 0xe7, 0x00, 0xb0, 0x04, 0xe7, 0x00, 0xb0,
  0x02, 0x31, 0xff, 0x8d, 0x02, 0x31, 0x00, 0xb0, 0x02, 0x31, 0xff, 0xb2, 0x02, 0x31, 0xff, 0xd1,
  0x05, 0xd4, 0x00, 0x2d, 0x06, 0x0a, 0x00, 0xb0, 0x06, 0x41, 0x00, 0x68, 0x06, 0x41, 0x00, 0x68,
  0x06, 0x41, 0x00, 0x68, 0x06, 0x41, 0x00, 0x68, 0x06, 0x41, 0x00, 0x68, 0x05, 0x6c, 0x00, 0xd5,
  0x06, 0x3f, 0x00, 0x68, 0x05, 0xd9, 0x00, 0x9a, 0x05, 0xd9, 0x00, 0x9a, 0x05, 0xd9, 0x00, 0x9a,
  0x05, 0xd9, 0x00, 0x9a, 0x04, 0xfd, 0x00, 0x00, 0x04, 0xf5, 0x00, 0xb0, 0x05, 0x10, 0x00, 0x93,
  0x04, 0x78, 0x00, 0x54, 0x04, 0x78, 0x00, 0x54, 0x04, 0x78, 0x00, 0x54, 0x04, 0x78, 0x00, 0x54,
  0x04, 0x78, 0x00, 0x54, 0x04, 0x78, 0x00, 0x54, 0x07, 0x81, 0x00, 0x58, 0x04, 0x68, 0x00, 0x48,
  0x04, 0x9b, 0x00, 0x48, 0x04, 0x9b, 0x00, 0x48, 0x04, 0x9b, 0x00, 0x48, 0x04, 0x9b, 0x00, 0x48,
  0x01, 0xe1, 0xff, 0x98, 0x01, 0xe1, 0x00, 0x93, 0x01, 0xe1, 0xff, 0x89, 0x01, 0xe1, 0xff, 0xa8,
  0x04, 0x95, 0x00, 0x48, 0x04, 0x9f, 0x00, 0x93, 0x04, 0xac, 0x00, 0x4c, 0x04, 0xac, 0x00, 0x4c,
  0x04, 0xac, 0x00, 0x4c, 0x04, 0xac, 0x00, 0x4c, 0x04, 0xac, 0x00, 0x4c, 0x05, 0x6c, 0x00, 0xa0,
  0x04, 0xac, 0x00, 0x4c, 0x04, 0x8b, 0x00, 0x83, 0x04, 0x8b, 0x00, 0x83, 0x04, 0x8b, 0x00, 0x83,
  0x04, 0x8b, 0x00, 0x83, 0x03, 0xba, 0x00, 0x00, 0x04, 0xce, 0x00, 0x93, 0x03, 0xba, 0x00, 0x00,
  0x09, 0x12, 0x00, 0x68, 0x07, 0xd7, 0x00, 0x4c, 0x04, 0xfd, 0x00, 0x00, 0x03, 0x26, 0x00, 0x2d,
  0x03, 0x4b, 0x00, 0x2d, 0x03, 0xbd, 0x00, 0x00, 0x07, 0x7b, 0x00, 0x00, 0x03, 0xbd, 0x00, 0x00,
  0x07, 0x7b, 0x00, 0x00, 0x02, 0x7e, 0x00, 0x00, 0x01, 0xde, 0x00, 0x00, 0x01, 0x3f, 0x00, 0x00,
  0x01, 0x3f, 0x00, 0x00, 0x00, 0xef, 0x00, 0x00, 0x01, 0x7f, 0x00, 0x00, 0x00, 0x6a, 0x00, 0x00,
  0x03, 0x3d, 0x00, 0x58, 0x03, 0x3d, 0x00, 0x58, 0x03, 0x3d, 0x00, 0x58, 0x04, 0x18, 0x00, 0x4e,
  0x05, 0xc8, 0x00, 0x42, 0x01, 0xf3, 0x00, 0x85, 0x01, 0xf5, 0x00, 0x7d, 0x01, 0xf3, 0x00, 0x7d,
  0x03, 0x4b, 0x00, 0x85, 0x03, 0x4b, 0x00, 0x7d, 0x03, 0x60, 0x00, 0x7d, 0x03, 0x93, 0x00, 0x58,
  0x05, 0xe1, 0x00, 0x85, 0x01, 0x7f, 0x00, 0x00, 0x02, 0x4f, 0x00, 0x14, 0x02, 0x4f, 0x00, 0x2d,
  0x01, 0xde, 0x00, 0x00, 0x05, 0x9d, 0xff, 0xe1, 0x06, 0xca, 0x00, 0x0a, 0x04, 0x51, 0x00, 0x00,
  0x04, 0x62, 0x00, 0x29, 0x00, 0x29, 0x00, 0x00, 0x00, 0x00, 0x00, 0x03, 0x00, 0x00, 0x00, 0x03,
  0x00, 0x00, 0x00, 0x1c, 0x00, 0x01, 0x00, 0x00, 0x00, 0x00, 0x00, 0xcc, 0x00, 0x03, 0x00, 0x01,
  0x00, 0x00, 0x00, 0x1c, 0x00, 0x04, 0x00, 0xb0, 0x00, 0x00, 0x00, 0x28, 0x00, 0x20, 0x00, 0x04,
  0x00, 0x08, 0x00, 0x7e, 0x00, 0xff, 0x01, 0x53, 0x01, 0x78, 0x02, 0xc6, 0x02, 0xdc, 0x20, 0x0a,
  0x20, 0x14, 0x20, 0x1a, 0x20, 0x1e, 0x20, 0x22, 0x20, 0x26, 0x20, 0x2f, 0x20, 0x3a, 0x20, 0x5f,
  0x20, 0xac, 0x21, 0x22, 0x25, 0xfc, 0xfb, 0x02, 0xff, 0xff, 0x00, 0x00, 0x00, 0x20, 0x00, 0xa0,
  0x01, 0x52, 0x01, 0x78, 0x02, 0xc6, 0x02, 0xdc, 0x20, 0x00, 0x20, 0x10, 0x20, 0x18, 0x20, 0x1c,
  0x20, 0x22, 0x20, 0x26, 0x20, 0x2f, 0x20, 0x39, 0x20, 0x5f, 0x20, 0xac, 0x21, 0x22, 0x25, 0xfc,
  0xfb, 0x01, 0xff, 0xff, 0xff, 0xe3, 0xff, 0xc2, 0xff, 0x70, 0xff, 0x4c, 0xfd, 0xff, 0xfd, 0xea,
  0xe0, 0xc7, 0xe0, 0xc2, 0xe0, 0xbf, 0xe0, 0xbe, 0xe0, 0xbb, 0xe0, 0xb8, 0xe0, 0xb0, 0xe0, 0xa7,
  0xe0, 0x83, 0xe0, 0x37, 0xdf, 0xc2, 0xda, 0xe9, 0x05, 0xe5, 0x00, 0x01, 0x00, 0x00, 0x00, 0x00,
  0x00, 0x00, 0x00, 0x00, 0x00, 0x00, 0x00, 0x00, 0x00, 0x00, 0x00, 0x00, 0x00, 0x00, 0x00, 0x00,
  0x00, 0x00, 0x00, 0x00, 0x00, 0x00, 0x00, 0x00, 0x00, 0x00, 0x00, 0x00, 0x00, 0x00, 0x00, 0x00,
  0x00, 0x00, 0x00, 0x00, 0x00, 0x00, 0x01, 0x06, 0x00, 0x00, 0x01, 0x00, 0x00, 0x00, 0x00, 0x00,
  0x00, 0x00, 0x01, 0x02, 0x00, 0x00, 0x00, 0x02, 0x00, 0x00, 0x00, 0x00, 0x00, 0x00, 0x00, 0x00,
  0x00, 0x00, 0x00, 0x00, 0x00, 0x00, 0x00, 0x01, 0x00, 0x00, 0x03, 0x04, 0x05, 0x06, 0x07, 0x08,
  0x09, 0x0a, 0x0b, 0x0c, 0x0d, 0x0e, 0x0f, 0x10, 0x11, 0x12, 0x13, 0x14, 0x15, 0x16, 0x17, 0x18,
  0x19, 0x1a, 0x1b, 0x1c, 0x1d, 0x1e, 0x1f, 0x20, 0x21, 0x22, 0x23, 0x24, 0x25, 0x26, 0x27, 0x28,
  0x29, 0x2a, 0x2b, 0x2c, 0x2d, 0x2e, 0x2f, 0x30, 0x31, 0x32, 0x33, 0x34, 0x35, 0x36, 0x37, 0x38,
  0x39, 0x3a, 0x3b, 0x3c, 0x3d, 0x3e, 0x3f, 0x40, 0x41, 0x42, 0x43, 0x44, 0x45, 0x46, 0x47, 0x48,
  0x49, 0x4a, 0x4b, 0x4c, 0x4d, 0x4e, 0x4f, 0x50, 0x51, 0x52, 0x53, 0x54, 0x55, 0x56, 0x57, 0x58,
  0x59, 0x5a, 0x5b, 0x5c, 0x5d, 0x5e, 0x5f, 0x60, 0x61, 0x00, 0x86, 0x87, 0x89, 0x8b, 0x93, 0x98,
  0x9e, 0xa3, 0xa2, 0xa4, 0xa6, 0xa5, 0xa7, 0xa9, 0xab, 0xaa, 0xac, 0xad, 0xaf, 0xae, 0xb0, 0xb1,
  0xb3, 0xb5, 0xb4, 0xb6, 0xb8, 0xb7, 0xbc, 0xbb, 0xbd, 0xbe, 0x00, 0x72, 0x64, 0x65, 0x69, 0xdd,
  0x78, 0xa1, 0x70, 0x6b, 0xe4, 0x76, 0x6a, 0x00, 0x88, 0x9a, 0x00, 0x73, 0x00, 0x00, 0x67, 0x77,
  0x00, 0x00, 0x00, 0x00, 0x00, 0x6c, 0x7c, 0x00, 0xa8, 0xba, 0x81, 0x63, 0x6e, 0x00, 0x00, 0x00,
  0x00, 0x6d, 0x7d, 0xde, 0x62, 0x82, 0x85, 0x97, 0xc2, 0xc3, 0xd5, 0xd6, 0xda, 0xdb, 0xd7, 0xd8,
  0xb9, 0x00, 0xc1, 0xc4, 0x00, 0xe3, 0xe0, 0xe1, 0xe6, 0xe7, 0x00, 0x79, 0xd9, 0xdc, 0x00, 0x84,
  0x8c, 0x83, 0x8d, 0x8a, 0x8f, 0x90, 0x91, 0x8e, 0x95, 0x96, 0x00, 0x94, 0x9c, 0x9d, 0x9b, 0x00,
  0xc5, 0xc6, 0x71, 0x00, 0x00, 0x00, 0x7a, 0x00, 0x00, 0x00, 0x00, 0x00, 0xb0, 0x00, 0x2c, 0xb0,
  0x00, 0x13, 0x4b, 0xb0, 0x4c, 0x50, 0x58, 0xb0, 0x4a, 0x76, 0x59, 0xb0, 0x00, 0x23, 0x3f, 0x18,
  0xb0, 0x06, 0x2b, 0x58, 0x3d, 0x59, 0x4b, 0xb0, 0x4c, 0x50, 0x58, 0x7d, 0x59, 0x20, 0xd4, 0xb0,
  0x01, 0x13, 0x2e, 0x18, 0x2d, 0xb0, 0x01, 0x2c, 0x20, 0xda, 0xb0, 0x0c, 0x2b, 0x2d, 0xb0, 0x02,
  0x2c, 0x4b, 0x52, 0x58, 0x45, 0x23, 0x59, 0x21, 0x2d, 0xb0, 0x03, 0x2c, 0x69, 0x18, 0x20, 0xb0,
  0x40, 0x50, 0x58, 0x21, 0xb0, 0x40, 0x59, 0x2d, 0xb0, 0x04, 0x2c, 0xb0, 0x06, 0x2b, 0x58, 0x21,
  0x23, 0x21, 0x7a, 0x58, 0xdd, 0x1b, 0xcd, 0x59, 0x1b, 0x4b, 0x52, 0x58, 0x58, 0xfd, 0x1b, 0xed,
  0x59, 0x1b, 0x23, 0x21, 0xb0, 0x05, 0x2b, 0x58, 0xb0, 0x46, 0x76, 0x59, 0x58, 0xdd, 0x1b, 0xcd,
  0x59, 0x59, 0x59, 0x18, 0x2d, 0xb0, 0x05, 0x2c, 0x0d, 0x5c, 0x5a, 0x2d, 0xb0, 0x06, 0x2c, 0xb1,
  0x22, 0x01, 0x88, 0x50, 0x58, 0xb0, 0x20, 0x88, 0x5c, 0x5c, 0x1b, 0xb0, 0x00, 0x59, 0x2d, 0xb0,
  0x07, 0x2c, 0xb1, 0x24, 0x01, 0x88, 0x50, 0x58, 0xb0, 0x40, 0x88, 0x5c, 0x5c, 0x1b, 0xb0, 0x00,
  0x59, 0x2d, 0xb0, 0x08, 0x2c, 0x12, 0x11, 0x20, 0x39, 0x2f, 0x2d, 0xb0, 0x09, 0x2c, 0x20, 0x7d,
  0xb0, 0x06, 0x2b, 0x58, 0xc4, 0x1b, 0xcd, 0x59, 0x20, 0xb0, 0x03, 0x25, 0x49, 0x23, 0x20, 0xb0,
  0x04, 0x26, 0x4a, 0xb0, 0x00, 0x50, 0x58, 0x8a, 0x65, 0x8a, 0x61, 0x20, 0xb0, 0x00, 0x50, 0x58,
  0x38, 0x1b, 0x21, 0x21, 0x59, 0x1b, 0x8a, 0x8a, 0x61, 0x20, 0xb0, 0x00, 0x52, 0x58, 0x38, 0x1b,
  0x21, 0x21, 0x59, 0x59, 0x18, 0x2d, 0xb0, 0x0a, 0x2c, 0xb0, 0x06, 0x2b, 0x58, 0x21, 0x10, 0x1b,
  0x10, 0x21, 0x59, 0x2d, 0xb0, 0x0b, 0x2c, 0x20, 0xd2, 0xb0, 0x0c, 0x2b, 0x2d, 0xb0, 0x0c, 0x2c,
  0x20, 0x2f, 0xb0, 0x07, 0x2b, 0x5c, 0x58, 0x20, 0x20, 0x47, 0x23, 0x46, 0x61, 0x6a, 0x20, 0x58,
  0x20, 0x64, 0x62, 0x38, 0x1b, 0x21, 0x21, 0x59, 0x1b, 0x21, 0x59, 0x2d, 0xb0, 0x0d, 0x2c, 0x12,
  0x11, 0x20, 0x20, 0x39, 0x2f, 0x20, 0x8a, 0x20, 0x47, 0x8a, 0x46, 0x61, 0x23, 0x8a, 0x20, 0x8a,
  0x23, 0x4a, 0xb0, 0x00, 0x50, 0x58, 0x23, 0xb0, 0x00, 0x52, 0x58, 0xb0, 0x40, 0x38, 0x1b, 0x21,
  0x59, 0x1b, 0x23, 0xb0, 0x00, 0x50, 0x58, 0xb0, 0x40, 0x65, 0x38, 0x1b, 0x21, 0x59, 0x59, 0x2d,
  0xb0, 0x0e, 0x2c, 0xb0, 0x06, 0x2b, 0x58, 0x3d, 0xd6, 0x18, 0x21, 0x21, 0x1b, 0x20, 0xd6, 0x8a,
  0x4b, 0x52, 0x58, 0x20, 0x8a, 0x23, 0x49, 0x20, 0xb0, 0x00, 0x55, 0x58, 0x38, 0x1b, 0x21, 0x21,
  0x59, 0x1b, 0x21, 0x21, 0x59, 0x59, 0x2d, 0xb0, 0x0f, 0x2c, 0x23, 0x20, 0xd6, 0x20, 0x2f, 0xb0,
  0x07, 0x2b, 0x5c, 0x58, 0x23, 0x20, 0x58, 0x4b, 0x53, 0x1b, 0x21, 0xb0, 0x01, 0x59, 0x58, 0x8a,
  0xb0, 0x04, 0x26, 0x49, 0x23, 0x8a, 0x23, 0x20, 0x8a, 0x49, 0x8a, 0x23, 0x61, 0x38, 0x1b, 0x21,
  0x21, 0x21, 0x21, 0x59, 0x1b, 0x21, 0x21, 0x21, 0x21, 0x21, 0x59, 0x2d, 0xb0, 0x10, 0x2c, 0x20,
  0xda, 0xb0, 0x12, 0x2b, 0x2d, 0xb0, 0x11, 0x2c, 0x20, 0xd2, 0xb0, 0x12, 0x2b, 0x2d, 0xb0, 0x12,
  0x2c, 0x20, 0x2f, 0xb0, 0x07, 0x2b, 0x5c, 0x58, 0x20, 0x20, 0x47, 0x23, 0x46, 0x61, 0x6a, 0x8a,
  0x20, 0x47, 0x23, 0x46, 0x23, 0x61, 0x6a, 0x60, 0x20, 0x58, 0x20, 0x64, 0x62, 0x38, 0x1b, 0x21,
  0x21, 0x59, 0x1b, 0x21, 0x21, 0x59, 0x2d, 0xb0, 0x13, 0x2c, 0x20, 0x8a, 0x20, 0x8a, 0x87, 0x20,
  0xb0, 0x03, 0x25, 0x4a, 0x64, 0x23, 0x8a, 0x07, 0xb0, 0x20, 0x50, 0x58, 0x3c, 0x1b, 0xc0, 0x59,
  0x2d, 0xb0, 0x14, 0x2c, 0xb3, 0x00, 0x40, 0x01, 0x40, 0x42, 0x42, 0x01, 0x4b, 0xb8, 0x10, 0x00,
  0x63, 0x00, 0x4b, 0xb8, 0x10, 0x00, 0x63, 0x20, 0x8a, 0x20, 0x8a, 0x55, 0x58, 0x20, 0x8a, 0x20,
  0x8a, 0x52, 0x58, 0x23, 0x62, 0x20, 0xb0, 0x00, 0x23, 0x42, 0x1b, 0x62, 0x20, 0xb0, 0x01, 0x23,
  0x42, 0x59, 0x20, 0xb0, 0x40, 0x52, 0x58, 0xb2, 0x00, 0x20, 0x00, 0x43, 0x63, 0x42, 0xb2, 0x01,
  0x20, 0x01, 0x43, 0x63, 0x42, 0xb0, 0x20, 0x63, 0xb0, 0x19, 0x65, 0x1c, 0x21, 0x59, 0x1b, 0x21,
  0x21, 0x59, 0x2d, 0xb0, 0x15, 0x2c, 0xb0, 0x01, 0x43, 0x63, 0x23, 0xb0, 0x00, 0x43, 0x63, 0x23,
  0x2d, 0x00, 0x00, 0x00, 0xb8, 0x01, 0xff, 0x85, 0xb0, 0x01, 0x8d, 0x00, 0x4b, 0xb0, 0x08, 0x50,
  0x58, 0xb1, 0x01, 0x01, 0x8e, 0x59, 0xb1, 0x46, 0x06, 0x2b, 0x58, 0x21, 0xb0, 0x10, 0x59, 0x4b,
  0xb0, 0x14, 0x52, 0x58, 0x21, 0xb0, 0x80, 0x59, 0x1d, 0xb0, 0x06, 0x2b, 0x5c, 0x58, 0x00, 0xb0,
  0x03, 0x20, 0x45, 0xb0, 0x03, 0x2b, 0x44, 0xb0, 0x0a, 0x20, 0x45, 0xba, 0x00, 0x03, 0x01, 0x00,
  0x00, 0x02, 0x2b, 0xb0, 0x03, 0x2b, 0x44, 0xb0, 0x09, 0x20, 0x45, 0xb2, 0x0a, 0x6c, 0x02, 0x2b,
  0xb0, 0x03, 0x2b, 0x44, 0xb0, 0x08, 0x20, 0x45, 0xb2, 0x09, 0x4a, 0x02, 0x2b, 0xb0, 0x03, 0x2b,
  0x44, 0xb0, 0x07, 0x20, 0x45, 0xb2, 0x08, 0x3f, 0x02, 0x2b, 0xb0, 0x03, 0x2b, 0x44, 0xb0, 0x06,
  0x20, 0x45, 0xba, 0x00, 0x07, 0x01, 0x10, 0x00, 0x02, 0x2b, 0xb0, 0x03, 0x2b, 0x44, 0xb0, 0x05,
  0x20, 0x45, 0xb2, 0x06, 0x34, 0x02, 0x2b, 0xb0, 0x03, 0x2b, 0x44, 0xb0, 0x04, 0x20, 0x45, 0xb2,
  0x05, 0x28, 0x02, 0x2b, 0xb0, 0x03, 0x2b, 0x44, 0xb0, 0x0b, 0x20, 0x45, 0xb2, 0x03, 0x55, 0x02,
  0x2b, 0xb0, 0x03, 0x2b, 0x44, 0xb0, 0x0c, 0x20, 0x45, 0xb2, 0x0b, 0x1c, 0x02, 0x2b, 0xb0, 0x03,
  0x2b, 0x44, 0x01, 0xb0, 0x0d, 0x20, 0x45, 0xb0, 0x03, 0x2b, 0x44, 0xb0, 0x13, 0x20, 0x45, 0xb2,
  0x0d, 0x98, 0x02, 0x2b, 0xb1, 0x03, 0x46, 0x76, 0x2b, 0x44, 0xb0, 0x12, 0x20, 0x45, 0xb2, 0x13,
  0x67, 0x02, 0x2b, 0xb1, 0x03, 0x46, 0x76, 0x2b, 0x44, 0xb0, 0x11, 0x20, 0x45, 0xb2, 0x12, 0x54,
  0x02, 0x2b, 0xb1, 0x03, 0x46, 0x76, 0x2b, 0x44, 0xb0, 0x10, 0x20, 0x45, 0xb2, 0x11, 0x36, 0x02,
  0x2b, 0xb1, 0x03, 0x46, 0x76, 0x2b, 0x44, 0xb0, 0x0f, 0x20, 0x45, 0xb2, 0x10, 0x23, 0x02, 0x2b,
  0xb1, 0x03, 0x46, 0x76, 0x2b, 0x44, 0xb0, 0x0e, 0x20, 0x45, 0xb2, 0x0f, 0x19, 0x02, 0x2b, 0xb1,
  0x03, 0x46, 0x76, 0x2b, 0x44, 0xb0, 0x14, 0x20, 0x45, 0xba, 0x00, 0x0d, 0x7f, 0xff, 0x00, 0x02,
  0x2b, 0xb1, 0x03, 0x46, 0x76, 0x2b, 0x44, 0xb0, 0x15, 0x20, 0x45, 0xba, 0x00, 0x14, 0x01, 0x17,
  0x00, 0x02, 0x2b, 0xb1, 0x03, 0x46, 0x76, 0x2b, 0x44, 0xb0, 0x16, 0x20, 0x45, 0xb2, 0x15, 0x7a,
  0x02, 0x2b, 0xb1, 0x03, 0x46, 0x76, 0x2b, 0x44, 0xb0, 0x17, 0x20, 0x45, 0xb2, 0x16, 0x3f, 0x02,
  0x2b, 0xb1, 0x03, 0x46, 0x76, 0x2b, 0x44, 0x59, 0xb0, 0x14, 0x2b, 0x00, 0x00, 0x00, 0x04, 0x4e,
  0x05, 0xcd, 0x00, 0xb4, 0x00, 0x96, 0x00, 0x9b, 0x00, 0x9e, 0x00, 0xa2, 0x00, 0xa6, 0x00, 0xaa,
  0x00, 0xb0, 0x00, 0xc1, 0x00, 0xe1, 0x00, 0xd1, 0x00, 0xa4, 0x00, 0xa9, 0x00, 0xbb, 0x00, 0xc2,
  0x00, 0xc6, 0x00, 0xca, 0x00, 0xd1, 0x00, 0xd5, 0x00, 0xdb, 0x00, 0xe5, 0x00, 0xb2, 0x00, 0xd9,
  0x00, 0x93, 0x00, 0x89, 0x00, 0x8c, 0x00, 0x7b, 0x00, 0x79, 0x00, 0x63, 0x00, 0x44, 0x05, 0x11,
  0x00, 0x00, 0x00, 0x2c, 0x00, 0x2c, 0x00, 0x2c, 0x00, 0x2c, 0x00, 0x60, 0x00, 0x96, 0x01, 0x70,
  0x02, 0x44, 0x02, 0xe8, 0x03, 0x7e, 0x03, 0x9c, 0x03, 0xcc, 0x03, 0xfc, 0x04, 0x34, 0x04, 0x72,
  0x04, 0x9e, 0x04, 0xbc, 0x04, 0xdc, 0x04, 0xf6, 0x05, 0x4c, 0x05, 0x80, 0x05, 0xe6, 0x06, 0x7c,
  0x06, 0xc6, 0x07, 0x48, 0x07, 0xbe, 0x07, 0xf8, 0x08, 0x88, 0x08, 0xfa, 0x09, 0x24, 0x09, 0x5e,
  0x09, 0x72, 0x09, 0x94, 0x09, 0xa8, 0x0a, 0x1a, 0x0a, 0xcc, 0x0a, 0xfe, 0x0b, 0x68, 0x0b, 0xca,
  0x0c, 0x1a, 0x0c, 0x56, 0x0c, 0x8c, 0x0d, 0x10, 0x0d, 0x48, 0x0d, 0x66, 0x0d, 0xa4, 0x0d, 0xd8,
  0x0d, 0xfe, 0x0e, 0x60, 0x0e, 0x98, 0x0e, 0xec, 0x0f, 0x3c, 0x0f, 0xa4, 0x10, 0x08, 0x10, 0xb2,
  0x10, 0xe2, 0x11, 0x20, 0x11, 0x62, 0x11, 0xca, 0x11, 0xfc, 0x12, 0x2a, 0x12, 0x56, 0x12, 0x84,
  0x12, 0x9c, 0x12, 0xd0, 0x12, 0xee, 0x13, 0x08, 0x13, 0x24, 0x13, 0xf0, 0x14, 0x50, 0x14, 0xa0,
  0x15, 0x00, 0x15, 0x6a, 0x15, 0xb2, 0x16, 0x2c, 0x16, 0x72, 0x16, 0x9c, 0x16, 0xd8, 0x17, 0x0c,
  0x17, 0x2a, 0x17, 0x94, 0x17, 0xda, 0x18, 0x32, 0x18, 0x92, 0x18, 0xf2, 0x19, 0x26, 0x19, 0xe2,
  0x1a, 0x2e, 0x1a, 0x74, 0x1a, 0x98, 0x1a, 0xfe, 0x1b, 0x30, 0x1b, 0x6a, 0x1b, 0x96, 0x1c, 0x04,
  0x1c, 0x20, 0x1c, 0x8e, 0x1c, 0xda, 0x1c, 0xda, 0x1d, 0x10, 0x1d, 0x86, 0x1e, 0x4a, 0x1e, 0xc2,
  0x1f, 0x28, 0x1f, 0x4e, 0x20, 0x08, 0x20, 0x36, 0x20, 0xd4, 0x21, 0x50, 0x21, 0x70, 0x21, 0x98,
  0x21, 0xb6, 0x22, 0x6c, 0x22, 0x8a, 0x22, 0xd2, 0x23, 0x20, 0x23, 0x80, 0x24, 0x0a, 0x24, 0x28,
  0x24, 0x7a, 0x24, 0xb8, 0x24, 0xd6, 0x25, 0x12, 0x25, 0x4a, 0x25, 0x96, 0x25, 0xb8, 0x26, 0x44,
  0x26, 0xe2, 0x27, 0xc6, 0x28, 0x48, 0x28, 0x80, 0x28, 0xba, 0x28, 0xf8, 0x29, 0x70, 0x29, 0xca,
  0x2a, 0x40, 0x2a, 0x9a, 0x2b, 0x36, 0x2b, 0x7c, 0x2b, 0xc0, 0x2c, 0x0c, 0x2c, 0x64, 0x2c, 0x8c,
  0x2c, 0xb4, 0x2c, 0xe2, 0x2d, 0x1c, 0x2d, 0x94, 0x2e, 0x10, 0x2e, 0x6c, 0x2e, 0xc8, 0x2f, 0x28,
  0x2f, 0xb6, 0x30, 0x2c, 0x30, 0x4e, 0x30, 0xce, 0x31, 0x1a, 0x31, 0x64, 0x31, 0xb0, 0x32, 0x0e,
  0x32, 0x46, 0x32, 0x9c, 0x33, 0x1a, 0x33, 0xf6, 0x34, 0xd2, 0x35, 0xb4, 0x36, 0xc4, 0x37, 0xb4,
  0x38, 0xc6, 0x39, 0xdc, 0x3a, 0x6c, 0x3a, 0xe2, 0x3b, 0x56, 0x3b, 0xd2, 0x3c, 0x5c, 0x3c, 0x8a,
  0x3c, 0xb8, 0x3c, 0xec, 0x3d, 0x26, 0x3d, 0x92, 0x3e, 0x1a, 0x3e, 0x84, 0x3e, 0xee, 0x3f, 0x60,
  0x3f, 0xfa, 0x40, 0x74, 0x40, 0xa4, 0x41, 0x1a, 0x41, 0x72, 0x41, 0xca, 0x42, 0x2a, 0x42, 0x92,
  0x42, 0xde, 0x43, 0x3e, 0x43, 0x9e, 0x44, 0x26, 0x44, 0xca, 0x45, 0x16, 0x45, 0x38, 0x45, 0x84,
  0x45, 0x84, 0x45, 0x84, 0x45, 0x84, 0x45, 0x84, 0x45, 0x84, 0x45, 0x84, 0x45, 0x84, 0x45, 0x84,
  0x45, 0x84, 0x45, 0x84, 0x45, 0x84, 0x45, 0x92, 0x45, 0xa0, 0x45, 0xae, 0x45, 0xc6, 0x45, 0xde,
  0x46, 0x08, 0x46, 0x32, 0x46, 0x5e, 0x46, 0xa4, 0x46, 0xea, 0x47, 0x34, 0x47, 0x62, 0x47, 0x9c,
  0x47, 0x9c, 0x47, 0xba, 0x47, 0xde, 0x47, 0xde, 0x48, 0x6a, 0x48, 0xca, 0x48, 0xea, 0x49, 0x52,
  0x49, 0xaa, 0x00, 0x00, 0x00, 0x02, 0x00, 0x44, 0x00, 0x00, 0x02, 0x64, 0x05, 0x55, 0x00, 0x03,
  0x00, 0x07, 0x00, 0x2e, 0xb1, 0x01, 0x00, 0x2f, 0x3c, 0xb2, 0x07, 0x04, 0x20, 0xed, 0x32, 0xb1,
  0x06, 0x05, 0xdc, 0x3c, 0xb2, 0x03, 0x02, 0x20, 0xed, 0x32, 0x00, 0xb1, 0x03, 0x00, 0x2f, 0x3c,
  0xb2, 0x05, 0x04, 0x20, 0xed, 0x32, 0xb2, 0x07, 0x06, 0x21, 0xfc, 0x3c, 0xb2, 0x01, 0x02, 0x20,
  0xed, 0x32, 0x33, 0x11, 0x21, 0x11, 0x25, 0x21, 0x11, 0x21, 0x44, 0x02, 0x20, 0xfe, 0x24, 0x01,
  0x98, 0xfe, 0x68, 0x05, 0x55, 0xfa, 0xab, 0x44, 0x04, 0xcd, 0x00, 0x00, 0x00, 0x02, 0x00, 0x85,
  0x00, 0x00, 0x01, 0x71, 0x05, 0xcd, 0x00, 0x03, 0x00, 0x09, 0x00, 0x3e, 0x00, 0xb2, 0x00, 0x00,
  0x00, 0x2b, 0xb1, 0x01, 0x0c, 0xe9, 0xb2, 0x05, 0x02, 0x00, 0x2b, 0x01, 0xb0, 0x0a, 0x2f, 0xb0,
  0x00, 0xd6, 0xb1, 0x03, 0x17, 0xe9, 0xb1, 0x03, 0x17, 0xe9, 0xb3, 0x07, 0x03, 0x00, 0x08, 0x2b,
  0xb1, 0x04, 0x12, 0xe9, 0xb0, 0x04, 0x2f, 0xb1, 0x07, 0x12, 0xe9, 0xb1, 0x0b, 0x01, 0x2b, 0x00,
  0xb1, 0x05, 0x01, 0x11, 0x12, 0xb0, 0x08, 0x39, 0x30, 0x31, 0x33, 0x35, 0x33, 0x15, 0x03, 0x11,
  0x33, 0x11, 0x03, 0x23, 0x85, 0xec, 0xd9, 0xc6, 0x29, 0x74, 0xec, 0xec, 0x04, 0x0c, 0x01, 0xc1,
  0xfe, 0x3f, 0xfd, 0xa6, 0x00, 0x02, 0x00, 0x37, 0x03, 0xe1, 0x02, 0x42, 0x05, 0xcd, 0x00, 0x03,
  0x00, 0x07, 0x00, 0x40, 0x00, 0xb2, 0x00, 0x02, 0x00, 0x2b, 0xb0, 0x04, 0x33, 0xb4, 0x03, 0x0c,
  0x00, 0x09, 0x04, 0x2b, 0xb0, 0x06, 0x32, 0x01, 0xb0, 0x08, 0x2f, 0xb0, 0x03, 0xd6, 0xb4, 0x02,
  0x0e, 0x00, 0x0f, 0x04, 0x2b, 0xb0, 0x02, 0x10, 0xb1, 0x07, 0x01, 0x2b, 0xb4, 0x06, 0x0e, 0x00,
  0x0f, 0x04, 0x2b, 0xb1, 0x09, 0x01, 0x2b, 0xb1, 0x07, 0x02, 0x11, 0x12, 0xb1, 0x01, 0x04, 0x39,
  0x39, 0x00, 0x30, 0x31, 0x13, 0x33, 0x03, 0x23, 0x01, 0x33, 0x03, 0x23, 0x37, 0xd1, 0x29, 0x7f,
  0x01, 0x11, 0xd1, 0x29, 0x7f, 0x05, 0xcd, 0xfe, 0x14, 0x01, 0xec, 0xfe, 0x14, 0x00, 0x00, 0x00,
  0x00, 0x02, 0x00, 0x2d, 0x00, 0x00, 0x05, 0x29, 0x05, 0xcd, 0x00, 0x1b, 0x00, 0x1f, 0x01, 0x39,
  0x00, 0xb2, 0x1a, 0x00, 0x00, 0x2b, 0xb2, 0x15, 0x16, 0x19, 0x33, 0x33, 0x33, 0xb2, 0x07, 0x02,
  0x00, 0x2b, 0xb2, 0x08, 0x0b, 0x0c, 0x33, 0x33, 0x33, 0xb2, 0x05, 0x01, 0x00, 0x2b, 0xb3, 0x06,
  0x09, 0x0a, 0x0d, 0x24, 0x17, 0x33, 0xb1, 0x04, 0x04, 0xe9, 0xb3, 0x03, 0x10, 0x1e, 0x1f, 0x24,
  0x17, 0x32, 0xb4, 0x00, 0x01, 0x1a, 0x05, 0x0d, 0x2b, 0xb3, 0x02, 0x11, 0x1c, 0x1d, 0x24, 0x17,
  0x33, 0xb1, 0x00, 0x04, 0xe9, 0xb3, 0x14, 0x17, 0x18, 0x1b, 0x24, 0x17, 0x32, 0x01, 0xb0, 0x20,
  0x2f, 0xb0, 0x1a, 0xd6, 0xb1, 0x19, 0x0e, 0xe9, 0xb0, 0x19, 0x10, 0xb1, 0x07, 0x01, 0x2b, 0xb1,
  0x08, 0x0e, 0xe9, 0xb0, 0x08, 0x10, 0xb1, 0x16, 0x01, 0x2b, 0xb1, 0x15, 0x0e, 0xe9, 0xb0, 0x15,
  0x10, 0xb1, 0x0b, 0x01, 0x2b, 0xb1, 0x0c, 0x0e, 0xe9, 0xb1, 0x21, 0x01, 0x2b, 0xb0, 0x36, 0x1a,
  0xba, 0x3f, 0x67, 0xf7, 0x46, 0x00, 0x15, 0x2b, 0x0a, 0xba, 0x3f, 0x65, 0xf7, 0x3a, 0x00, 0x15,
  0x2b, 0x0a, 0xb0, 0x1a, 0x10, 0xb3, 0x02, 0x1a, 0x07, 0x13, 0x2b, 0xb3, 0x03, 0x1a, 0x07, 0x13,
  0x2b, 0xb3, 0x06, 0x1a, 0x07, 0x13, 0x2b, 0xb0, 0x19, 0x10, 0xb3, 0x09, 0x19, 0x08, 0x13, 0x2b,
  0xb0, 0x16, 0x10, 0xb3, 0x0a, 0x16, 0x0b, 0x13, 0x2b, 0xb0, 0x15, 0x10, 0xb3, 0x0d, 0x15, 0x0c,
  0x13, 0x2b, 0xb3, 0x10, 0x15, 0x0c, 0x13, 0x2b, 0xb3, 0x11, 0x15, 0x0c, 0x13, 0x2b, 0xb3, 0x14,
  0x15, 0x0c, 0x13, 0x2b, 0xb0, 0x16, 0x10, 0xb3, 0x17, 0x16, 0x0b, 0x13, 0x2b, 0xb0, 0x19, 0x10,
  0xb3, 0x18, 0x19, 0x08, 0x13, 0x2b, 0xb0, 0x1a, 0x10, 0xb3, 0x1b, 0x1a, 0x07, 0x13, 0x2b, 0xb0,
  0x19, 0x10, 0xb3, 0x1c, 0x19, 0x08, 0x13, 0x2b, 0xb0, 0x16, 0x10, 0xb3, 0x1d, 0x16, 0x0b, 0x13,
  0x2b, 0xb3, 0x1e, 0x16, 0x0b, 0x13, 0x2b, 0xb0, 0x19, 0x10, 0xb3, 0x1f, 0x19, 0x08, 0x13, 0x2b,
  0x03, 0x40, 0x10, 0x02, 0x03, 0x06, 0x09, 0x0a, 0x0d, 0x10, 0x11, 0x14, 0x17, 0x18, 0x1b, 0x1c,
  0x1d, 0x1e, 0x1f, 0x2e, 0x2e, 0x2e, 0x2e, 0x2e, 0x2e, 0x2e, 0x2e, 0x2e, 0x2e, 0x2e, 0x2e, 0x2e,
  0x2e, 0x2e, 0x2e, 0xb0, 0x40, 0x1a, 0x00, 0x30, 0x31, 0x13, 0x37, 0x21, 0x13, 0x21, 0x37, 0x21,
  0x13, 0x33, 0x03, 0x21, 0x13, 0x33, 0x03, 0x21, 0x07, 0x21, 0x03, 0x21, 0x07, 0x21, 0x03, 0x23,
  0x13, 0x21, 0x03, 0x23, 0x13, 0x37, 0x21, 0x13, 0x21, 0x2d, 0x15, 0x01, 0x20, 0x31, 0xfe, 0xde,
  0x14, 0x01, 0x23, 0x35, 0x98, 0x36, 0x01, 0x40, 0x35, 0x98, 0x35, 0x01, 0x12, 0x15, 0xfe, 0xee,
  0x31, 0x01, 0x14, 0x14, 0xfe, 0xeb, 0x3d, 0x98, 0x3e, 0xfe, 0xc0, 0x3d, 0x98, 0x3e, 0xac, 0x01,
  0x3f, 0x31, 0xfe, 0xc1, 0x01, 0xc7, 0x91, 0x01, 0x64, 0x92, 0x01, 0x7f, 0xfe, 0x81, 0x01, 0x7f,
  0xfe, 0x81, 0x92, 0xfe, 0x9c, 0x91, 0xfe, 0x39, 0x01, 0xc7, 0xfe, 0x39, 0x01, 0xc7, 0x91, 0x01,
  0x64, 0x00, 0x00, 0x00, 0x00, 0x03, 0x00, 0x44, 0xff, 0x39, 0x04, 0x71, 0x06, 0x7d, 0x00, 0x2c,
  0x00, 0x34, 0x00, 0x3d, 0x00, 0xec, 0x00, 0xb2, 0x2a, 0x00, 0x00, 0x2b, 0xb0, 0x27, 0x33, 0xb1,
  0x04, 0x05, 0xe9, 0xb0, 0x35, 0x32, 0xb2, 0x2a, 0x04, 0x0a, 0x2b, 0xb3, 0x40, 0x2a, 0x29, 0x09,
  0x2b, 0xb2, 0x0e, 0x02, 0x00, 0x2b, 0xb0, 0x11, 0x33, 0xb1, 0x32, 0x05, 0xe9, 0xb0, 0x18, 0x32,
  0xb2, 0x0e, 0x32, 0x0a, 0x2b, 0xb3, 0x40, 0x0e, 0x0f, 0x09, 0x2b, 0x01, 0xb0, 0x3e, 0x2f, 0xb0,
  0x09, 0xd6, 0xb1, 0x2d, 0x11, 0xe9, 0xb0, 0x00, 0x20, 0xd6, 0x11, 0xb1, 0x01, 0x11, 0xe9, 0xb0,
  0x2d, 0x10, 0xb1, 0x29, 0x01, 0x2b, 0xb2, 0x04, 0x0e, 0x31, 0x32, 0x32, 0x32, 0xb4, 0x28, 0x0e,
  0x00, 0x0f, 0x04, 0x2b, 0xb2, 0x10, 0x18, 0x3d, 0x32, 0x32, 0x32, 0xb0, 0x28, 0x10, 0xb1, 0x38,
  0x01, 0x2b, 0xb1, 0x22, 0x11, 0xe9, 0xb0, 0x15, 0x20, 0xd6, 0x11, 0xb1, 0x14, 0x11, 0xe9, 0xb1,
  0x3f, 0x01, 0x2b, 0xb0, 0x36, 0x1a, 0xba, 0xed, 0xc1, 0xc2, 0xa8, 0x00, 0x15, 0x2b, 0x0a, 0x04,
  0xb0, 0x3d, 0x2e, 0x0e, 0xb0, 0x3b, 0xc0, 0xb1, 0x1a, 0x10, 0xf9, 0xb0, 0x1c, 0xc0, 0xb3, 0x1b,
  0x1a, 0x1c, 0x13, 0x2b, 0xb0, 0x3d, 0x10, 0xb3, 0x3c, 0x3d, 0x3b, 0x13, 0x2b, 0xb2, 0x1b, 0x1a,
  0x1c, 0x20, 0x8a, 0x20, 0x8a, 0x23, 0x06, 0x0e, 0x11, 0x12, 0x39, 0xb2, 0x3c, 0x3d, 0x3b, 0x11,
  0x12, 0x39, 0x00, 0xb5, 0x1a, 0x3d, 0x1b, 0x1c, 0x3b, 0x3c, 0x2e, 0x2e, 0x2e, 0x2e, 0x2e, 0x2e,
  0x01, 0xb4, 0x1a, 0x1b, 0x1c, 0x3b, 0x3c, 0x2e, 0x2e, 0x2e, 0x2e, 0x2e, 0xb0, 0x40, 0x1a, 0x01,
  0x00, 0xb1, 0x32, 0x04, 0x11, 0x12, 0xb5, 0x00, 0x09, 0x14, 0x22, 0x31, 0x36, 0x24, 0x17, 0x39,
  0x30, 0x31, 0x13, 0x33, 0x1e, 0x01, 0x17, 0x11, 0x27, 0x2e, 0x01, 0x35, 0x34, 0x3e, 0x02, 0x37,
  0x35, 0x33, 0x15, 0x1e, 0x01, 0x07, 0x23, 0x2e, 0x01, 0x27, 0x11, 0x17, 0x1e, 0x06, 0x15, 0x14,
  0x0e, 0x02, 0x07, 0x15, 0x23, 0x35, 0x26, 0x00, 0x13, 0x14, 0x16, 0x1f, 0x01, 0x11, 0x0e, 0x01,
  0x01, 0x3e, 0x01, 0x35, 0x34, 0x2e, 0x02, 0x27, 0x44, 0xc0, 0x03, 0xa0, 0x74, 0x2d, 0xb1, 0xd3,
  0x49, 0x7a, 0x99, 0x55, 0x70, 0xd3, 0xf3, 0x03, 0xc1, 0x03, 0x90, 0x6f, 0x1f, 0x37, 0x53, 0x64,
  0x48, 0x48, 0x2d, 0x1c, 0x4d, 0x87, 0xad, 0x65, 0x70, 0xd5, 0xfe, 0xfb, 0xea, 0x75, 0x79, 0x02,
  0x64, 0x8c, 0x01, 0x60, 0x7e, 0xa7, 0x26, 0x54, 0x60, 0x4b, 0x01, 0xd7, 0x99, 0xac, 0x0f, 0x02,
  0x2b, 0x0c, 0x31, 0xd4, 0xa3, 0x55, 0x90, 0x5f, 0x39, 0x08, 0x96, 0x96, 0x0f, 0xf8, 0xc9, 0x93,
  0x95, 0x0d, 0xfe, 0x04, 0x08, 0x0f, 0x1b, 0x2a, 0x2d, 0x42, 0x4c, 0x66, 0x3b, 0x64, 0xa2, 0x69,
  0x3c, 0x06, 0xae, 0xae, 0x13, 0x01, 0x12, 0x03, 0x58, 0x5b, 0x76, 0x24, 0x02, 0x01, 0xe1, 0x07,
  0x78, 0xfb, 0xb2, 0x08, 0x80, 0x72, 0x40, 0x5a, 0x3f, 0x26, 0x15, 0x00, 0x00, 0x05, 0x00, 0x4c,
  0xff, 0xf2, 0x07, 0xb8, 0x05, 0xdb, 0x00, 0x09, 0x00, 0x15, 0x00, 0x19, 0x00, 0x23, 0x00, 0x2f,
  0x00, 0xb0, 0x00, 0xb2, 0x22, 0x00, 0x00, 0x2b, 0xb0, 0x16, 0x33, 0xb4, 0x27, 0x04, 0x00, 0x11,
  0x04, 0x2b, 0xb2, 0x03, 0x02, 0x00, 0x2b, 0xb0, 0x17, 0x33, 0xb4, 0x13, 0x04, 0x00, 0x11, 0x04,
  0x2b, 0xb4, 0x08, 0x0d, 0x22, 0x03, 0x0d, 0x2b, 0xb4, 0x08, 0x04, 0x00, 0x11, 0x04, 0x2b, 0xb4,
  0x1d, 0x2d, 0x22, 0x03, 0x0d, 0x2b, 0xb4, 0x1d, 0x04, 0x00, 0x11, 0x04, 0x2b, 0x01, 0xb0, 0x30,
  0x2f, 0xb0, 0x01, 0xd6, 0xb1, 0x0a, 0x0e, 0xe9, 0xb0, 0x0a, 0x10, 0xb1, 0x10, 0x01, 0x2b, 0xb1,
  0x06, 0x0e, 0xe9, 0xb0, 0x06, 0x10, 0xb1, 0x1b, 0x01, 0x2b, 0xb1, 0x24, 0x0e, 0xe9, 0xb0, 0x24,
  0x10, 0xb1, 0x2a, 0x01, 0x2b, 0xb1, 0x20, 0x0e, 0xe9, 0xb1, 0x31, 0x01, 0x2b, 0xb1, 0x10, 0x0a,
  0x11, 0x12, 0xb2, 0x08, 0x03, 0x16, 0x39, 0x39, 0x39, 0xb0, 0x06, 0x11, 0xb0, 0x19, 0x39, 0xb1,
  0x24, 0x1b, 0x11, 0x12, 0xb0, 0x17, 0x39, 0xb0, 0x2a, 0x11, 0xb2, 0x1d, 0x22, 0x18, 0x39, 0x39,
  0x39, 0x00, 0xb1, 0x08, 0x27, 0x11, 0x12, 0xb5, 0x1a, 0x1b, 0x1f, 0x20, 0x24, 0x2a, 0x24, 0x17,
  0x39, 0xb1, 0x13, 0x1d, 0x11, 0x12, 0xb5, 0x00, 0x05, 0x06, 0x01, 0x10, 0x0a, 0x24, 0x17, 0x39,
  0x30, 0x31, 0x12, 0x10, 0x36, 0x33, 0x32, 0x16, 0x10, 0x06, 0x23, 0x22, 0x03, 0x14, 0x16, 0x33,
  0x32, 0x36, 0x35, 0x34, 0x26, 0x23, 0x22, 0x06, 0x13, 0x01, 0x33, 0x01, 0x24, 0x10, 0x36, 0x33,
  0x32, 0x16, 0x10, 0x06, 0x23, 0x22, 0x03, 0x14, 0x16, 0x33, 0x32, 0x36, 0x35, 0x34, 0x26, 0x23,
  0x22, 0x06, 0x4c, 0xad, 0xa1, 0xa4, 0xae, 0xae, 0xa4, 0xa1, 0x12, 0x5d, 0x56, 0x59, 0x5d, 0x5d,
  0x59, 0x56, 0x5d, 0xb1, 0x04, 0x00, 0xce, 0xfc, 0x00, 0x02, 0xb3, 0xac, 0xa1, 0xa4, 0xae, 0xae,
  0xa4, 0xa1, 0x11, 0x5c, 0x56, 0x59, 0x5e, 0x5e, 0x59, 0x56, 0x5c, 0x03, 0x67, 0x01, 0x88, 0xec,
  0xeb, 0xfe, 0x76, 0xeb, 0x01, 0xb0, 0x99, 0xa6, 0xa6, 0x99, 0x9b, 0xa7, 0xa8, 0xfb, 0x3b, 0x05,
  0xcd, 0xfa, 0x33, 0xdd, 0x01, 0x8a, 0xeb, 0xeb, 0xfe, 0x76, 0xeb, 0x01, 0xb0, 0x99, 0xa7, 0xa7,
  0x99, 0x9a, 0xa7, 0xa7, 0x00, 0x03, 0x00, 0x39, 0xff, 0xe5, 0x05, 0xe1, 0x05, 0xe9, 0x00, 0x1f,
  0x00, 0x27, 0x00, 0x33, 0x00, 0x85, 0x00, 0xb2, 0x1a, 0x00, 0x00, 0x2b, 0xb2, 0x1d, 0x00, 0x00,
  0x2b, 0xb1, 0x23, 0x07, 0xe9, 0xb0, 0x31, 0x2f, 0xb1, 0x09, 0x05, 0xe9, 0x01, 0xb0, 0x34, 0x2f,
  0xb0, 0x00, 0xd6, 0xb1, 0x20, 0x12, 0xe9, 0xb0, 0x20, 0x10, 0xb1, 0x06, 0x01, 0x2b, 0xb1, 0x28,
  0x12, 0xe9, 0xb0, 0x28, 0x10, 0xb1, 0x2e, 0x01, 0x2b, 0xb1, 0x0f, 0x10, 0xe9, 0xb0, 0x0f, 0x10,
  0xb1, 0x15, 0x01, 0x2b, 0xb1, 0x16, 0x11, 0xe9, 0xb1, 0x35, 0x01, 0x2b, 0xb1, 0x28, 0x06, 0x11,
  0x12, 0xb0, 0x03, 0x39, 0xb0, 0x2e, 0x11, 0xb4, 0x09, 0x1d, 0x23, 0x26, 0x12, 0x24, 0x17, 0x39,
  0xb0, 0x0f, 0x12, 0xb1, 0x13, 0x25, 0x39, 0x39, 0xb0, 0x15, 0x11, 0xb1, 0x14, 0x1b, 0x39, 0x39,
  0xb0, 0x16, 0x12, 0xb1, 0x18, 0x1a, 0x39, 0x39, 0x00, 0xb1, 0x31, 0x23, 0x11, 0x12, 0xb6, 0x00,
  0x06, 0x0f, 0x18, 0x1b, 0x26, 0x2b, 0x24, 0x17, 0x39, 0x30, 0x31, 0x13, 0x34, 0x36, 0x37, 0x2e,
  0x01, 0x35, 0x34, 0x36, 0x33, 0x32, 0x1e, 0x03, 0x15, 0x14, 0x06, 0x07, 0x01, 0x36, 0x37, 0x33,
  0x06, 0x07, 0x01, 0x21, 0x27, 0x06, 0x21, 0x22, 0x24, 0x37, 0x14, 0x16, 0x33, 0x32, 0x37, 0x01,
  0x04, 0x13, 0x14, 0x1f, 0x01, 0x3e, 0x01, 0x35, 0x34, 0x26, 0x23, 0x22, 0x06, 0x39, 0xc8, 0xaf,
  0x50, 0x54, 0xe0, 0xb0, 0x38, 0x69, 0x65, 0x4a, 0x2d, 0xa4, 0x90, 0x01, 0x2d, 0x3d, 0x0b, 0xc1,
  0x13, 0x72, 0x01, 0x4b, 0xfe, 0xf4, 0xb4, 0xcf, 0xfe, 0xd5, 0xdf, 0xfe, 0xf1, 0xc7, 0xae, 0x79,
  0xea, 0x99, 0xfe, 0x73, 0xfe, 0xe3, 0xd3, 0xa0, 0x04, 0x6d, 0x82, 0x6d, 0x59, 0x55, 0x78, 0x01,
  0x98, 0xa4, 0xe7, 0x3b, 0x5d, 0xa0, 0x53, 0x8f, 0xac, 0x14, 0x30, 0x47, 0x6f, 0x45, 0x86, 0xc0,
  0x3b, 0xfe, 0xc0, 0x94, 0xa8, 0xfd, 0xc8, 0xfe, 0xa0, 0xc1, 0xdc, 0xf8, 0xc3, 0x7d, 0x9c, 0xb6,
  0x01, 0xaa, 0x66, 0x02, 0x3b, 0x74, 0xa4, 0x06, 0x27, 0x8c, 0x57, 0x56, 0x50, 0x4b, 0x00, 0x00,
  0x00, 0x01, 0x00, 0x37, 0x03, 0xe1, 0x01, 0x08, 0x05, 0xcd, 0x00, 0x03, 0x00, 0x22, 0x00, 0xb2,
  0x00, 0x02, 0x00, 0x2b, 0xb4, 0x03, 0x0c, 0x00, 0x09, 0x04, 0x2b, 0x01, 0xb0, 0x04, 0x2f, 0xb0,
  0x03, 0xd6, 0xb4, 0x02, 0x0e, 0x00, 0x0f, 0x04, 0x2b, 0xb1, 0x05, 0x01, 0x2b, 0x00, 0x30, 0x31,
  0x13, 0x33, 0x03, 0x23, 0x37, 0xd1, 0x29, 0x7f, 0x05, 0xcd, 0xfe, 0x14, 0x00, 0x01, 0x00, 0x42,
  0xfe, 0x9a, 0x01, 0xf6, 0x05, 0xcd, 0x00, 0x10, 0x00, 0x1b, 0x00, 0xb2, 0x05, 0x02, 0x00, 0x2b,
  0xb0, 0x0d, 0x2f, 0x01, 0xb0, 0x11, 0x2f, 0xb0, 0x01, 0xd6, 0xb1, 0x09, 0x11, 0xe9, 0xb1, 0x12,
  0x01, 0x2b, 0x00, 0x30, 0x31, 0x12, 0x10, 0x12, 0x3e, 0x01, 0x37, 0x33, 0x06, 0x02, 0x11, 0x10,
  0x12, 0x17, 0x23, 0x2e, 0x02, 0x42, 0x33, 0x57, 0x5c, 0x34, 0x9a, 0x6e, 0x86, 0x86, 0x6e, 0x9a,
  0x33, 0x5d, 0x57, 0x01, 0x9f, 0x01, 0x28, 0x01, 0x20, 0xe9, 0xb4, 0x49, 0xb3, 0xfe, 0x2b, 0xfe,
  0xee, 0xfe, 0xf0, 0xfe, 0x29, 0xb2, 0x49, 0xb4, 0xe9, 0x00, 0x00, 0x00, 0x00, 0x01, 0x00, 0x00,
  0xfe, 0x9a, 0x01, 0xb4, 0x05, 0xcd, 0x00, 0x10, 0x00, 0x1b, 0x00, 0xb2, 0x06, 0x02, 0x00, 0x2b,
  0xb0, 0x00, 0x2f, 0x01, 0xb0, 0x11, 0x2f, 0xb0, 0x03, 0xd6, 0xb1, 0x0c, 0x11, 0xe9, 0xb1, 0x12,
  0x01, 0x2b, 0x00, 0x30, 0x31, 0x11, 0x36, 0x12, 0x11, 0x10, 0x02, 0x27, 0x33, 0x1e, 0x02, 0x12,
  0x10, 0x02, 0x0e, 0x01, 0x07, 0x6e, 0x86, 0x86, 0x6e, 0x9a, 0x34, 0x5c, 0x57, 0x33, 0x33, 0x57,
  0x5d, 0x33, 0xfe, 0x9a, 0xb2, 0x01, 0xd7, 0x01, 0x10, 0x01, 0x12, 0x01, 0xd5, 0xb3, 0x49, 0xb4,
  0xe9, 0xfe, 0xe0, 0xfe, 0xd8, 0xfe, 0xe1, 0xe9, 0xb4, 0x49, 0x00, 0x00, 0x00, 0x01, 0x00, 0x17,
  0x03, 0x5e, 0x02, 0xba, 0x05, 0xcd, 0x00, 0x0e, 0x00, 0x35, 0x00, 0xb2, 0x03, 0x02, 0x00, 0x2b,
  0xb4, 0x0c, 0x0c, 0x00, 0x07, 0x04, 0x2b, 0xb0, 0x0a, 0x32, 0x01, 0xb0, 0x0f, 0x2f, 0xb0, 0x02,
  0xd6, 0xb4, 0x05, 0x0e, 0x00, 0x0f, 0x04, 0x2b, 0xb1, 0x10, 0x01, 0x2b, 0xb1, 0x05, 0x02, 0x11,
  0x12, 0xb0, 0x0b, 0x39, 0x00, 0xb1, 0x03, 0x0c, 0x11, 0x12, 0xb0, 0x0b, 0x39, 0x30, 0x31, 0x13,
  0x37, 0x17, 0x35, 0x33, 0x15, 0x37, 0x17, 0x07, 0x17, 0x07, 0x27, 0x07, 0x27, 0x37, 0x17, 0x28,
  0xe8, 0x7d, 0xe7, 0x2f, 0xeb, 0x8d, 0x5e, 0x98, 0x8b, 0x6c, 0x8f, 0x04, 0xbe, 0x73, 0x58, 0xf4,
  0xf4, 0x58, 0x73, 0x51, 0xc7, 0x48, 0xcf, 0xcf, 0x46, 0xc9, 0x00, 0x00, 0x00, 0x01, 0x00, 0x8b,
  0x00, 0x00, 0x04, 0xe3, 0x04, 0x42, 0x00, 0x0b, 0x00, 0x4c, 0x00, 0xb2, 0x0a, 0x00, 0x00, 0x2b,
  0xb0, 0x00, 0x2f, 0xb0, 0x07, 0x33, 0xb1, 0x01, 0x0a, 0xe9, 0xb0, 0x05, 0x32, 0xb2, 0x01, 0x00,
  0x0a, 0x2b, 0xb3, 0x40, 0x01, 0x03, 0x09, 0x2b, 0x01, 0xb0, 0x0c, 0x2f, 0xb0, 0x0a, 0xd6, 0xb0,
  0x02, 0x32, 0xb1, 0x09, 0x10, 0xe9, 0xb0, 0x04, 0x32, 0xb2, 0x09, 0x0a, 0x0a, 0x2b, 0xb3, 0x40,
  0x09, 0x07, 0x09, 0x2b, 0xb2, 0x0a, 0x09, 0x0a, 0x2b, 0xb3, 0x40, 0x0a, 0x00, 0x09, 0x2b, 0xb1,
  0x0d, 0x01, 0x2b, 0x00, 0x30, 0x31, 0x13, 0x35, 0x21, 0x11, 0x33, 0x11, 0x21, 0x15, 0x21, 0x11,
  0x23, 0x11, 0x8b, 0x01, 0xcf, 0xba, 0x01, 0xcf, 0xfe, 0x31, 0xba, 0x01, 0xcf, 0xb0, 0x01, 0xc3,
  0xfe, 0x3d, 0xb0, 0xfe, 0x31, 0x01, 0xcf, 0x00, 0x00, 0x01, 0x00, 0x7d, 0xfe, 0xe3, 0x01, 0x71,
  0x00, 0xec, 0x00, 0x06, 0x00, 0x36, 0x00, 0xb2, 0x02, 0x00, 0x00, 0x2b, 0xb1, 0x03, 0x0c, 0xe9,
  0xb2, 0x02, 0x03, 0x0a, 0x2b, 0xb3, 0x40, 0x02, 0x06, 0x09, 0x2b, 0xb2, 0x05, 0x00, 0x00, 0x2b,
  0x01, 0xb0, 0x07, 0x2f, 0xb0, 0x02, 0xd6, 0xb1, 0x05, 0x17, 0xe9, 0xb1, 0x08, 0x01, 0x2b, 0xb1,
  0x05, 0x02, 0x11, 0x12, 0xb1, 0x01, 0x06, 0x39, 0x39, 0x00, 0x30, 0x31, 0x1b, 0x01, 0x23, 0x35,
  0x33, 0x15, 0x03, 0x7d, 0x6c, 0x64, 0xec, 0x7d, 0xfe, 0xe3, 0x01, 0x1d, 0xec, 0xfc, 0xfe, 0xf3,
  0x00, 0x01, 0x00, 0x58, 0x01, 0xd9, 0x02, 0xe3, 0x02, 0x89, 0x00, 0x03, 0x00, 0x22, 0x00, 0xb0,
  0x00, 0x2f, 0xb1, 0x01, 0x0a, 0xe9, 0xb1, 0x01, 0x0a, 0xe9, 0x01, 0xb0, 0x04, 0x2f, 0xb1, 0x00,
  0x01, 0x2b, 0xb4, 0x03, 0x17, 0x00, 0x07, 0x04, 0x2b, 0xb1, 0x05, 0x01, 0x2b, 0x00, 0x30, 0x31,
  0x13, 0x35, 0x21, 0x15, 0x58, 0x02, 0x8b, 0x01, 0xd9, 0xb0, 0xb0, 0x00, 0x00, 0x01, 0x00, 0x85,
  0x00, 0x00, 0x01, 0x71, 0x00, 0xec, 0x00, 0x03, 0x00, 0x29, 0x00, 0xb2, 0x00, 0x00, 0x00, 0x2b,
  0xb1, 0x01, 0x0c, 0xe9, 0xb2, 0x00, 0x00, 0x00, 0x2b, 0xb1, 0x01, 0x0c, 0xe9, 0x01, 0xb0, 0x04,
  0x2f, 0xb0, 0x00, 0xd6, 0xb1, 0x03, 0x17, 0xe9, 0xb1, 0x03, 0x17, 0xe9, 0xb1, 0x05, 0x01, 0x2b,
  0x00, 0x30, 0x31, 0x33, 0x35, 0x33, 0x15, 0x85, 0xec, 0xec, 0xec, 0x00, 0x00, 0x01, 0x00, 0x00,
  0x00, 0x00, 0x03, 0x04, 0x05, 0xcd, 0x00, 0x03, 0x00, 0x16, 0x00, 0xb2, 0x00, 0x00, 0x00, 0x2b,
  0xb2, 0x01, 0x02, 0x00, 0x2b, 0x01, 0xb0, 0x04, 0x2f, 0xb1, 0x05, 0x01, 0x2b, 0x00, 0x30, 0x31,
  0x31, 0x01, 0x33, 0x01, 0x02, 0x48, 0xbc, 0xfd, 0xb6, 0x05, 0xcd, 0xfa, 0x33, 0x00, 0x00, 0x00,
  0x00, 0x02, 0x00, 0x62, 0xff, 0xe5, 0x04, 0xe5, 0x05, 0xe7, 0x00, 0x11, 0x00, 0x1b, 0x00, 0x44,
  0x00, 0xb2, 0x0d, 0x00, 0x00, 0x2b, 0xb1, 0x15, 0x05, 0xe9, 0xb2, 0x04, 0x02, 0x00, 0x2b, 0xb1,
  0x1a, 0x05, 0xe9, 0x01, 0xb0, 0x1c, 0x2f, 0xb0, 0x00, 0xd6, 0xb1, 0x12, 0x12, 0xe9, 0xb0, 0x12,
  0x10, 0xb1, 0x17, 0x01, 0x2b, 0xb1, 0x09, 0x12, 0xe9, 0xb1, 0x1d, 0x01, 0x2b, 0xb1, 0x17, 0x12,
  0x11, 0x12, 0xb1, 0x0d, 0x04, 0x39, 0x39, 0x00, 0xb1, 0x1a, 0x15, 0x11, 0x12, 0xb1, 0x09, 0x00,
  0x39, 0x39, 0x30, 0x31, 0x13, 0x34, 0x12, 0x24, 0x33, 0x32, 0x1e, 0x01, 0x12, 0x15, 0x14, 0x02,
  0x04, 0x23, 0x22, 0x2e, 0x01, 0x02, 0x37, 0x10, 0x12, 0x20, 0x12, 0x11, 0x10, 0x02, 0x20, 0x02,
  0x62, 0x7a, 0x01, 0x06, 0xc2, 0x92, 0xdd, 0x8c, 0x46, 0x7a, 0xfe, 0xfb, 0xc2, 0x92, 0xdd, 0x8d,
  0x46, 0xc7, 0xc8, 0x01, 0x66, 0xc8, 0xc8, 0xfe, 0x9a, 0xc8, 0x02, 0xe7, 0xee, 0x01, 0x53, 0xbf,
  0x6b, 0xca, 0xfe, 0xe7, 0xb2, 0xef, 0xfe, 0xac, 0xbf, 0x6c, 0xca, 0x01, 0x19, 0xb3, 0xfe, 0xd0,
  0xfe, 0xca, 0x01, 0x36, 0x01, 0x30, 0x01, 0x2f, 0x01, 0x36, 0xfe, 0xca, 0x00, 0x01, 0x00, 0x19,
  0x00, 0x00, 0x02, 0x2b, 0x05, 0xcd, 0x00, 0x08, 0x00, 0x3e, 0x00, 0xb2, 0x07, 0x00, 0x00, 0x2b,
  0xb2, 0x04, 0x02, 0x00, 0x2b, 0xb4, 0x01, 0x00, 0x07, 0x04, 0x0d, 0x2b, 0xb4, 0x01, 0x04, 0x00,
  0x1d, 0x04, 0x2b, 0x01, 0xb0, 0x09, 0x2f, 0xb0, 0x07, 0xd6, 0xb1, 0x06, 0x10, 0xe9, 0xb2, 0x07,
  0x06, 0x0a, 0x2b, 0xb3, 0x40, 0x07, 0x00, 0x09, 0x2b, 0xb1, 0x0a, 0x01, 0x2b, 0xb1, 0x06, 0x07,
  0x11, 0x12, 0xb0, 0x04, 0x39, 0x00, 0x30, 0x31, 0x13, 0x35, 0x3e, 0x01, 0x37, 0x33, 0x11, 0x23,
  0x11, 0x19, 0xac, 0xad, 0x3a, 0x7f, 0xba, 0x04, 0x89, 0x7f, 0x06, 0x4c, 0x73, 0xfa, 0x33, 0x04,
  0x89, 0x00, 0x00, 0x00, 0x00, 0x01, 0x00, 0x3d, 0x00, 0x00, 0x04, 0x6a, 0x05, 0xe7, 0x00, 0x1e,
  0x00, 0x6b, 0x00, 0xb2, 0x00, 0x00, 0x00, 0x2b, 0xb1, 0x1c, 0x0a, 0xe9, 0xb2, 0x12, 0x02, 0x00,
  0x2b, 0xb1, 0x09, 0x05, 0xe9, 0xb2, 0x09, 0x12, 0x0a, 0x2b, 0xb3, 0x40, 0x09, 0x0f, 0x09, 0x2b,
  0x01, 0xb0, 0x1f, 0x2f, 0xb0, 0x0f, 0xd6, 0xb1, 0x0e, 0x11, 0xe9, 0xb0, 0x0e, 0x10, 0xb1, 0x06,
  0x01, 0x2b, 0xb1, 0x15, 0x12, 0xe9, 0xb2, 0x15, 0x06, 0x0a, 0x2b, 0xb3, 0x40, 0x15, 0x1e, 0x09,
  0x2b, 0xb2, 0x06, 0x15, 0x0a, 0x2b, 0xb3, 0x40, 0x06, 0x00, 0x09, 0x2b, 0xb1, 0x20, 0x01, 0x2b,
  0xb1, 0x06, 0x0e, 0x11, 0x12, 0xb1, 0x12, 0x1c, 0x39, 0x39, 0x00, 0xb1, 0x1c, 0x00, 0x11, 0x12,
  0xb0, 0x01, 0x39, 0xb0, 0x09, 0x11, 0xb1, 0x06, 0x15, 0x39, 0x39, 0x30, 0x31, 0x33, 0x35, 0x36,
  0x24, 0x3e, 0x01, 0x35, 0x34, 0x26, 0x23, 0x22, 0x0e, 0x02, 0x07, 0x23, 0x26, 0x00, 0x33, 0x32,
  0x04, 0x15, 0x14, 0x0e, 0x04, 0x07, 0x21, 0x15, 0x3d, 0xd3, 0x01, 0x1d, 0xe4, 0x6c, 0x95, 0x82,
  0x3f, 0x6d, 0x5b, 0x37, 0x01, 0xc1, 0x03, 0x01, 0x1b, 0xec, 0xd3, 0x01, 0x05, 0x37, 0x6d, 0x85,
  0xbb, 0xb0, 0x73, 0x03, 0x2f, 0xa8, 0x9c, 0xec, 0xec, 0xce, 0x60, 0x75, 0x8d, 0x24, 0x4c, 0x85,
  0x59, 0xdd, 0x01, 0x0c, 0xce, 0xb7, 0x54, 0xa8, 0xa2, 0x97, 0xa3, 0x8a, 0x52, 0xae, 0x00, 0x00,
  0x00, 0x01, 0x00, 0x2f, 0xff, 0xe5, 0x04, 0x58, 0x05, 0xe7, 0x00, 0x2f, 0x00, 0xa2, 0x00, 0xb2,
  0x2b, 0x00, 0x00, 0x2b, 0xb1, 0x04, 0x05, 0xe9, 0xb2, 0x04, 0x2b, 0x0a, 0x2b, 0xb3, 0x40, 0x04,
  0x00, 0x09, 0x2b, 0xb2, 0x1c, 0x02, 0x00, 0x2b, 0xb1, 0x15, 0x05, 0xe9, 0xb2, 0x15, 0x1c, 0x0a,
  0x2b, 0xb3, 0x40, 0x15, 0x19, 0x09, 0x2b, 0xb4, 0x0e, 0x0d, 0x2b, 0x1c, 0x0d, 0x2b, 0xb1, 0x0e,
  0x09, 0xe9, 0x01, 0xb0, 0x30, 0x2f, 0xb0, 0x19, 0xd6, 0xb1, 0x18, 0x11, 0xe9, 0xb0, 0x18, 0x10,
  0xb0, 0x01, 0x20, 0xd6, 0x11, 0xb1, 0x00, 0x11, 0xe9, 0xb0, 0x00, 0x2f, 0xb1, 0x01, 0x11, 0xe9,
  0xb0, 0x18, 0x10, 0xb1, 0x06, 0x01, 0x2b, 0xb1, 0x26, 0x12, 0xe9, 0xb0, 0x12, 0x20, 0xd6, 0x11,
  0xb1, 0x21, 0x12, 0xe9, 0xb2, 0x12, 0x21, 0x0a, 0x2b, 0xb3, 0x40, 0x12, 0x0d, 0x09, 0x2b, 0xb1,
  0x31, 0x01, 0x2b, 0xb1, 0x19, 0x00, 0x11, 0x12, 0xb0, 0x2f, 0x39, 0xb1, 0x12, 0x18, 0x11, 0x12,
  0xb4, 0x04, 0x03, 0x1c, 0x24, 0x2b, 0x24, 0x17, 0x39, 0x00, 0xb1, 0x0d, 0x04, 0x11, 0x12, 0xb0,
  0x26, 0x39, 0xb0, 0x0e, 0x11, 0xb0, 0x24, 0x39, 0xb0, 0x15, 0x12, 0xb0, 0x21, 0x39, 0x30, 0x31,
  0x13, 0x33, 0x1e, 0x01, 0x20, 0x36, 0x35, 0x34, 0x2e, 0x03, 0x2b, 0x01, 0x35, 0x33, 0x32, 0x36,
  0x35, 0x34, 0x26, 0x23, 0x22, 0x06, 0x07, 0x23, 0x36, 0x24, 0x33, 0x32, 0x1e, 0x02, 0x15, 0x14,
  0x06, 0x07, 0x04, 0x11, 0x14, 0x0e, 0x02, 0x23, 0x22, 0x2e, 0x02, 0x2f, 0xc1, 0x10, 0xab, 0x01,
  0x2e, 0xb8, 0x2c, 0x4c, 0x6e, 0x7c, 0x4a, 0x1e, 0x18, 0xc6, 0xc5, 0xa3, 0x7d, 0x91, 0xa7, 0x0c,
  0xc0, 0x12, 0x01, 0x12, 0xe4, 0x64, 0xa9, 0x87, 0x4d, 0x7e, 0x74, 0x01, 0x1b, 0x58, 0x96, 0xbf,
  0x6c, 0x7e, 0xc7, 0x7d, 0x46, 0x01, 0xb6, 0x8e, 0xa7, 0x98, 0x87, 0x3e, 0x62, 0x3f, 0x2a, 0x11,
  0xaa, 0x76, 0x80, 0x73, 0x7f, 0x9e, 0x83, 0xc9, 0xf3, 0x2a, 0x56, 0x95, 0x63, 0x73, 0xb6, 0x2f,
  0x5a, 0xfe, 0xe5, 0x6d, 0xad, 0x6b, 0x38, 0x4b, 0x82, 0xa4, 0x00, 0x00, 0x00, 0x02, 0x00, 0x23,
  0x00, 0x00, 0x04, 0xd1, 0x05, 0xcd, 0x00, 0x0a, 0x00, 0x0d, 0x00, 0x58, 0x00, 0xb2, 0x09, 0x00,
  0x00, 0x2b, 0xb2, 0x02, 0x02, 0x00, 0x2b, 0xb4, 0x00, 0x0b, 0x09, 0x02, 0x0d, 0x2b, 0xb0, 0x04,
  0x33, 0xb1, 0x00, 0x0a, 0xe9, 0xb0, 0x06, 0x32, 0x01, 0xb0, 0x0e, 0x2f, 0xb0, 0x09, 0xd6, 0xb0,
  0x0c, 0x32, 0xb1, 0x08, 0x10, 0xe9, 0xb0, 0x03, 0x32, 0xb2, 0x08, 0x09, 0x0a, 0x2b, 0xb3, 0x40,
  0x08, 0x06, 0x09, 0x2b, 0xb2, 0x09, 0x08, 0x0a, 0x2b, 0xb3, 0x40, 0x09, 0x00, 0x09, 0x2b, 0xb1,
  0x0f, 0x01, 0x2b, 0x00, 0xb1, 0x0b, 0x00, 0x11, 0x12, 0xb0, 0x01, 0x39, 0xb0, 0x02, 0x11, 0xb0,
  0x0d, 0x39, 0x30, 0x31, 0x13, 0x35, 0x01, 0x33, 0x11, 0x21, 0x15, 0x21, 0x11, 0x23, 0x11, 0x25,
  0x21, 0x11, 0x23, 0x02, 0xdf, 0xbf, 0x01, 0x10, 0xfe, 0xf0, 0xbd, 0xfd, 0xee, 0x02, 0x12, 0x01,
  0x6f, 0xb0, 0x03, 0xae, 0xfc, 0x52, 0xb0, 0xfe, 0x91, 0x01, 0x6f, 0xb0, 0x02, 0xae, 0x00, 0x00,
  0x00, 0x01, 0x00, 0x5a, 0xff, 0xe5, 0x04, 0x7b, 0x05, 0xcd, 0x00, 0x24, 0x00, 0x94, 0x00, 0xb2,
  0x20, 0x00, 0x00, 0x2b, 0xb1, 0x03, 0x05, 0xe9, 0xb2, 0x03, 0x20, 0x0a, 0x2b, 0xb3, 0x40, 0x03,
  0x00, 0x09, 0x2b, 0xb2, 0x10, 0x02, 0x00, 0x2b, 0xb1, 0x13, 0x0a, 0xe9, 0xb4, 0x16, 0x0b, 0x20,
  0x10, 0x0d, 0x2b, 0xb1, 0x16, 0x07, 0xe9, 0x01, 0xb0, 0x25, 0x2f, 0xb0, 0x00, 0xd6, 0xb1, 0x01,
  0x11, 0xe9, 0xb0, 0x01, 0x10, 0xb1, 0x06, 0x01, 0x2b, 0xb1, 0x1b, 0x12, 0xe9, 0xb1, 0x26, 0x01,
  0x2b, 0xb0, 0x36, 0x1a, 0xba, 0x3f, 0x8a, 0xf8, 0x52, 0x00, 0x15, 0x2b, 0x0a, 0xb0, 0x10, 0x2e,
  0x0e, 0xb0, 0x0f, 0xc0, 0x05, 0xb1, 0x13, 0x09, 0xf9, 0x0e, 0xb0, 0x14, 0xc0, 0x00, 0xb1, 0x0f,
  0x14, 0x2e, 0x2e, 0x01, 0xb3, 0x0f, 0x10, 0x13, 0x14, 0x2e, 0x2e, 0x2e, 0x2e, 0xb0, 0x40, 0x1a,
  0x01, 0xb1, 0x06, 0x01, 0x11, 0x12, 0xb2, 0x0e, 0x16, 0x20, 0x39, 0x39, 0x39, 0xb0, 0x1b, 0x11,
  0xb1, 0x11, 0x12, 0x39, 0x39, 0x00, 0xb1, 0x0b, 0x03, 0x11, 0x12, 0xb1, 0x0e, 0x1b, 0x39, 0x39,
  0x30, 0x31, 0x13, 0x33, 0x12, 0x21, 0x32, 0x36, 0x35, 0x34, 0x2e, 0x02, 0x23, 0x22, 0x06, 0x07,
  0x27, 0x13, 0x21, 0x15, 0x21, 0x03, 0x36, 0x33, 0x32, 0x1e, 0x02, 0x15, 0x14, 0x0e, 0x02, 0x23,
  0x22, 0x2e, 0x02, 0x5a, 0xc1, 0x2f, 0x01, 0x20, 0x8c, 0xc0, 0x3a, 0x61, 0x74, 0x3f, 0x6a, 0x97,
  0x1d, 0xbb, 0x61, 0x03, 0x54, 0xfd, 0x43, 0x33, 0x73, 0xcc, 0x62, 0xb0, 0x87, 0x4f, 0x57, 0x94,
  0xbd, 0x69, 0x7d, 0xc4, 0x7c, 0x48, 0x01, 0xae, 0xfe, 0xd3, 0xc1, 0xa5, 0x59, 0x8b, 0x53, 0x2a,
  0x64, 0x40, 0x0a, 0x03, 0x1f, 0xae, 0xfe, 0x5a, 0x70, 0x45, 0x7f, 0xc5, 0x77, 0x7b, 0xc8, 0x7e,
  0x43, 0x4a, 0x82, 0x9f, 0x00, 0x02, 0x00, 0x62, 0xff, 0xe5, 0x04, 0x89, 0x05, 0xe7, 0x00, 0x1e,
  0x00, 0x2a, 0x00, 0x66, 0x00, 0xb2, 0x1c, 0x00, 0x00, 0x2b, 0xb1, 0x22, 0x05, 0xe9, 0xb2, 0x06,
  0x02, 0x00, 0x2b, 0xb1, 0x0f, 0x05, 0xe9, 0xb2, 0x0f, 0x06, 0x0a, 0x2b, 0xb3, 0x40, 0x0f, 0x0c,
  0x09, 0x2b, 0xb4, 0x15, 0x28, 0x1c, 0x06, 0x0d, 0x2b, 0xb1, 0x15, 0x07, 0xe9, 0x01, 0xb0, 0x2b,
  0x2f, 0xb0, 0x00, 0xd6, 0xb1, 0x12, 0x11, 0xe9, 0xb0, 0x12, 0x10, 0xb1, 0x25, 0x01, 0x2b, 0xb1,
  0x18, 0x12, 0xe9, 0xb1, 0x2c, 0x01, 0x2b, 0xb1, 0x25, 0x12, 0x11, 0x12, 0xb4, 0x0c, 0x06, 0x15,
  0x1c, 0x1f, 0x24, 0x17, 0x39, 0xb0, 0x18, 0x11, 0xb0, 0x0b, 0x39, 0x00, 0xb1, 0x28, 0x22, 0x11,
  0x12, 0xb2, 0x00, 0x18, 0x12, 0x39, 0x39, 0x39, 0x30, 0x31, 0x13, 0x34, 0x3e, 0x03, 0x33, 0x32,
  0x1e, 0x02, 0x17, 0x23, 0x2e, 0x01, 0x23, 0x22, 0x02, 0x03, 0x3e, 0x01, 0x33, 0x32, 0x00, 0x15,
  0x14, 0x0e, 0x01, 0x23, 0x20, 0x00, 0x37, 0x14, 0x16, 0x33, 0x32, 0x36, 0x35, 0x34, 0x26, 0x23,
  0x22, 0x06, 0x62, 0x25, 0x57, 0x83, 0xc8, 0x7d, 0x69, 0xa9, 0x6c, 0x41, 0x0c, 0xcb, 0x13, 0x93,
  0x71, 0xa8, 0xbc, 0x08, 0x37, 0xc4, 0x8c, 0xd0, 0x01, 0x0f, 0x7f, 0xf1, 0x9a, 0xfe, 0xee, 0xfe,
  0xf5, 0xd7, 0xb1, 0x93, 0x8f, 0xb7, 0xb6, 0x8e, 0x91, 0xb5, 0x02, 0xb2, 0x83, 0xe8, 0xd6, 0x99,
  0x5b, 0x3e, 0x6a, 0x80, 0x4a, 0x64, 0x73, 0xfe, 0xca, 0xfe, 0xf8, 0x5e, 0x71, 0xfe, 0xe6, 0xde,
  0x8b, 0xe8, 0x8d, 0x01, 0x6f, 0x87, 0x9b, 0xbf, 0xc2, 0x98, 0x99, 0xc7, 0xc6, 0x00, 0x00, 0x00,
  0x00, 0x01, 0x00, 0x17, 0x00, 0x00, 0x04, 0x1b, 0x05, 0xcd, 0x00, 0x0a, 0x00, 0x3c, 0x00, 0xb2,
  0x07, 0x00, 0x00, 0x2b, 0xb2, 0x01, 0x02, 0x00, 0x2b, 0xb1, 0x00, 0x0a, 0xe9, 0x01, 0xb0, 0x0b,
  0x2f, 0xb0, 0x07, 0xd6, 0xb1, 0x06, 0x17, 0xe9, 0xb2, 0x06, 0x07, 0x0a, 0x2b, 0xb3, 0x40, 0x06,
  0x03, 0x09, 0x2b, 0xb1, 0x0c, 0x01, 0x2b, 0xb1, 0x06, 0x07, 0x11, 0x12, 0xb0, 0x08, 0x39, 0x00,
  0xb1, 0x00, 0x07, 0x11, 0x12, 0xb0, 0x03, 0x39, 0x30, 0x31, 0x13, 0x35, 0x21, 0x15, 0x04, 0x00,
  0x03, 0x23, 0x12, 0x00, 0x25, 0x17, 0x04, 0x04, 0xfe, 0xeb, 0xfe, 0xba, 0x1a, 0xe1, 0x18, 0x01,
  0x4d, 0x01, 0x18, 0x05, 0x1f, 0xae, 0xae, 0xe0, 0xfd, 0x5e, 0xfe, 0x63, 0x01, 0x8a, 0x02, 0xa3,
  0xf2, 0x00, 0x00, 0x00, 0x00, 0x03, 0x00, 0x62, 0xff, 0xe5, 0x04, 0x9e, 0x05, 0xe7, 0x00, 0x1f,
  0x00, 0x2a, 0x00, 0x36, 0x00, 0x80, 0x00, 0xb2, 0x1c, 0x00, 0x00, 0x2b, 0xb1, 0x23, 0x05, 0xe9,
  0xb2, 0x0c, 0x02, 0x00, 0x2b, 0xb1, 0x34, 0x05, 0xe9, 0xb4, 0x2e, 0x28, 0x1c, 0x0c, 0x0d, 0x2b,
  0xb1, 0x2e, 0x04, 0xe9, 0x01, 0xb0, 0x37, 0x2f, 0xb0, 0x00, 0xd6, 0xb1, 0x20, 0x12, 0xe9, 0xb0,
  0x20, 0x10, 0xb0, 0x2b, 0x20, 0xd6, 0x11, 0xb1, 0x09, 0x10, 0xe9, 0xb0, 0x09, 0x2f, 0xb1, 0x2b,
  0x10, 0xe9, 0xb0, 0x20, 0x10, 0xb1, 0x26, 0x01, 0x2b, 0xb1, 0x18, 0x12, 0xe9, 0xb0, 0x31, 0x20,
  0xd6, 0x11, 0xb1, 0x0f, 0x10, 0xe9, 0xb1, 0x38, 0x01, 0x2b, 0xb1, 0x31, 0x2b, 0x11, 0x12, 0xb5,
  0x0c, 0x13, 0x1c, 0x23, 0x28, 0x05, 0x24, 0x17, 0x39, 0x00, 0xb1, 0x28, 0x23, 0x11, 0x12, 0xb1,
  0x18, 0x00, 0x39, 0x39, 0xb0, 0x2e, 0x11, 0xb1, 0x13, 0x05, 0x39, 0x39, 0xb0, 0x34, 0x12, 0xb1,
  0x0f, 0x09, 0x39, 0x39, 0x30, 0x31, 0x13, 0x34, 0x3e, 0x02, 0x37, 0x2e, 0x02, 0x35, 0x34, 0x24,
  0x33, 0x32, 0x04, 0x15, 0x14, 0x0e, 0x01, 0x07, 0x1e, 0x03, 0x15, 0x14, 0x0e, 0x01, 0x23, 0x22,
  0x2e, 0x01, 0x37, 0x14, 0x16, 0x33, 0x32, 0x36, 0x10, 0x26, 0x23, 0x22, 0x06, 0x13, 0x14, 0x16,
  0x33, 0x32, 0x36, 0x35, 0x34, 0x26, 0x23, 0x22, 0x06, 0x62, 0x19, 0x37, 0x66, 0x46, 0x46, 0x5f,
  0x28, 0x01, 0x0e, 0xe2, 0xe0, 0x01, 0x10, 0x28, 0x5f, 0x46, 0x45, 0x66, 0x36, 0x19, 0x90, 0xf3,
  0x9a, 0x9b, 0xf4, 0x90, 0xc7, 0xba, 0x9e, 0x9c, 0xbc, 0xbc, 0x9c, 0x9d, 0xbb, 0x23, 0xab, 0x8a,
  0x89, 0xaa, 0xa9, 0x8a, 0x8b, 0xaa, 0x01, 0xa2, 0x36, 0x66, 0x66, 0x57, 0x1c, 0x26, 0x76, 0x7a,
  0x40, 0xa7, 0xd3, 0xd4, 0xa6, 0x40, 0x7a, 0x76, 0x26, 0x1c, 0x57, 0x66, 0x66, 0x36, 0x8a, 0xcc,
  0x67, 0x67, 0xcc, 0x8a, 0x83, 0x9e, 0x9e, 0x01, 0x06, 0xa4, 0xa3, 0x02, 0x30, 0x72, 0x92, 0x92,
  0x72, 0x6e, 0x88, 0x88, 0x00, 0x02, 0x00, 0x56, 0xff, 0xe5, 0x04, 0x7d, 0x05, 0xe7, 0x00, 0x1d,
  0x00, 0x28, 0x00, 0x66, 0x00, 0xb2, 0x0c, 0x00, 0x00, 0x2b, 0xb1, 0x15, 0x05, 0xe9, 0xb2, 0x15,
  0x0c, 0x0a, 0x2b, 0xb3, 0x40, 0x15, 0x11, 0x09, 0x2b, 0xb2, 0x04, 0x02, 0x00, 0x2b, 0xb1, 0x27,
  0x05, 0xe9, 0xb4, 0x1b, 0x21, 0x0c, 0x04, 0x0d, 0x2b, 0xb1, 0x1b, 0x07, 0xe9, 0x01, 0xb0, 0x29,
  0x2f, 0xb0, 0x00, 0xd6, 0xb1, 0x1f, 0x12, 0xe9, 0xb0, 0x1f, 0x10, 0xb1, 0x18, 0x01, 0x2b, 0xb1,
  0x06, 0x11, 0xe9, 0xb1, 0x2a, 0x01, 0x2b, 0xb1, 0x1f, 0x00, 0x11, 0x12, 0xb0, 0x11, 0x39, 0xb0,
  0x18, 0x11, 0xb4, 0x0c, 0x12, 0x04, 0x1b, 0x24, 0x24, 0x17, 0x39, 0x00, 0xb1, 0x27, 0x21, 0x11,
  0x12, 0xb2, 0x06, 0x00, 0x18, 0x39, 0x39, 0x39, 0x30, 0x31, 0x13, 0x34, 0x3e, 0x01, 0x33, 0x20,
  0x11, 0x14, 0x0e, 0x03, 0x23, 0x22, 0x2e, 0x02, 0x27, 0x33, 0x1e, 0x01, 0x33, 0x32, 0x12, 0x13,
  0x0e, 0x01, 0x23, 0x22, 0x00, 0x12, 0x10, 0x16, 0x33, 0x32, 0x36, 0x35, 0x34, 0x26, 0x23, 0x22,
  0x56, 0x7f, 0xf1, 0x9a, 0x02, 0x1d, 0x26, 0x57, 0x83, 0xc8, 0x7c, 0x69, 0xa8, 0x6c, 0x41, 0x0c,
  0xca, 0x13, 0x91, 0x71, 0xa8, 0xbe, 0x08, 0x37, 0xc6, 0x8c, 0xcf, 0xfe, 0xf2, 0xc7, 0xb3, 0x90,
  0x91, 0xb3, 0xaf, 0x93, 0x90, 0x03, 0xe9, 0x8a, 0xe7, 0x8d, 0xfd, 0x34, 0x83, 0xe9, 0xd5, 0x9a,
  0x5b, 0x3e, 0x6b, 0x80, 0x4a, 0x65, 0x72, 0x01, 0x35, 0x01, 0x08, 0x5e, 0x70, 0x01, 0x1a, 0x01,
  0x81, 0xfe, 0xce, 0xc6, 0xc5, 0x9a, 0x9b, 0xbf, 0x00, 0x02, 0x00, 0x85, 0x00, 0x00, 0x01, 0x71,
  0x04, 0x4e, 0x00, 0x03, 0x00, 0x07, 0x00, 0x2f, 0x00, 0xb2, 0x00, 0x00, 0x00, 0x2b, 0xb1, 0x01,
  0x0c, 0xe9, 0xb2, 0x05, 0x01, 0x00, 0x2b, 0xb1, 0x04, 0x0c, 0xe9, 0x01, 0xb0, 0x08, 0x2f, 0xb0,
  0x00, 0xd6, 0xb0, 0x04, 0x32, 0xb1, 0x03, 0x17, 0xe9, 0xb0, 0x06, 0x32, 0xb1, 0x03, 0x17, 0xe9,
  0xb1, 0x09, 0x01, 0x2b, 0x00, 0x30, 0x31, 0x33, 0x35, 0x33, 0x15, 0x03, 0x35, 0x33, 0x15, 0x85,
  0xec, 0xec, 0xec, 0xec, 0xec, 0x03, 0x62, 0xec, 0xec, 0x00, 0x00, 0x00, 0x00, 0x02, 0x00, 0x7d,
  0xfe, 0xe3, 0x01, 0x71, 0x04, 0x4e, 0x00, 0x06, 0x00, 0x0a, 0x00, 0x45, 0x00, 0xb2, 0x02, 0x00,
  0x00, 0x2b, 0xb1, 0x03, 0x0c, 0xe9, 0xb2, 0x02, 0x03, 0x0a, 0x2b, 0xb3, 0x40, 0x02, 0x06, 0x09,
  0x2b, 0xb2, 0x05, 0x00, 0x00, 0x2b, 0xb2, 0x08, 0x01, 0x00, 0x2b, 0xb1, 0x07, 0x0c, 0xe9, 0x01,
  0xb0, 0x0b, 0x2f, 0xb0, 0x02, 0xd6, 0xb0, 0x07, 0x32, 0xb1, 0x05, 0x17, 0xe9, 0xb0, 0x09, 0x32,
  0xb1, 0x0c, 0x01, 0x2b, 0xb1, 0x05, 0x02, 0x11, 0x12, 0xb1, 0x01, 0x06, 0x39, 0x39, 0x00, 0x30,
  0x31, 0x1b, 0x01, 0x23, 0x35, 0x33, 0x15, 0x0b, 0x01, 0x35, 0x33, 0x15, 0x7d, 0x6c, 0x64, 0xec,
  0x7d, 0x6f, 0xec, 0xfe, 0xe3, 0x01, 0x1d, 0xec, 0xfc, 0xfe, 0xf3, 0x04, 0x7f, 0xec, 0xec, 0x00,
  0x00, 0x01, 0x00, 0xa0, 0x00, 0x0c, 0x04, 0xba, 0x04, 0x46, 0x00, 0x06, 0x00, 0x00, 0x13, 0x35,
  0x01, 0x15, 0x09, 0x01, 0x15, 0xa0, 0x04, 0x1a, 0xfc, 0xcf, 0x03, 0x31, 0x01, 0xd5, 0xa0, 0x01,
  0xd1, 0xc9, 0xfe, 0xa8, 0xfe, 0xae, 0xc7, 0x00, 0x00, 0x02, 0x00, 0xb6, 0x01, 0x0a, 0x04, 0xb8,
  0x03, 0x5a, 0x00, 0x03, 0x00, 0x07, 0x00, 0x1a, 0x00, 0xb0, 0x00, 0x2f, 0xb1, 0x01, 0x0a, 0xe9,
  0xb0, 0x04, 0x2f, 0xb1, 0x05, 0x03, 0xe9, 0x01, 0xb0, 0x08, 0x2f, 0xb1, 0x09, 0x01, 0x2b, 0x00,
  0x30, 0x31, 0x13, 0x35, 0x21, 0x15, 0x01, 0x35, 0x21, 0x15, 0xb6, 0x04, 0x02, 0xfb, 0xfe, 0x04,
  0x02, 0x01, 0x0a, 0xb0, 0xb0, 0x01, 0x9e, 0xb2, 0xb2, 0x00, 0x00, 0x00, 0x00, 0x01, 0x00, 0xb4,
  0x00, 0x0c, 0x04, 0xcf, 0x04, 0x46, 0x00, 0x06, 0x00, 0x00, 0x37, 0x35, 0x09, 0x01, 0x35, 0x01,
  0x15, 0xb4, 0x03, 0x31, 0xfc, 0xcf, 0x04, 0x1b, 0x0c, 0xc7, 0x01, 0x52, 0x01, 0x58, 0xc9, 0xfe,
  0x2f, 0xa0, 0x00, 0x00, 0x00, 0x02, 0x00, 0x1b, 0x00, 0x00, 0x03, 0xdf, 0x05, 0xe7, 0x00, 0x21,
  0x00, 0x25, 0x00, 0x70, 0x00, 0xb2, 0x22, 0x00, 0x00, 0x2b, 0xb1, 0x23, 0x0c, 0xe9, 0xb2, 0x03,
  0x02, 0x00, 0x2b, 0xb1, 0x1b, 0x05, 0xe9, 0xb2, 0x1b, 0x03, 0x0a, 0x2b, 0xb3, 0x40, 0x1b, 0x00,
  0x09, 0x2b, 0x01, 0xb0, 0x26, 0x2f, 0xb0, 0x00, 0xd6, 0xb1, 0x21, 0x10, 0xe9, 0xb0, 0x21, 0x10,
  0xb1, 0x22, 0x01, 0x2b, 0xb1, 0x25, 0x17, 0xe9, 0xb3, 0x0f, 0x25, 0x22, 0x08, 0x2b, 0xb1, 0x0e,
  0x11, 0xe9, 0xb0, 0x25, 0x10, 0xb1, 0x18, 0x01, 0x2b, 0xb1, 0x08, 0x11, 0xe9, 0xb1, 0x27, 0x01,
  0x2b, 0xb1, 0x0e, 0x0f, 0x11, 0x12, 0xb1, 0x03, 0x1b, 0x39, 0x39, 0xb1, 0x18, 0x25, 0x11, 0x12,
  0xb2, 0x0b, 0x15, 0x0a, 0x39, 0x39, 0x39, 0x00, 0xb1, 0x1b, 0x23, 0x11, 0x12, 0xb1, 0x08, 0x0e,
  0x39, 0x39, 0x30, 0x31, 0x13, 0x36, 0x24, 0x33, 0x32, 0x1e, 0x02, 0x15, 0x14, 0x05, 0x0e, 0x01,
  0x1d, 0x01, 0x23, 0x35, 0x34, 0x3e, 0x02, 0x37, 0x3e, 0x01, 0x35, 0x34, 0x26, 0x23, 0x22, 0x0e,
  0x03, 0x07, 0x13, 0x35, 0x33, 0x15, 0x1b, 0x01, 0x01, 0x18, 0xdc, 0x59, 0xa2, 0x85, 0x4f, 0xfe,
  0xec, 0x68, 0x44, 0xbf, 0x1d, 0x47, 0x53, 0x47, 0x5b, 0x64, 0x99, 0x78, 0x42, 0x6a, 0x44, 0x2f,
  0x15, 0x03, 0x79, 0xeb, 0x04, 0x2f, 0xc6, 0xf2, 0x2c, 0x55, 0x8d, 0x5a, 0xf3, 0xb3, 0x43, 0x54,
  0x50, 0x40, 0x46, 0x40, 0x60, 0x55, 0x42, 0x2d, 0x3a, 0x85, 0x5c, 0x60, 0x75, 0x24, 0x38, 0x4d,
  0x4c, 0x28, 0xfb, 0xd1, 0xec, 0xec, 0x00, 0x00, 0x00, 0x02, 0x00, 0x5e, 0xff, 0xe5, 0x06, 0x56,
  0x05, 0xcd, 0x00, 0x3b, 0x00, 0x47, 0x00, 0x90, 0x00, 0xb2, 0x37, 0x00, 0x00, 0x2b, 0xb1, 0x32,
  0x05, 0xe9, 0xb2, 0x05, 0x02, 0x00, 0x2b, 0xb1, 0x2a, 0x04, 0xe9, 0xb4, 0x0f, 0x24, 0x37, 0x05,
  0x0d, 0x2b, 0xb0, 0x3f, 0x33, 0xb1, 0x0f, 0x04, 0xe9, 0xb0, 0x14, 0x32, 0xb4, 0x1c, 0x45, 0x37,
  0x05, 0x0d, 0x2b, 0xb1, 0x1c, 0x05, 0xe9, 0x01, 0xb0, 0x48, 0x2f, 0xb0, 0x00, 0xd6, 0xb1, 0x2e,
  0x0e, 0xe9, 0xb0, 0x2e, 0x10, 0xb1, 0x17, 0x01, 0x2b, 0xb1, 0x3c, 0x0f, 0xe9, 0xb0, 0x3c, 0x10,
  0xb1, 0x27, 0x01, 0x2b, 0xb1, 0x0a, 0x0e, 0xe9, 0xb1, 0x49, 0x01, 0x2b, 0xb1, 0x27, 0x3c, 0x11,
  0x12, 0x40, 0x09, 0x0f, 0x05, 0x14, 0x1c, 0x2a, 0x32, 0x35, 0x37, 0x42, 0x24, 0x17, 0x39, 0x00,
  0xb1, 0x32, 0x37, 0x11, 0x12, 0xb0, 0x35, 0x39, 0xb0, 0x0f, 0x11, 0xb0, 0x34, 0x39, 0xb1, 0x45,
  0x24, 0x11, 0x12, 0xb6, 0x0a, 0x00, 0x17, 0x1f, 0x12, 0x27, 0x2e, 0x24, 0x17, 0x39, 0xb0, 0x1c,
  0x11, 0xb1, 0x20, 0x21, 0x39, 0x39, 0x30, 0x31, 0x13, 0x34, 0x12, 0x36, 0x24, 0x33, 0x32, 0x04,
  0x1e, 0x01, 0x15, 0x14, 0x0e, 0x02, 0x23, 0x22, 0x26, 0x27, 0x06, 0x23, 0x22, 0x26, 0x35, 0x34,
  0x3e, 0x02, 0x33, 0x32, 0x16, 0x17, 0x37, 0x33, 0x03, 0x06, 0x33, 0x32, 0x36, 0x35, 0x34, 0x00,
  0x21, 0x22, 0x04, 0x02, 0x15, 0x14, 0x12, 0x04, 0x33, 0x32, 0x37, 0x17, 0x06, 0x23, 0x22, 0x24,
  0x26, 0x02, 0x25, 0x14, 0x16, 0x33, 0x32, 0x36, 0x35, 0x34, 0x26, 0x23, 0x22, 0x06, 0x5e, 0x7c,
  0xd5, 0x01, 0x2b, 0xa9, 0x97, 0x01, 0x02, 0xc8, 0x72, 0x3e, 0x67, 0x82, 0x46, 0x55, 0x78, 0x0c,
  0x5f, 0xd8, 0x82, 0xad, 0x3b, 0x69, 0xa1, 0x5f, 0x53, 0x7c, 0x1c, 0x11, 0x91, 0x3b, 0x1f, 0x75,
  0x51, 0x71, 0xfe, 0xca, 0xfe, 0xfd, 0xba, 0xfe, 0xdc, 0x9f, 0x84, 0x00, 0xff, 0xaa, 0xde, 0xaf,
  0x3a, 0xd2, 0xf5, 0x9f, 0xfe, 0xf2, 0xbb, 0x69, 0x01, 0xfe, 0x57, 0x53, 0x75, 0x87, 0x5d, 0x55,
  0x6e, 0x86, 0x02, 0xcb, 0xa2, 0x01, 0x1e, 0xcc, 0x76, 0x50, 0x9c, 0xfe, 0xa4, 0x79, 0xc8, 0x80,
  0x45, 0x64, 0x59, 0xb7, 0xba, 0xb5, 0x5a, 0xaa, 0x86, 0x51, 0x53, 0x48, 0x78, 0xfe, 0x42, 0xdb,
  0xc5, 0xa5, 0xf9, 0x01, 0x0d, 0xa5, 0xfe, 0xe0, 0xb3, 0xa7, 0xfe, 0xf9, 0x98, 0x58, 0x8d, 0x65,
  0x71, 0xc4, 0x01, 0x13, 0x7f, 0x6a, 0x6d, 0xc4, 0x8e, 0x5f, 0x6a, 0xbf, 0x00, 0x02, 0x00, 0x00,
  0x00, 0x00, 0x05, 0x48, 0x05, 0xcd, 0x00, 0x07, 0x00, 0x0a, 0x00, 0x2c, 0x00, 0xb2, 0x00, 0x00,
  0x00, 0x2b, 0xb0, 0x03, 0x33, 0xb2, 0x01, 0x02, 0x00, 0x2b, 0xb4, 0x06, 0x08, 0x00, 0x01, 0x0d,
  0x2b, 0xb1, 0x06, 0x03, 0xe9, 0x01, 0xb0, 0x0b, 0x2f, 0xb1, 0x0c, 0x01, 0x2b, 0x00, 0xb1, 0x01,
  0x08, 0x11, 0x12, 0xb0, 0x0a, 0x39, 0x30, 0x31, 0x31, 0x01, 0x33, 0x01, 0x23, 0x03, 0x21, 0x03,
  0x13, 0x21, 0x01, 0x02, 0x27, 0xf2, 0x02, 0x2f, 0xe2, 0x74, 0xfd, 0x56, 0x73, 0xb2, 0x02, 0x29,
  0xfe, 0xea, 0x05, 0xcd, 0xfa, 0x33, 0x01, 0x42, 0xfe, 0xbe, 0x01, 0xf4, 0x03, 0x06, 0x00, 0x00,
  0x00, 0x03, 0x00, 0xb0, 0x00, 0x00, 0x05, 0x0e, 0x05, 0xcd, 0x00, 0x12, 0x00, 0x1b, 0x00, 0x23,
  0x00, 0x63, 0x00, 0xb2, 0x00, 0x00, 0x00, 0x2b, 0xb1, 0x13, 0x0a, 0xe9, 0xb2, 0x01, 0x02, 0x00,
  0x2b, 0xb1, 0x23, 0x0a, 0xe9, 0xb4, 0x1c, 0x1b, 0x00, 0x01, 0x0d, 0x2b, 0xb1, 0x1c, 0x08, 0xe9,
  0x01, 0xb0, 0x24, 0x2f, 0xb0, 0x00, 0xd6, 0xb1, 0x13, 0x0d, 0xe9, 0xb0, 0x1c, 0x32, 0xb0, 0x13,
  0x10, 0xb1, 0x17, 0x01, 0x2b, 0xb1, 0x0d, 0x15, 0xe9, 0xb0, 0x1f, 0x20, 0xd6, 0x11, 0xb1, 0x08,
  0x0d, 0xe9, 0xb1, 0x25, 0x01, 0x2b, 0xb1, 0x17, 0x1f, 0x11, 0x12, 0xb0, 0x0b, 0x39, 0x00, 0xb1,
  0x1b, 0x13, 0x11, 0x12, 0xb0, 0x0d, 0x39, 0xb0, 0x1c, 0x11, 0xb0, 0x0b, 0x39, 0xb0, 0x23, 0x12,
  0xb0, 0x08, 0x39, 0x30, 0x31, 0x33, 0x11, 0x21, 0x32, 0x1e, 0x03, 0x15, 0x14, 0x06, 0x07, 0x16,
  0x11, 0x14, 0x0e, 0x02, 0x23, 0x25, 0x21, 0x32, 0x36, 0x35, 0x34, 0x26, 0x23, 0x21, 0x35, 0x21,
  0x20, 0x35, 0x34, 0x26, 0x23, 0x21, 0xb0, 0x02, 0x17, 0x58, 0x92, 0x89, 0x5e, 0x39, 0x58, 0x4c,
  0xe1, 0x52, 0x93, 0xbc, 0x73, 0xfe, 0x87, 0x01, 0x7b, 0x9d, 0x9e, 0x9f, 0xa8, 0xfe, 0x91, 0x01,
  0x66, 0x01, 0x17, 0x95, 0x82, 0xfe, 0x9a, 0x05, 0xcd, 0x13, 0x33, 0x50, 0x83, 0x56, 0x6a, 0xb1,
  0x2c, 0x5e, 0xfe, 0xfd, 0x73, 0xac, 0x66, 0x31, 0xb0, 0x85, 0x7f, 0x82, 0x76, 0xa6, 0xf0, 0x6e,
  0x6d, 0x00, 0x00, 0x00, 0x00, 0x01, 0x00, 0x68, 0xff, 0xe5, 0x05, 0x8d, 0x05, 0xe7, 0x00, 0x1a,
  0x00, 0x5e, 0x00, 0xb2, 0x17, 0x00, 0x00, 0x2b, 0xb1, 0x10, 0x0a, 0xe9, 0xb2, 0x10, 0x17, 0x0a,
  0x2b, 0xb3, 0x40, 0x10, 0x13, 0x09, 0x2b, 0xb2, 0x03, 0x02, 0x00, 0x2b, 0xb1, 0x0a, 0x0a, 0xe9,
  0xb2, 0x0a, 0x03, 0x0a, 0x2b, 0xb3, 0x40, 0x0a, 0x07, 0x09, 0x2b, 0x01, 0xb0, 0x1b, 0x2f, 0xb0,
  0x00, 0xd6, 0xb1, 0x0d, 0x15, 0xe9, 0xb0, 0x0d, 0x10, 0xb1, 0x13, 0x01, 0x2b, 0xb0, 0x07, 0x32,
  0xb1, 0x14, 0x13, 0xe9, 0xb0, 0x06, 0x32, 0xb1, 0x1c, 0x01, 0x2b, 0xb1, 0x13, 0x0d, 0x11, 0x12,
  0xb1, 0x03, 0x17, 0x39, 0x39, 0x00, 0xb1, 0x0a, 0x10, 0x11, 0x12, 0xb0, 0x00, 0x39, 0x30, 0x31,
  0x13, 0x10, 0x00, 0x21, 0x32, 0x00, 0x17, 0x23, 0x2e, 0x01, 0x23, 0x22, 0x00, 0x11, 0x10, 0x00,
  0x33, 0x32, 0x36, 0x37, 0x33, 0x06, 0x00, 0x23, 0x22, 0x24, 0x02, 0x68, 0x01, 0x79, 0x01, 0x3a,
  0xea, 0x01, 0x52, 0x2e, 0xcb, 0x23, 0xdc, 0xab, 0xcc, 0xfe, 0xf9, 0x01, 0x07, 0xd3, 0xab, 0xdc,
  0x25, 0xca, 0x30, 0xfe, 0xa5, 0xf8, 0xd1, 0xfe, 0xcc, 0x9d, 0x02, 0xe9, 0x01, 0x5b, 0x01, 0xa3,
  0xfe, 0xf7, 0xea, 0x91, 0xb2, 0xfe, 0xc9, 0xfe, 0xe9, 0xfe, 0xec, 0xfe, 0xc1, 0xaf, 0x94, 0xf0,
  0xfe, 0xfc, 0xc6, 0x01, 0x5b, 0x00, 0x00, 0x00, 0x00, 0x02, 0x00, 0xb0, 0x00, 0x00, 0x05, 0x6f,
  0x05, 0xcd, 0x00, 0x0e, 0x00, 0x22, 0x00, 0x38, 0x00, 0xb2, 0x0e, 0x00, 0x00, 0x2b, 0xb1, 0x0f,
  0x0a, 0xe9, 0xb2, 0x02, 0x02, 0x00, 0x2b, 0xb1, 0x22, 0x0a, 0xe9, 0x01, 0xb0, 0x23, 0x2f, 0xb0,
  0x00, 0xd6, 0xb1, 0x0f, 0x0d, 0xe9, 0xb0, 0x0f, 0x10, 0xb1, 0x19, 0x01, 0x2b, 0xb1, 0x08, 0x15,
  0xe9, 0xb1, 0x24, 0x01, 0x2b, 0x00, 0xb1, 0x22, 0x0f, 0x11, 0x12, 0xb0, 0x08, 0x39, 0x30, 0x31,
  0x33, 0x11, 0x21, 0x32, 0x1e, 0x02, 0x12, 0x15, 0x14, 0x02, 0x0e, 0x02, 0x23, 0x27, 0x33, 0x32,
  0x3e, 0x06, 0x35, 0x34, 0x2e, 0x05, 0x2b, 0x01, 0xb0, 0x01, 0x96, 0x92, 0xef, 0xce, 0x8b, 0x4f,
  0x4f, 0x8b, 0xce, 0xee, 0x93, 0xc5, 0xbe, 0x3f, 0x67, 0x73, 0x5a, 0x5a, 0x41, 0x33, 0x1a, 0x24,
  0x3b, 0x5c, 0x62, 0x81, 0x74, 0x49, 0xbe, 0x05, 0xcd, 0x2d, 0x6b, 0xa8, 0xff, 0x00, 0xa6, 0xa7,
  0xff, 0x00, 0xa8, 0x6b, 0x2d, 0xb0, 0x08, 0x13, 0x26, 0x39, 0x57, 0x70, 0x99, 0x5d, 0x69, 0xa9,
  0x75, 0x56, 0x32, 0x1e, 0x09, 0x00, 0x00, 0x00, 0x00, 0x01, 0x00, 0xb0, 0x00, 0x00, 0x04, 0xa0,
  0x05, 0xcd, 0x00, 0x0b, 0x00, 0x47, 0x00, 0xb2, 0x00, 0x00, 0x00, 0x2b, 0xb1, 0x09, 0x03, 0xe9,
  0xb2, 0x01, 0x02, 0x00, 0x2b, 0xb1, 0x04, 0x03, 0xe9, 0xb4, 0x05, 0x08, 0x00, 0x01, 0x0d, 0x2b,
  0xb1, 0x05, 0x03, 0xe9, 0x01, 0xb0, 0x0c, 0x2f, 0xb0, 0x00, 0xd6, 0xb1, 0x09, 0x0d, 0xe9, 0xb0,
  0x04, 0x32, 0xb2, 0x09, 0x00, 0x0a, 0x2b, 0xb3, 0x40, 0x09, 0x0b, 0x09, 0x2b, 0xb0, 0x02, 0x32,
  0xb3, 0x40, 0x09, 0x07, 0x09, 0x2b, 0xb1, 0x0d, 0x01, 0x2b, 0x00, 0x30, 0x31, 0x33, 0x11, 0x21,
  0x15, 0x21, 0x11, 0x21, 0x15, 0x21, 0x11, 0x21, 0x15, 0xb0, 0x03, 0xf0, 0xfc, 0xe1, 0x02, 0xf0,
  0xfd, 0x10, 0x03, 0x1f, 0x05, 0xcd, 0xb4, 0xfe, 0x3d, 0xb4, 0xfe, 0x12, 0xb4, 0x00, 0x00, 0x00,
  0x00, 0x01, 0x00, 0xb0, 0x00, 0x00, 0x04, 0x75, 0x05, 0xcd, 0x00, 0x09, 0x00, 0x40, 0x00, 0xb2,
  0x00, 0x00, 0x00, 0x2b, 0xb2, 0x01, 0x02, 0x00, 0x2b, 0xb1, 0x04, 0x03, 0xe9, 0xb4, 0x05, 0x08,
  0x00, 0x01, 0x0d, 0x2b, 0xb1, 0x05, 0x03, 0xe9, 0x01, 0xb0, 0x0a, 0x2f, 0xb0, 0x00, 0xd6, 0xb1,
  0x09, 0x0d, 0xe9, 0xb0, 0x04, 0x32, 0xb2, 0x09, 0x00, 0x0a, 0x2b, 0xb3, 0x40, 0x09, 0x03, 0x09,
  0x2b, 0xb3, 0x40, 0x09, 0x07, 0x09, 0x2b, 0xb1, 0x0b, 0x01, 0x2b, 0x00, 0x30, 0x31, 0x33, 0x11,
  0x21, 0x15, 0x21, 0x11, 0x21, 0x15, 0x21, 0x11, 0xb0, 0x03, 0xc5, 0xfd, 0x0c, 0x02, 0xc9, 0xfd,
  0x37, 0x05, 0xcd, 0xb4, 0xfe, 0x3d, 0xb4, 0xfd, 0x5e, 0x00, 0x00, 0x00, 0x00, 0x01, 0x00, 0x68,
  0xff, 0xe5, 0x05, 0x8b, 0x05, 0xe7, 0x00, 0x22, 0x00, 0x91, 0x00, 0xb2, 0x1c, 0x00, 0x00, 0x2b,
  0xb2, 0x1f, 0x00, 0x00, 0x2b, 0xb1, 0x10, 0x0a, 0xe9, 0xb2, 0x03, 0x02, 0x00, 0x2b, 0xb1, 0x0a,
  0x0a, 0xe9, 0xb2, 0x0a, 0x03, 0x0a, 0x2b, 0xb3, 0x40, 0x0a, 0x07, 0x09, 0x2b, 0xb4, 0x18, 0x19,
  0x1f, 0x03, 0x0d, 0x2b, 0xb1, 0x18, 0x03, 0xe9, 0x01, 0xb0, 0x23, 0x2f, 0xb0, 0x00, 0xd6, 0xb1,
  0x0d, 0x15, 0xe9, 0xb0, 0x0d, 0x10, 0xb1, 0x16, 0x01, 0x2b, 0xb1, 0x1a, 0x11, 0xe9, 0xb0, 0x06,
  0x32, 0xb2, 0x16, 0x1a, 0x0a, 0x2b, 0xb3, 0x40, 0x16, 0x18, 0x09, 0x2b, 0xb0, 0x1a, 0x10, 0xb1,
  0x07, 0x13, 0xe9, 0xb0, 0x07, 0x2f, 0xb0, 0x1a, 0x10, 0xb1, 0x1c, 0x0e, 0xe9, 0xb0, 0x1c, 0x2f,
  0xb1, 0x24, 0x01, 0x2b, 0xb1, 0x07, 0x0d, 0x11, 0x12, 0xb2, 0x03, 0x10, 0x1f, 0x39, 0x39, 0x39,
  0xb1, 0x1c, 0x16, 0x11, 0x12, 0xb0, 0x1d, 0x39, 0x00, 0xb1, 0x18, 0x10, 0x11, 0x12, 0xb0, 0x1d,
  0x39, 0xb0, 0x19, 0x11, 0xb1, 0x0d, 0x00, 0x39, 0x39, 0x30, 0x31, 0x13, 0x10, 0x00, 0x21, 0x32,
  0x04, 0x17, 0x23, 0x2e, 0x01, 0x23, 0x22, 0x00, 0x11, 0x10, 0x00, 0x33, 0x32, 0x3e, 0x03, 0x3d,
  0x01, 0x21, 0x35, 0x21, 0x11, 0x23, 0x27, 0x06, 0x21, 0x22, 0x24, 0x02, 0x68, 0x01, 0x7a, 0x01,
  0x39, 0xe9, 0x01, 0x50, 0x2d, 0xcb, 0x27, 0xd3, 0xac, 0xcc, 0xfe, 0xf9, 0x01, 0x02, 0xd1, 0x40,
  0x75, 0x76, 0x56, 0x36, 0xfe, 0x76, 0x02, 0x4e, 0xa4, 0x0a, 0x87, 0xfe, 0xb2, 0xd2, 0xfe, 0xce,
  0x9c, 0x02, 0xe9, 0x01, 0x5a, 0x01, 0xa4, 0xf5, 0xd5, 0x83, 0x97, 0xfe, 0xc9, 0xfe, 0xe9, 0xfe,
  0xeb, 0xfe, 0xc2, 0x15, 0x38, 0x55, 0x8a, 0x59, 0x27, 0xb4, 0xfd, 0x0a, 0xba, 0xd5, 0xc6, 0x01,
  0x5b, 0x00, 0x00, 0x00, 0x00, 0x01, 0x00, 0xb0, 0x00, 0x00, 0x05, 0x5e, 0x05, 0xcd, 0x00, 0x0b,
  0x00, 0x3f, 0x00, 0xb2, 0x00, 0x00, 0x00, 0x2b, 0xb0, 0x07, 0x33, 0xb2, 0x01, 0x02, 0x00, 0x2b,
  0xb0, 0x05, 0x33, 0xb4, 0x03, 0x0a, 0x00, 0x01, 0x0d, 0x2b, 0xb1, 0x03, 0x03, 0xe9, 0x01, 0xb0,
  0x0c, 0x2f, 0xb0, 0x00, 0xd6, 0xb1, 0x0b, 0x0d, 0xe9, 0xb0, 0x02, 0x32, 0xb0, 0x0b, 0x10, 0xb1,
  0x08, 0x01, 0x2b, 0xb0, 0x04, 0x32, 0xb1, 0x07, 0x0d, 0xe9, 0xb1, 0x0d, 0x01, 0x2b, 0x00, 0x30,
  0x31, 0x33, 0x11, 0x33, 0x11, 0x21, 0x11, 0x33, 0x11, 0x23, 0x11, 0x21, 0x11, 0xb0, 0xd1, 0x03,
  0x0c, 0xd1, 0xd1, 0xfc, 0xf4, 0x05, 0xcd, 0xfd, 0x89, 0x02, 0x77, 0xfa, 0x33, 0x02, 0xa2, 0xfd,
  0x5e, 0x00, 0x00, 0x00, 0x00, 0x01, 0x00, 0xb0, 0x00, 0x00, 0x01, 0x81, 0x05, 0xcd, 0x00, 0x03,
  0x00, 0x21, 0x00, 0xb2, 0x00, 0x00, 0x00, 0x2b, 0xb2, 0x01, 0x02, 0x00, 0x2b, 0x01, 0xb0, 0x04,
  0x2f, 0xb0, 0x00, 0xd6, 0xb1, 0x03, 0x0d, 0xe9, 0xb1, 0x03, 0x0d, 0xe9, 0xb1, 0x05, 0x01, 0x2b,
  0x00, 0x30, 0x31, 0x33, 0x11, 0x33, 0x11, 0xb0, 0xd1, 0x05, 0xcd, 0xfa, 0x33, 0x00, 0x00, 0x00,
  0x00, 0x01, 0x00, 0x17, 0xff, 0xe5, 0x03, 0xba, 0x05, 0xcd, 0x00, 0x11, 0x00, 0x3f, 0x00, 0xb2,
  0x0f, 0x00, 0x00, 0x2b, 0xb1, 0x04, 0x09, 0xe9, 0xb2, 0x04, 0x0f, 0x0a, 0x2b, 0xb3, 0x40, 0x04,
  0x00, 0x09, 0x2b, 0xb2, 0x0a, 0x02, 0x00, 0x2b, 0x01, 0xb0, 0x12, 0x2f, 0xb0, 0x00, 0xd6, 0xb1,
  0x01, 0x11, 0xe9, 0xb0, 0x01, 0x10, 0xb1, 0x09, 0x01, 0x2b, 0xb1, 0x0c, 0x0d, 0xe9, 0xb1, 0x13,
  0x01, 0x2b, 0xb1, 0x09, 0x01, 0x11, 0x12, 0xb0, 0x0f, 0x39, 0x00, 0x30, 0x31, 0x13, 0x33, 0x14,
  0x16, 0x33, 0x32, 0x3e, 0x02, 0x35, 0x11, 0x33, 0x11, 0x14, 0x02, 0x23, 0x22, 0x26, 0x17, 0xc2,
  0x9a, 0x74, 0x32, 0x54, 0x4f, 0x2d, 0xd1, 0xf6, 0xdd, 0xdc, 0xf4, 0x01, 0xcb, 0x95, 0xa7, 0x1d,
  0x45, 0x88, 0x60, 0x03, 0xf4, 0xfc, 0x0a, 0xf1, 0xfe, 0xff, 0xf8, 0x00, 0x00, 0x01, 0x00, 0xb0,
  0x00, 0x00, 0x05, 0x62, 0x05, 0xcd, 0x00, 0x0b, 0x00, 0x30, 0x00, 0xb2, 0x00, 0x00, 0x00, 0x2b,
  0xb0, 0x07, 0x33, 0xb2, 0x01, 0x02, 0x00, 0x2b, 0xb0, 0x04, 0x33, 0x01, 0xb0, 0x0c, 0x2f, 0xb0,
  0x00, 0xd6, 0xb1, 0x0b, 0x0d, 0xe9, 0xb0, 0x02, 0x32, 0xb1, 0x0d, 0x01, 0x2b, 0x00, 0xb1, 0x01,
  0x00, 0x11, 0x12, 0xb1, 0x03, 0x09, 0x39, 0x39, 0x30, 0x31, 0x33, 0x11, 0x33, 0x11, 0x01, 0x21,
  0x09, 0x01, 0x23, 0x01, 0x03, 0x11, 0xb0, 0xd1, 0x02, 0x9e, 0x01, 0x04, 0xfd, 0xd5, 0x02, 0x6a,
  0xfa, 0xfe, 0x02, 0xe9, 0x05, 0xcd, 0xfd, 0x14, 0x02, 0xec, 0xfd, 0xa2, 0xfc, 0x91, 0x02, 0xd5,
  0xfe, 0xfe, 0xfe, 0x2d, 0x00, 0x01, 0x00, 0xb0, 0x00, 0x00, 0x04, 0x91, 0x05, 0xcd, 0x00, 0x05,
  0x00, 0x2c, 0x00, 0xb2, 0x00, 0x00, 0x00, 0x2b, 0xb1, 0x03, 0x03, 0xe9, 0xb2, 0x01, 0x02, 0x00,
  0x2b, 0x01, 0xb0, 0x06, 0x2f, 0xb0, 0x00, 0xd6, 0xb1, 0x03, 0x0d, 0xe9, 0xb2, 0x03, 0x00, 0x0a,
  0x2b, 0xb3, 0x40, 0x03, 0x05, 0x09, 0x2b, 0xb1, 0x07, 0x01, 0x2b, 0x00, 0x30, 0x31, 0x33, 0x11,
  0x33, 0x11, 0x21, 0x15, 0xb0, 0xd1, 0x03, 0x10, 0x05, 0xcd, 0xfa, 0xe7, 0xb4, 0x00, 0x00, 0x00,
  0x00, 0x01, 0x00, 0xb0, 0x00, 0x00, 0x06, 0x62, 0x05, 0xcd, 0x00, 0x0c, 0x00, 0x8a, 0x00, 0xb2,
  0x00, 0x00, 0x00, 0x2b, 0xb2, 0x06, 0x09, 0x0a, 0x33, 0x33, 0x33, 0xb2, 0x01, 0x02, 0x00, 0x2b,
  0xb1, 0x02, 0x04, 0x33, 0x33, 0x01, 0xb0, 0x0d, 0x2f, 0xb0, 0x00, 0xd6, 0xb1, 0x0c, 0x0d, 0xe9,
  0xb0, 0x0b, 0x32, 0xb0, 0x0c, 0x10, 0xb1, 0x07, 0x01, 0x2b, 0xb0, 0x08, 0x32, 0xb1, 0x06, 0x0d,
  0xe9, 0xb1, 0x0e, 0x01, 0x2b, 0xb0, 0x36, 0x1a, 0xba, 0xc2, 0xcf, 0xed, 0x40, 0x00, 0x15, 0x2b,
  0x0a, 0xb0, 0x0a, 0x2e, 0x04, 0xb0, 0x0b, 0xc0, 0x0e, 0xb1, 0x03, 0x0a, 0xf9, 0x05, 0xb0, 0x02,
  0xc0, 0xba, 0x3d, 0x31, 0xed, 0x40, 0x00, 0x15, 0x2b, 0x0a, 0x04, 0xb0, 0x08, 0x2e, 0x05, 0xb0,
  0x09, 0xc0, 0xb1, 0x04, 0x18, 0xf9, 0xb1, 0x02, 0x03, 0x08, 0xb0, 0x03, 0xc0, 0x00, 0xb2, 0x03,
  0x08, 0x0b, 0x2e, 0x2e, 0x2e, 0x01, 0xb4, 0x02, 0x03, 0x04, 0x09, 0x0a, 0x2e, 0x2e, 0x2e, 0x2e,
  0x2e, 0xb0, 0x40, 0x1a, 0x01, 0x00, 0x30, 0x31, 0x33, 0x11, 0x21, 0x09, 0x01, 0x21, 0x11, 0x23,
  0x11, 0x01, 0x23, 0x01, 0x11, 0xb0, 0x01, 0x5e, 0x01, 0x7b, 0x01, 0x7b, 0x01, 0x5e, 0xd1, 0xfe,
  0x67, 0xdd, 0xfe, 0x66, 0x05, 0xcd, 0xfb, 0x2b, 0x04, 0xd5, 0xfa, 0x33, 0x05, 0x0e, 0xfa, 0xf2,
  0x05, 0x0e, 0xfa, 0xf2, 0x00, 0x01, 0x00, 0xb0, 0x00, 0x00, 0x05, 0x5a, 0x05, 0xcd, 0x00, 0x09,
  0x00, 0x42, 0x00, 0xb2, 0x00, 0x00, 0x00, 0x2b, 0xb0, 0x06, 0x33, 0xb2, 0x01, 0x02, 0x00, 0x2b,
  0xb0, 0x04, 0x33, 0x01, 0xb0, 0x0a, 0x2f, 0xb0, 0x00, 0xd6, 0xb1, 0x09, 0x0d, 0xe9, 0xb0, 0x09,
  0x10, 0xb1, 0x03, 0x01, 0x2b, 0xb1, 0x06, 0x0d, 0xe9, 0xb1, 0x0b, 0x01, 0x2b, 0xb1, 0x03, 0x09,
  0x11, 0x12, 0xb1, 0x02, 0x07, 0x39, 0x39, 0x00, 0xb1, 0x01, 0x00, 0x11, 0x12, 0xb1, 0x03, 0x08,
  0x39, 0x39, 0x30, 0x31, 0x33, 0x11, 0x21, 0x01, 0x11, 0x33, 0x11, 0x21, 0x01, 0x11, 0xb0, 0x01,
  0x33, 0x02, 0xa6, 0xd1, 0xfe, 0xcf, 0xfd, 0x58, 0x05, 0xcd, 0xfb, 0x10, 0x04, 0xf0, 0xfa, 0x33,
  0x04, 0xf4, 0xfb, 0x0c, 0x00, 0x02, 0x00, 0x68, 0xff, 0xe5, 0x05, 0xd9, 0x05, 0xe7, 0x00, 0x0b,
  0x00, 0x13, 0x00, 0x4a, 0x00, 0xb2, 0x0a, 0x00, 0x00, 0x2b, 0xb1, 0x0f, 0x0a, 0xe9, 0xb2, 0x04,
  0x02, 0x00, 0x2b, 0xb1, 0x13, 0x0a, 0xe9, 0x01, 0xb0, 0x14, 0x2f, 0xb0, 0x01, 0xd6, 0xb1, 0x0d,
  0x15, 0xe9, 0xb0, 0x0d, 0x10, 0xb1, 0x11, 0x01, 0x2b, 0xb1, 0x07, 0x15, 0xe9, 0xb1, 0x15, 0x01,
  0x2b, 0xb1, 0x11, 0x0d, 0x11, 0x12, 0xb3, 0x04, 0x09, 0x0a, 0x03, 0x24, 0x17, 0x39, 0x00, 0xb1,
  0x13, 0x0f, 0x11, 0x12, 0xb3, 0x01, 0x06, 0x07, 0x00, 0x24, 0x17, 0x39, 0x30, 0x31, 0x12, 0x10,
  0x12, 0x24, 0x20, 0x04, 0x12, 0x10, 0x02, 0x04, 0x20, 0x24, 0x12, 0x10, 0x00, 0x20, 0x00, 0x10,
  0x00, 0x20, 0x68, 0xa8, 0x01, 0x3f, 0x01, 0xa4, 0x01, 0x3e, 0xa8, 0xa8, 0xfe, 0xc2, 0xfe, 0x5c,
  0xfe, 0xc1, 0x2d, 0x01, 0x12, 0x01, 0xa4, 0x01, 0x11, 0xfe, 0xef, 0xfe, 0x5c, 0x02, 0x07, 0x01,
  0xc0, 0x01, 0x5b, 0xc5, 0xc5, 0xfe, 0xa5, 0xfe, 0x40, 0xfe, 0xa4, 0xc6, 0xc6, 0x03, 0x52, 0xfd,
  0xd4, 0xfe, 0xc5, 0x01, 0x3b, 0x02, 0x2c, 0x01, 0x3a, 0x00, 0x00, 0x00, 0x00, 0x02, 0x00, 0xb0,
  0x00, 0x00, 0x04, 0xe9, 0x05, 0xcd, 0x00, 0x0f, 0x00, 0x1d, 0x00, 0x44, 0x00, 0xb2, 0x00, 0x00,
  0x00, 0x2b, 0xb2, 0x01, 0x02, 0x00, 0x2b, 0xb1, 0x1d, 0x0a, 0xe9, 0xb4, 0x0e, 0x10, 0x00, 0x01,
  0x0d, 0x2b, 0xb1, 0x0e, 0x03, 0xe9, 0x01, 0xb0, 0x1e, 0x2f, 0xb0, 0x00, 0xd6, 0xb1, 0x0f, 0x0d,
  0xe9, 0xb0, 0x10, 0x32, 0xb0, 0x0f, 0x10, 0xb1, 0x17, 0x01, 0x2b, 0xb1, 0x08, 0x15, 0xe9, 0xb1,
  0x1f, 0x01, 0x2b, 0x00, 0xb1, 0x1d, 0x10, 0x11, 0x12, 0xb1, 0x08, 0x07, 0x39, 0x39, 0x30, 0x31,
  0x33, 0x11, 0x21, 0x32, 0x1e, 0x03, 0x14, 0x0e, 0x03, 0x23, 0x21, 0x19, 0x01, 0x21, 0x32, 0x3e,
  0x03, 0x34, 0x2e, 0x03, 0x23, 0x21, 0xb0, 0x01, 0xd1, 0x73, 0xb1, 0xa1, 0x67, 0x3c, 0x3c, 0x67,
  0xa1, 0xb0, 0x74, 0xff, 0x00, 0x01, 0x10, 0x4b, 0x64, 0x6c, 0x3f, 0x29, 0x29, 0x40, 0x6a, 0x67,
  0x49, 0xfe, 0xf0, 0x05, 0xcd, 0x17, 0x3c, 0x63, 0x9f, 0xd8, 0xa0, 0x63, 0x3b, 0x16, 0xfd, 0xb4,
  0x03, 0x02, 0x08, 0x1f, 0x38, 0x64, 0x8e, 0x65, 0x3a, 0x21, 0x0a, 0x00, 0x00, 0x02, 0x00, 0x68,
  0xff, 0x9e, 0x05, 0xd9, 0x05, 0xe7, 0x00, 0x10, 0x00, 0x1e, 0x00, 0x5d, 0x00, 0xb2, 0x0e, 0x00,
  0x00, 0x2b, 0xb1, 0x14, 0x0a, 0xe9, 0xb2, 0x04, 0x02, 0x00, 0x2b, 0xb1, 0x1e, 0x0a, 0xe9, 0x01,
  0xb0, 0x1f, 0x2f, 0xb0, 0x01, 0xd6, 0xb1, 0x12, 0x15, 0xe9, 0xb0, 0x12, 0x10, 0xb1, 0x1b, 0x01,
  0x2b, 0xb1, 0x07, 0x15, 0xe9, 0xb0, 0x0a, 0x32, 0xb1, 0x20, 0x01, 0x2b, 0xb1, 0x1b, 0x12, 0x11,
  0x12, 0xb3, 0x04, 0x03, 0x0c, 0x0e, 0x24, 0x17, 0x39, 0xb0, 0x07, 0x11, 0xb1, 0x09, 0x0b, 0x39,
  0x39, 0x00, 0xb1, 0x14, 0x0e, 0x11, 0x12, 0xb1, 0x0a, 0x0c, 0x39, 0x39, 0xb0, 0x1e, 0x11, 0xb3,
  0x01, 0x00, 0x09, 0x07, 0x24, 0x17, 0x39, 0x30, 0x31, 0x12, 0x10, 0x12, 0x24, 0x20, 0x04, 0x12,
  0x15, 0x10, 0x07, 0x17, 0x07, 0x27, 0x06, 0x23, 0x22, 0x24, 0x12, 0x10, 0x00, 0x33, 0x32, 0x37,
  0x27, 0x37, 0x17, 0x36, 0x35, 0x10, 0x00, 0x20, 0x68, 0xa8, 0x01, 0x3f, 0x01, 0xa4, 0x01, 0x3e,
  0xa8, 0xb0, 0xb0, 0x7f, 0xb6, 0xa3, 0xe0, 0xd2, 0xfe, 0xc1, 0x2d, 0x01, 0x12, 0xd2, 0x8a, 0x70,
  0x8a, 0x7f, 0x8a, 0x6a, 0xfe, 0xef, 0xfe, 0x5c, 0x02, 0x07, 0x01, 0xc0, 0x01, 0x5b, 0xc5, 0xc5,
  0xfe, 0xa5, 0xe0, 0xfe, 0xb8, 0xd2, 0xb0, 0x7f, 0xb6, 0x6f, 0xc6, 0x03, 0x52, 0xfd, 0xd4, 0xfe,
  0xc5, 0x47, 0x89, 0x81, 0x8b, 0x99, 0xf2, 0x01, 0x16, 0x01, 0x3a, 0x00, 0x00, 0x02, 0x00, 0xb0,
  0x00, 0x00, 0x05, 0x23, 0x05, 0xcd, 0x00, 0x13, 0x00, 0x21, 0x00, 0x5b, 0x00, 0xb2, 0x00, 0x00,
  0x00, 0x2b, 0xb0, 0x0d, 0x33, 0xb2, 0x01, 0x02, 0x00, 0x2b, 0xb1, 0x21, 0x0a, 0xe9, 0xb4, 0x12,
  0x14, 0x00, 0x01, 0x0d, 0x2b, 0xb1, 0x12, 0x0a, 0xe9, 0x01, 0xb0, 0x22, 0x2f, 0xb0, 0x00, 0xd6,
  0xb1, 0x13, 0x0d, 0xe9, 0xb0, 0x14, 0x32, 0xb0, 0x13, 0x10, 0xb1, 0x1b, 0x01, 0x2b, 0xb1, 0x09,
  0x15, 0xe9, 0xb1, 0x23, 0x01, 0x2b, 0xb1, 0x1b, 0x13, 0x11, 0x12, 0xb1, 0x0f, 0x0c, 0x39, 0x39,
  0xb0, 0x09, 0x11, 0xb0, 0x0e, 0x39, 0x00, 0xb1, 0x14, 0x12, 0x11, 0x12, 0xb0, 0x0c, 0x39, 0xb0,
  0x21, 0x11, 0xb0, 0x09, 0x39, 0x30, 0x31, 0x33, 0x11, 0x21, 0x32, 0x1e, 0x04, 0x15, 0x14, 0x06,
  0x07, 0x01, 0x23, 0x01, 0x06, 0x23, 0x21, 0x19, 0x01, 0x21, 0x32, 0x3e, 0x03, 0x34, 0x2e, 0x03,
  0x23, 0x21, 0xb0, 0x01, 0xd7, 0x60, 0x98, 0x92, 0x68, 0x51, 0x28, 0x97, 0x90, 0x01, 0x58, 0xea,
  0xfe, 0xbf, 0x25, 0x4c, 0xfe, 0xfa, 0x01, 0x17, 0x4a, 0x65, 0x6c, 0x3f, 0x29, 0x29, 0x40, 0x6a,
  0x67, 0x49, 0xfe, 0xe9, 0x05, 0xcd, 0x0e, 0x23, 0x3f, 0x5d, 0x88, 0x57, 0xaa, 0xbd, 0x27, 0xfd,
  0x6d, 0x02, 0x73, 0x02, 0xfd, 0x8f, 0x03, 0x21, 0x08, 0x1e, 0x35, 0x5e, 0x86, 0x5f, 0x36, 0x1f,
  0x09, 0x00, 0x00, 0x00, 0x00, 0x01, 0x00, 0x42, 0xff, 0xe5, 0x04, 0xd9, 0x05, 0xe7, 0x00, 0x38,
  0x00, 0xb4, 0x00, 0xb2, 0x36, 0x00, 0x00, 0x2b, 0xb1, 0x04, 0x0a, 0xe9, 0xb2, 0x04, 0x36, 0x0a,
  0x2b, 0xb3, 0x40, 0x04, 0x00, 0x09, 0x2b, 0xb2, 0x16, 0x02, 0x00, 0x2b, 0xb1, 0x20, 0x0a, 0xe9,
  0xb3, 0x11, 0x36, 0x16, 0x08, 0x2b, 0xb0, 0x1b, 0x33, 0x01, 0xb0, 0x39, 0x2f, 0xb0, 0x11, 0xd6,
  0xb1, 0x25, 0x15, 0xe9, 0xb0, 0x00, 0x20, 0xd6, 0x11, 0xb1, 0x01, 0x13, 0xe9, 0xb0, 0x25, 0x10,
  0xb1, 0x07, 0x01, 0x2b, 0xb1, 0x30, 0x15, 0xe9, 0xb1, 0x3a, 0x01, 0x2b, 0xb0, 0x36, 0x1a, 0xba,
  0xf3, 0x1f, 0xc1, 0x4f, 0x00, 0x15, 0x2b, 0x0a, 0x0e, 0xb0, 0x0b, 0x10, 0xb0, 0x0a, 0xc0, 0xb1,
  0x26, 0x0b, 0xf9, 0xb0, 0x28, 0xc0, 0xb3, 0x27, 0x26, 0x28, 0x13, 0x2b, 0xb2, 0x27, 0x26, 0x28,
  0x20, 0x8a, 0x20, 0x8a, 0x23, 0x06, 0x0e, 0x11, 0x12, 0x39, 0x00, 0xb3, 0x0a, 0x0b, 0x27, 0x28,
  0x2e, 0x2e, 0x2e, 0x2e, 0x01, 0xb3, 0x0a, 0x0b, 0x27, 0x28, 0x2e, 0x2e, 0x2e, 0x2e, 0xb0, 0x40,
  0x1a, 0x01, 0xb1, 0x07, 0x25, 0x11, 0x12, 0xb3, 0x04, 0x16, 0x1c, 0x36, 0x24, 0x17, 0x39, 0xb0,
  0x30, 0x11, 0xb0, 0x1b, 0x39, 0x00, 0xb1, 0x11, 0x04, 0x11, 0x12, 0xb0, 0x30, 0x39, 0xb0, 0x20,
  0x11, 0xb0, 0x25, 0x39, 0x30, 0x31, 0x13, 0x33, 0x1e, 0x01, 0x33, 0x32, 0x36, 0x35, 0x34, 0x26,
  0x2f, 0x01, 0x2e, 0x04, 0x35, 0x34, 0x3e, 0x02, 0x33, 0x32, 0x1e, 0x02, 0x17, 0x23, 0x2e, 0x02,
  0x23, 0x22, 0x0e, 0x02, 0x15, 0x14, 0x1f, 0x01, 0x1e, 0x06, 0x15, 0x14, 0x0e, 0x03, 0x23, 0x20,
  0x00, 0x42, 0xcc, 0x1d, 0xd2, 0xab, 0xa1, 0xb9, 0xa4, 0x9b, 0xb9, 0x40, 0x71, 0x6b, 0x4d, 0x2e,
  0x63, 0xa0, 0xb7, 0x5e, 0x67, 0xb4, 0x99, 0x6a, 0x15, 0xca, 0x18, 0x7b, 0x8d, 0x51, 0x30, 0x65,
  0x65, 0x41, 0xf1, 0xac, 0x38, 0x58, 0x6c, 0x51, 0x52, 0x34, 0x21, 0x3d, 0x6a, 0x8f, 0xa6, 0x59,
  0xfe, 0xfd, 0xfe, 0xbf, 0x01, 0xcd, 0x99, 0x9e, 0x8a, 0x6f, 0x6d, 0x78, 0x22, 0x26, 0x0e, 0x2b,
  0x44, 0x57, 0x7a, 0x48, 0x65, 0xa1, 0x5e, 0x31, 0x2f, 0x5f, 0x9f, 0x68, 0x52, 0x6a, 0x29, 0x16,
  0x2f, 0x59, 0x3b, 0xac, 0x37, 0x27, 0x0c, 0x18, 0x27, 0x2d, 0x43, 0x4e, 0x6b, 0x3e, 0x55, 0x91,
  0x69, 0x4a, 0x24, 0x01, 0x06, 0x00, 0x00, 0x00, 0x00, 0x01, 0x00, 0x00, 0x00, 0x00, 0x04, 0x98,
  0x05, 0xcd, 0x00, 0x07, 0x00, 0x3a, 0x00, 0xb2, 0x06, 0x00, 0x00, 0x2b, 0xb2, 0x01, 0x02, 0x00,
  0x2b, 0xb1, 0x00, 0x03, 0xe9, 0xb0, 0x03, 0x32, 0x01, 0xb0, 0x08, 0x2f, 0xb0, 0x06, 0xd6, 0xb1,
  0x05, 0x0d, 0xe9, 0xb2, 0x05, 0x06, 0x0a, 0x2b, 0xb3, 0x40, 0x05, 0x03, 0x09, 0x2b, 0xb2, 0x06,
  0x05, 0x0a, 0x2b, 0xb3, 0x40, 0x06, 0x00, 0x09, 0x2b, 0xb1, 0x09, 0x01, 0x2b, 0x00, 0x30, 0x31,
  0x11, 0x35, 0x21, 0x15, 0x21, 0x11, 0x23, 0x11, 0x04, 0x98, 0xfe, 0x1c, 0xd1, 0x05, 0x19, 0xb4,
  0xb4, 0xfa, 0xe7, 0x05, 0x19, 0x00, 0x00, 0x00, 0x00, 0x01, 0x00, 0x9a, 0xff, 0xe5, 0x05, 0x3f,
  0x05, 0xcd, 0x00, 0x13, 0x00, 0x37, 0x00, 0xb2, 0x0f, 0x00, 0x00, 0x2b, 0xb1, 0x06, 0x03, 0xe9,
  0xb2, 0x01, 0x02, 0x00, 0x2b, 0xb0, 0x0a, 0x33, 0x01, 0xb0, 0x14, 0x2f, 0xb0, 0x00, 0xd6, 0xb1,
  0x03, 0x0d, 0xe9, 0xb0, 0x03, 0x10, 0xb1, 0x09, 0x01, 0x2b, 0xb1, 0x0c, 0x0d, 0xe9, 0xb1, 0x15,
  0x01, 0x2b, 0xb1, 0x09, 0x03, 0x11, 0x12, 0xb0, 0x0f, 0x39, 0x00, 0x30, 0x31, 0x13, 0x11, 0x33,
  0x11, 0x14, 0x16, 0x33, 0x32, 0x36, 0x35, 0x11, 0x33, 0x11, 0x10, 0x00, 0x21, 0x22, 0x2e, 0x02,
  0x9a, 0xd0, 0xb1, 0xce, 0xd0, 0xb6, 0xd0, 0xfe, 0xe8, 0xfe, 0xc2, 0x9d, 0xdb, 0x93, 0x44, 0x02,
  0x5c, 0x03, 0x71, 0xfc, 0x79, 0xde, 0xce, 0xdf, 0xe3, 0x03, 0x71, 0xfc, 0xa0, 0xfe, 0xb4, 0xfe,
  0xc4, 0x43, 0x96, 0xf0, 0x00, 0x01, 0x00, 0x17, 0x00, 0x00, 0x05, 0x06, 0x05, 0xcd, 0x00, 0x06,
  0x00, 0x5c, 0x00, 0xb2, 0x06, 0x00, 0x00, 0x2b, 0xb2, 0x00, 0x02, 0x00, 0x2b, 0xb1, 0x01, 0x03,
  0x33, 0x33, 0x01, 0xb0, 0x07, 0x2f, 0xb0, 0x00, 0xd6, 0xb1, 0x01, 0x17, 0xe9, 0xb0, 0x01, 0x10,
  0xb1, 0x03, 0x01, 0x2b, 0xb1, 0x04, 0x16, 0xe9, 0xb1, 0x08, 0x01, 0x2b, 0xb0, 0x36, 0x1a, 0xba,
  0xc3, 0x20, 0xec, 0x40, 0x00, 0x15, 0x2b, 0x0a, 0xb0, 0x00, 0x10, 0xb0, 0x06, 0xc0, 0x0e, 0xb0,
  0x01, 0x10, 0xb0, 0x02, 0xc0, 0x00, 0xb0, 0x02, 0x2e, 0x01, 0xb1, 0x02, 0x06, 0x2e, 0x2e, 0xb0,
  0x40, 0x1a, 0x01, 0xb1, 0x03, 0x01, 0x11, 0x12, 0xb0, 0x05, 0x39, 0x00, 0x30, 0x31, 0x13, 0x33,
  0x09, 0x01, 0x33, 0x01, 0x23, 0x17, 0xe5, 0x01, 0x9c, 0x01, 0x93, 0xdb, 0xfe, 0x08, 0xfa, 0x05,
  0xcd, 0xfb, 0x0a, 0x04, 0xf6, 0xfa, 0x33, 0x00, 0x00, 0x01, 0x00, 0x21, 0x00, 0x00, 0x07, 0x3f,
  0x05, 0xcd, 0x00, 0x0c, 0x00, 0x91, 0x00, 0xb2, 0x0c, 0x00, 0x00, 0x2b, 0xb1, 0x09, 0x0b, 0x33,
  0x33, 0xb2, 0x00, 0x02, 0x00, 0x2b, 0xb2, 0x03, 0x04, 0x06, 0x33, 0x33, 0x33, 0x01, 0xb0, 0x0d,
  0x2f, 0xb0, 0x00, 0xd6, 0xb1, 0x01, 0x17, 0xe9, 0xb0, 0x01, 0x10, 0xb1, 0x06, 0x01, 0x2b, 0xb1,
  0x07, 0x16, 0xe9, 0xb1, 0x0e, 0x01, 0x2b, 0xb0, 0x36, 0x1a, 0xba, 0x3e, 0x82, 0xf2, 0x44, 0x00,
  0x15, 0x2b, 0x0a, 0xb0, 0x03, 0x2e, 0x0e, 0xb0, 0x02, 0xc0, 0xb1, 0x0a, 0x07, 0xf9, 0x05, 0xb0,
  0x0b, 0xc0, 0xba, 0xc1, 0xb2, 0xf1, 0x5c, 0x00, 0x15, 0x2b, 0x0a, 0xb0, 0x09, 0x2e, 0xb1, 0x0b,
  0x0a, 0x08, 0xb0, 0x0a, 0xc0, 0x0e, 0xb1, 0x05, 0x03, 0xf9, 0x05, 0xb0, 0x04, 0xc0, 0x03, 0x00,
  0xb2, 0x02, 0x05, 0x0a, 0x2e, 0x2e, 0x2e, 0x01, 0xb6, 0x02, 0x03, 0x04, 0x05, 0x09, 0x0a, 0x0b,
  0x2e, 0x2e, 0x2e, 0x2e, 0x2e, 0x2e, 0x2e, 0xb0, 0x40, 0x1a, 0xb1, 0x06, 0x01, 0x11, 0x12, 0xb1,
  0x08, 0x0c, 0x39, 0x39, 0x00, 0x30, 0x31, 0x13, 0x33, 0x09, 0x01, 0x33, 0x09, 0x01, 0x33, 0x01,
  0x23, 0x09, 0x01, 0x23, 0x21, 0xe5, 0x01, 0x1f, 0x01, 0x12, 0xf6, 0x01, 0x25, 0x01, 0x12, 0xdb,
  0xfe, 0x8e, 0xfe, 0xfe, 0xe1, 0xfe, 0xe8, 0xfe, 0x05, 0xcd, 0xfb, 0x21, 0x04, 0xdf, 0xfb, 0x21,
  0x04, 0xdf, 0xfa, 0x33, 0x04, 0xc5, 0xfb, 0x3b, 0x00, 0x01, 0x00, 0x00, 0x00, 0x00, 0x05, 0x3f,
  0x05, 0xcd, 0x00, 0x0b, 0x00, 0x26, 0x00, 0xb2, 0x00, 0x00, 0x00, 0x2b, 0xb0, 0x08, 0x33, 0xb2,
  0x02, 0x02, 0x00, 0x2b, 0xb0, 0x05, 0x33, 0x01, 0xb0, 0x0c, 0x2f, 0xb1, 0x0d, 0x01, 0x2b, 0x00,
  0xb1, 0x02, 0x00, 0x11, 0x12, 0xb1, 0x04, 0x0a, 0x39, 0x39, 0x30, 0x31, 0x31, 0x09, 0x01, 0x33,
  0x09, 0x01, 0x33, 0x09, 0x01, 0x23, 0x09, 0x01, 0x02, 0x27, 0xfd, 0xfe, 0xf8, 0x01, 0x87, 0x01,
  0x8b, 0xec, 0xfd, 0xfe, 0x02, 0x26, 0xf5, 0xfe, 0x52, 0xfe, 0x50, 0x02, 0xfc, 0x02, 0xd1, 0xfd,
  0xdb, 0x02, 0x25, 0xfd, 0x37, 0xfc, 0xfc, 0x02, 0x58, 0xfd, 0xa8, 0x00, 0x00, 0x01, 0x00, 0x00,
  0x00, 0x00, 0x04, 0xfe, 0x05, 0xcd, 0x00, 0x08, 0x00, 0x30, 0x00, 0xb2, 0x07, 0x00, 0x00, 0x2b,
  0xb2, 0x00, 0x02, 0x00, 0x2b, 0xb0, 0x03, 0x33, 0x01, 0xb0, 0x09, 0x2f, 0xb0, 0x07, 0xd6, 0xb1,
  0x06, 0x0d, 0xe9, 0xb1, 0x0a, 0x01, 0x2b, 0xb1, 0x06, 0x07, 0x11, 0x12, 0xb0, 0x02, 0x39, 0x00,
  0xb1, 0x00, 0x07, 0x11, 0x12, 0xb0, 0x02, 0x39, 0x30, 0x31, 0x11, 0x33, 0x09, 0x01, 0x33, 0x01,
  0x11, 0x23, 0x11, 0xe5, 0x01, 0x96, 0x01, 0x9e, 0xe5, 0xfd, 0xdf, 0xd1, 0x05, 0xcd, 0xfd, 0x2b,
  0x02, 0xd5, 0xfc, 0x72, 0xfd, 0xc1, 0x02, 0x44, 0x00, 0x01, 0x00, 0x54, 0x00, 0x00, 0x04, 0xd5,
  0x05, 0xcd, 0x00, 0x09, 0x00, 0x2c, 0x00, 0xb2, 0x00, 0x00, 0x00, 0x2b, 0xb1, 0x07, 0x03, 0xe9,
  0xb2, 0x04, 0x02, 0x00, 0x2b, 0xb1, 0x03, 0x03, 0xe9, 0x01, 0xb0, 0x0a, 0x2f, 0xb1, 0x0b, 0x01,
  0x2b, 0x00, 0xb1, 0x07, 0x00, 0x11, 0x12, 0xb0, 0x01, 0x39, 0xb0, 0x03, 0x11, 0xb0, 0x06, 0x39,
  0x30, 0x31, 0x33, 0x35, 0x01, 0x21, 0x35, 0x21, 0x15, 0x01, 0x21, 0x15, 0x54, 0x03, 0x6a, 0xfc,
  0xda, 0x04, 0x1c, 0xfc, 0x98, 0x03, 0x89, 0xb4, 0x04, 0x65, 0xb4, 0xb4, 0xfb, 0x9b, 0xb4, 0x00,
  0x00, 0x01, 0x00, 0xa6, 0xfe, 0x9a, 0x02, 0x73, 0x05, 0xcd, 0x00, 0x07, 0x00, 0x37, 0x00, 0xb2,
  0x01, 0x02, 0x00, 0x2b, 0xb1, 0x04, 0x06, 0xe9, 0xb0, 0x00, 0x2f, 0xb1, 0x05, 0x06, 0xe9, 0x01,
  0xb0, 0x08, 0x2f, 0xb0, 0x00, 0xd6, 0xb4, 0x07, 0x17, 0x00, 0x09, 0x04, 0x2b, 0xb0, 0x02, 0x32,
  0xb1, 0x05, 0x10, 0xe9, 0xb4, 0x03, 0x17, 0x00, 0x09, 0x04, 0x2b, 0xb0, 0x06, 0x32, 0xb1, 0x09,
  0x01, 0x2b, 0x00, 0x30, 0x31, 0x13, 0x11, 0x21, 0x15, 0x21, 0x11, 0x21, 0x15, 0xa6, 0x01, 0xcd,
  0xfe, 0xe7, 0x01, 0x19, 0xfe, 0x9a, 0x07, 0x33, 0x9e, 0xfa, 0x08, 0x9d, 0x00, 0x01, 0x00, 0x00,
  0x00, 0x00, 0x03, 0x04, 0x05, 0xcd, 0x00, 0x03, 0x00, 0x16, 0x00, 0xb2, 0x03, 0x00, 0x00, 0x2b,
  0xb2, 0x00, 0x02, 0x00, 0x2b, 0x01, 0xb0, 0x04, 0x2f, 0xb1, 0x05, 0x01, 0x2b, 0x00, 0x30, 0x31,
  0x11, 0x33, 0x01, 0x23, 0xba, 0x02, 0x4a, 0xbc, 0x05, 0xcd, 0xfa, 0x33, 0x00, 0x01, 0x00, 0x14,
  0xfe, 0x9a, 0x01, 0xe1, 0x05, 0xcd, 0x00, 0x07, 0x00, 0x40, 0x00, 0xb2, 0x04, 0x02, 0x00, 0x2b,
  0xb1, 0x03, 0x06, 0xe9, 0xb0, 0x07, 0x2f, 0xb1, 0x00, 0x06, 0xe9, 0x01, 0xb0, 0x08, 0x2f, 0xb0,
  0x07, 0xd6, 0xb0, 0x03, 0x32, 0xb4, 0x06, 0x17, 0x00, 0x09, 0x04, 0x2b, 0xb0, 0x06, 0x10, 0xb1,
  0x01, 0x10, 0xe9, 0xb0, 0x01, 0x2f, 0xb0, 0x06, 0x10, 0xb4, 0x03, 0x17, 0x00, 0x09, 0x04, 0x2b,
  0xb0, 0x03, 0x2f, 0xb1, 0x09, 0x01, 0x2b, 0x00, 0x30, 0x31, 0x17, 0x21, 0x11, 0x21, 0x35, 0x21,
  0x11, 0x21, 0x14, 0x01, 0x19, 0xfe, 0xe7, 0x01, 0xcd, 0xfe, 0x33, 0xc9, 0x05, 0xf8, 0x9e, 0xf8,
  0xcd, 0x00, 0x00, 0x00, 0x00, 0x01, 0xff, 0xd3, 0x02, 0xb4, 0x03, 0xb2, 0x05, 0xcd, 0x00, 0x06,
  0x00, 0x11, 0x00, 0xb2, 0x01, 0x02, 0x00, 0x2b, 0x01, 0xb0, 0x07, 0x2f, 0xb1, 0x08, 0x01, 0x2b,
  0x00, 0x30, 0x31, 0x03, 0x01, 0x33, 0x01, 0x23, 0x09, 0x01, 0x2d, 0x01, 0x9c, 0x9f, 0x01, 0xa4,
  0xc9, 0xfe, 0xd5, 0xfe, 0xdc, 0x02, 0xb4, 0x03, 0x19, 0xfc, 0xe7, 0x02, 0x2f, 0xfd, 0xd1, 0x00,
  0x00, 0x01, 0x00, 0x42, 0xff, 0x4e, 0x03, 0x68, 0xff, 0xfe, 0x00, 0x03, 0x00, 0x1a, 0x00, 0xb2,
  0x00, 0x00, 0x00, 0x2b, 0xb1, 0x03, 0x0a, 0xe9, 0xb2, 0x00, 0x00, 0x00, 0x2b, 0x01, 0xb0, 0x04,
  0x2f, 0xb1, 0x05, 0x01, 0x2b, 0x00, 0x30, 0x31, 0x17, 0x21, 0x15, 0x21, 0x42, 0x03, 0x26, 0xfc,
  0xda, 0x02, 0xb0, 0x00, 0x00, 0x01, 0x00, 0x2d, 0x04, 0xdf, 0x01, 0xd5, 0x05, 0xcd, 0x00, 0x03,
  0x00, 0x1f, 0x00, 0xb2, 0x01, 0x02, 0x00, 0x2b, 0xb1, 0x03, 0x0c, 0xe9, 0x01, 0xb0, 0x04, 0x2f,
  0xb0, 0x00, 0xd6, 0xb4, 0x02, 0x17, 0x00, 0x0a, 0x04, 0x2b, 0xb1, 0x05, 0x01, 0x2b, 0x00, 0x30,
  0x31, 0x13, 0x33, 0x17, 0x23, 0x2d, 0xee, 0xba, 0x9e, 0x05, 0xcd, 0xee, 0x00, 0x02, 0x00, 0x54,
  0xff, 0xe5, 0x04, 0x12, 0x04, 0x64, 0x00, 0x22, 0x00, 0x32, 0x01, 0x07, 0x00, 0xb2, 0x1c, 0x00,
  0x00, 0x2b, 0xb2, 0x20, 0x00, 0x00, 0x2b, 0xb1, 0x26, 0x04, 0xe9, 0xb2, 0x13, 0x01, 0x00, 0x2b,
  0xb1, 0x0b, 0x04, 0xe9, 0xb2, 0x0b, 0x13, 0x0a, 0x2b, 0xb3, 0x40, 0x0b, 0x0f, 0x09, 0x2b, 0x01,
  0xb0, 0x33, 0x2f, 0xb0, 0x00, 0xd6, 0xb1, 0x23, 0x0d, 0xe9, 0xb0, 0x23, 0x10, 0xb0, 0x0e, 0x20,
  0xd6, 0x11, 0xb1, 0x0f, 0x11, 0xe9, 0xb0, 0x0f, 0x2f, 0xb1, 0x0e, 0x11, 0xe9, 0xb0, 0x23, 0x10,
  0xb1, 0x2b, 0x01, 0x2b, 0xb1, 0x1e, 0x2c, 0x32, 0x32, 0xb1, 0x19, 0x0f, 0xe9, 0xb1, 0x34, 0x01,
  0x2b, 0xb0, 0x36, 0x1a, 0xba, 0x0e, 0x42, 0xc1, 0x9c, 0x00, 0x15, 0x2b, 0x0a, 0x0e, 0xb0, 0x04,
  0x10, 0xb0, 0x06, 0xc0, 0xb1, 0x2f, 0x1a, 0xf9, 0xb0, 0x2d, 0xc0, 0xba, 0x07, 0x30, 0xc0, 0x68,
  0x00, 0x15, 0x2b, 0x0a, 0x04, 0xb0, 0x2c, 0x2e, 0x0e, 0xb0, 0x2e, 0xc0, 0xb1, 0x07, 0x1a, 0xf9,
  0xb0, 0x05, 0xc0, 0xb1, 0x05, 0x07, 0x08, 0xb0, 0x04, 0x10, 0xb3, 0x05, 0x04, 0x06, 0x13, 0x2b,
  0xb1, 0x04, 0x06, 0x08, 0xb0, 0x05, 0x10, 0xb3, 0x06, 0x05, 0x07, 0x13, 0x2b, 0xb0, 0x2e, 0x10,
  0xb3, 0x2d, 0x2e, 0x2c, 0x13, 0x2b, 0xb1, 0x2e, 0x2c, 0x08, 0xb0, 0x2f, 0x10, 0xb3, 0x2e, 0x2f,
  0x2d, 0x13, 0x2b, 0x00, 0xb7, 0x07, 0x2c, 0x04, 0x05, 0x06, 0x2d, 0x2e, 0x2f, 0x2e, 0x2e, 0x2e,
  0x2e, 0x2e, 0x2e, 0x2e, 0x2e, 0x01, 0xb6, 0x07, 0x04, 0x05, 0x06, 0x2d, 0x2e, 0x2f, 0x2e, 0x2e,
  0x2e, 0x2e, 0x2e, 0x2e, 0x2e, 0xb0, 0x40, 0x1a, 0x01, 0xb1, 0x23, 0x0f, 0x11, 0x12, 0xb0, 0x10,
  0x39, 0xb1, 0x2b, 0x0e, 0x11, 0x12, 0xb2, 0x13, 0x20, 0x26, 0x39, 0x39, 0x39, 0xb0, 0x19, 0x11,
  0xb0, 0x1c, 0x39, 0x00, 0xb1, 0x0b, 0x26, 0x11, 0x12, 0xb3, 0x00, 0x16, 0x19, 0x1e, 0x24, 0x17,
  0x39, 0x30, 0x31, 0x13, 0x34, 0x3e, 0x04, 0x37, 0x35, 0x34, 0x26, 0x23, 0x22, 0x06, 0x07, 0x23,
  0x3e, 0x02, 0x33, 0x32, 0x16, 0x07, 0x03, 0x14, 0x15, 0x14, 0x17, 0x23, 0x26, 0x27, 0x06, 0x21,
  0x22, 0x26, 0x37, 0x14, 0x16, 0x33, 0x32, 0x3e, 0x02, 0x3d, 0x01, 0x0e, 0x05, 0x54, 0x2e, 0x5f,
  0x7a, 0xb1, 0xb7, 0x7a, 0x89, 0x77, 0x7d, 0x87, 0x06, 0xc0, 0x09, 0x86, 0xc8, 0x75, 0xe6, 0xd4,
  0x01, 0x02, 0x1c, 0xbc, 0x0b, 0x03, 0x70, 0xfe, 0xf7, 0xa1, 0xda, 0xcf, 0x72, 0x63, 0x46, 0x73,
  0x63, 0x38, 0x5c, 0x86, 0x86, 0x58, 0x48, 0x21, 0x01, 0x1f, 0x41, 0x68, 0x4d, 0x3a, 0x2c, 0x1d,
  0x0e, 0x1f, 0x91, 0x77, 0x73, 0x68, 0x73, 0xab, 0x54, 0xd7, 0xeb, 0xfe, 0xfe, 0x17, 0x15, 0xe2,
  0x92, 0x4e, 0x54, 0xbd, 0xa9, 0x99, 0x4f, 0x5f, 0x24, 0x50, 0x97, 0x6a, 0x24, 0x0a, 0x12, 0x1b,
  0x22, 0x2e, 0x3e, 0x00, 0x00, 0x02, 0x00, 0x93, 0xff, 0xe5, 0x04, 0x87, 0x05, 0xcd, 0x00, 0x10,
  0x00, 0x1e, 0x00, 0x5e, 0x00, 0xb2, 0x00, 0x00, 0x00, 0x2b, 0xb2, 0x0d, 0x00, 0x00, 0x2b, 0xb1,
  0x16, 0x06, 0xe9, 0xb2, 0x01, 0x02, 0x00, 0x2b, 0xb2, 0x05, 0x01, 0x00, 0x2b, 0xb1, 0x1b, 0x06,
  0xe9, 0x01, 0xb0, 0x1f, 0x2f, 0xb0, 0x00, 0xd6, 0xb1, 0x10, 0x10, 0xe9, 0xb0, 0x02, 0x32, 0xb0,
  0x10, 0x10, 0xb1, 0x19, 0x01, 0x2b, 0xb1, 0x08, 0x13, 0xe9, 0xb1, 0x20, 0x01, 0x2b, 0xb1, 0x10,
  0x00, 0x11, 0x12, 0xb1, 0x11, 0x12, 0x39, 0x39, 0xb0, 0x19, 0x11, 0xb3, 0x05, 0x0d, 0x16, 0x1b,
  0x24, 0x17, 0x39, 0x00, 0xb1, 0x1b, 0x16, 0x11, 0x12, 0xb2, 0x08, 0x0f, 0x03, 0x39, 0x39, 0x39,
  0x30, 0x31, 0x33, 0x11, 0x33, 0x11, 0x36, 0x33, 0x32, 0x00, 0x11, 0x14, 0x0e, 0x02, 0x23, 0x22,
  0x27, 0x15, 0x02, 0x14, 0x1e, 0x02, 0x33, 0x32, 0x36, 0x10, 0x26, 0x23, 0x22, 0x0e, 0x01, 0x93,
  0xbb, 0x70, 0xf8, 0xc9, 0x01, 0x08, 0x48, 0x7e, 0xa9, 0x62, 0xf8, 0x70, 0x08, 0x35, 0x5b, 0x71,
  0x40, 0x95, 0xa0, 0xa0, 0x95, 0x40, 0x71, 0x5b, 0x05, 0xcd, 0xfd, 0xd3, 0xc0, 0xfe, 0xcb, 0xfe,
  0xf8, 0x86, 0xdb, 0x8f, 0x4e, 0xc1, 0xa6, 0x02, 0x8c, 0xd2, 0xa3, 0x61, 0x31, 0xd9, 0x01, 0x8a,
  0xd9, 0x31, 0x61, 0x00, 0x00, 0x01, 0x00, 0x48, 0xff, 0xe5, 0x04, 0x29, 0x04, 0x60, 0x00, 0x1c,
  0x00, 0x43, 0x00, 0xb2, 0x1a, 0x00, 0x00, 0x2b, 0xb1, 0x13, 0x07, 0xe9, 0xb2, 0x13, 0x1a, 0x0a,
  0x2b, 0xb3, 0x40, 0x13, 0x17, 0x09, 0x2b, 0xb2, 0x04, 0x01, 0x00, 0x2b, 0xb1, 0x0d, 0x07, 0xe9,
  0xb2, 0x0d, 0x04, 0x0a, 0x2b, 0xb3, 0x40, 0x0d, 0x0a, 0x09, 0x2b, 0x01, 0xb0, 0x1d, 0x2f, 0xb0,
  0x00, 0xd6, 0xb1, 0x10, 0x13, 0xe9, 0xb1, 0x1e, 0x01, 0x2b, 0x00, 0xb1, 0x0d, 0x13, 0x11, 0x12,
  0xb0, 0x00, 0x39, 0x30, 0x31, 0x13, 0x34, 0x12, 0x36, 0x33, 0x32, 0x1e, 0x02, 0x17, 0x23, 0x2e,
  0x01, 0x23, 0x22, 0x06, 0x15, 0x14, 0x16, 0x33, 0x32, 0x36, 0x37, 0x33, 0x06, 0x04, 0x23, 0x22,
  0x00, 0x48, 0x7b, 0xf1, 0xa2, 0x62, 0xa7, 0x6f, 0x45, 0x0a, 0xbd, 0x15, 0x93, 0x6e, 0x89, 0xaf,
  0xb1, 0x87, 0x73, 0x95, 0x16, 0xc1, 0x1d, 0xfe, 0xf6, 0xbe, 0xed, 0xfe, 0xf1, 0x02, 0x25, 0xa5,
  0x01, 0x01, 0x95, 0x44, 0x70, 0x87, 0x48, 0x65, 0x7a, 0xcf, 0xc6, 0xc9, 0xd5, 0x7f, 0x5e, 0xa2,
  0xdf, 0x01, 0x3f, 0x00, 0x00, 0x02, 0x00, 0x48, 0xff, 0xe5, 0x04, 0x3b, 0x05, 0xcd, 0x00, 0x10,
  0x00, 0x1e, 0x00, 0x5e, 0x00, 0xb2, 0x09, 0x00, 0x00, 0x2b, 0xb2, 0x0c, 0x00, 0x00, 0x2b, 0xb1,
  0x14, 0x06, 0xe9, 0xb2, 0x06, 0x02, 0x00, 0x2b, 0xb2, 0x03, 0x01, 0x00, 0x2b, 0xb1, 0x1d, 0x06,
  0xe9, 0x01, 0xb0, 0x1f, 0x2f, 0xb0, 0x00, 0xd6, 0xb1, 0x12, 0x13, 0xe9, 0xb0, 0x12, 0x10, 0xb1,
  0x09, 0x01, 0x2b, 0xb0, 0x05, 0x32, 0xb1, 0x08, 0x10, 0xe9, 0xb1, 0x20, 0x01, 0x2b, 0xb1, 0x09,
  0x12, 0x11, 0x12, 0xb3, 0x03, 0x0c, 0x14, 0x1d, 0x24, 0x17, 0x39, 0xb0, 0x08, 0x11, 0xb1, 0x18,
  0x19, 0x39, 0x39, 0x00, 0xb1, 0x1d, 0x14, 0x11, 0x12, 0xb2, 0x00, 0x0a, 0x05, 0x39, 0x39, 0x39,
  0x30, 0x31, 0x13, 0x10, 0x00, 0x33, 0x32, 0x17, 0x11, 0x33, 0x11, 0x23, 0x35, 0x06, 0x23, 0x22,
  0x2e, 0x02, 0x12, 0x10, 0x16, 0x33, 0x32, 0x3e, 0x02, 0x34, 0x2e, 0x02, 0x23, 0x22, 0x48, 0x01,
  0x08, 0xc9, 0xf8, 0x70, 0xba, 0xba, 0x70, 0xf8, 0x62, 0xa9, 0x7e, 0x48, 0xca, 0xa1, 0x95, 0x40,
  0x71, 0x5b, 0x35, 0x35, 0x5b, 0x71, 0x40, 0x95, 0x02, 0x23, 0x01, 0x08, 0x01, 0x35, 0xc0, 0x02,
  0x2d, 0xfa, 0x33, 0xa6, 0xc1, 0x4e, 0x8f, 0xdb, 0x01, 0x4b, 0xfe, 0x76, 0xd9, 0x31, 0x61, 0xa3,
  0xd2, 0xa3, 0x61, 0x31, 0x00, 0x02, 0x00, 0x48, 0xff, 0xe5, 0x04, 0x56, 0x04, 0x60, 0x00, 0x1a,
  0x00, 0x21, 0x00, 0x65, 0x00, 0xb2, 0x16, 0x00, 0x00, 0x2b, 0xb1, 0x0f, 0x07, 0xe9, 0xb2, 0x0f,
  0x16, 0x0a, 0x2b, 0xb3, 0x40, 0x0f, 0x13, 0x09, 0x2b, 0xb2, 0x03, 0x01, 0x00, 0x2b, 0xb1, 0x1f,
  0x06, 0xe9, 0xb4, 0x1b, 0x0c, 0x16, 0x03, 0x0d, 0x2b, 0xb1, 0x1b, 0x06, 0xe9, 0x01, 0xb0, 0x22,
  0x2f, 0xb0, 0x00, 0xd6, 0xb1, 0x0c, 0x13, 0xe9, 0xb0, 0x1b, 0x32, 0xb0, 0x0c, 0x10, 0xb1, 0x1c,
  0x01, 0x2b, 0xb1, 0x09, 0x12, 0xe9, 0xb1, 0x23, 0x01, 0x2b, 0xb1, 0x1c, 0x0c, 0x11, 0x12, 0xb2,
  0x03, 0x12, 0x16, 0x39, 0x39, 0x39, 0xb0, 0x09, 0x11, 0xb0, 0x13, 0x39, 0x00, 0xb1, 0x1b, 0x0c,
  0x11, 0x12, 0xb1, 0x00, 0x09, 0x39, 0x39, 0x30, 0x31, 0x13, 0x10, 0x00, 0x33, 0x32, 0x17, 0x16,
  0x17, 0x16, 0x15, 0x14, 0x07, 0x21, 0x14, 0x16, 0x33, 0x32, 0x36, 0x37, 0x33, 0x0e, 0x01, 0x23,
  0x22, 0x2e, 0x02, 0x37, 0x21, 0x2e, 0x01, 0x23, 0x22, 0x06, 0x48, 0x01, 0x28, 0xe8, 0xa6, 0x79,
  0x79, 0x38, 0x2e, 0x02, 0xfc, 0xbe, 0xbd, 0x8b, 0x7a, 0x8b, 0x26, 0xc1, 0x29, 0xfc, 0xc3, 0x81,
  0xcd, 0x83, 0x45, 0xcc, 0x02, 0x7b, 0x03, 0xa6, 0x8e, 0x8f, 0xaf, 0x02, 0x25, 0x01, 0x02, 0x01,
  0x39, 0x56, 0x56, 0x8e, 0x74, 0x89, 0x20, 0x20, 0xa0, 0xc0, 0x5d, 0x59, 0x98, 0xc2, 0x58, 0x9c,
  0xd1, 0xdf, 0x7f, 0xb9, 0xa5, 0x00, 0x00, 0x00, 0x00, 0x01, 0x00, 0x29, 0x00, 0x00, 0x02, 0x4c,
  0x05, 0xcd, 0x00, 0x15, 0x00, 0x4f, 0x00, 0xb2, 0x14, 0x00, 0x00, 0x2b, 0xb2, 0x08, 0x02, 0x00,
  0x2b, 0xb1, 0x0b, 0x05, 0xe9, 0xb2, 0x01, 0x01, 0x00, 0x2b, 0xb0, 0x0f, 0x33, 0xb1, 0x00, 0x04,
  0xe9, 0xb0, 0x11, 0x32, 0x01, 0xb0, 0x16, 0x2f, 0xb0, 0x14, 0xd6, 0xb0, 0x02, 0x32, 0xb1, 0x13,
  0x10, 0xe9, 0xb0, 0x0e, 0x32, 0xb2, 0x13, 0x14, 0x0a, 0x2b, 0xb3, 0x40, 0x13, 0x11, 0x09, 0x2b,
  0xb0, 0x09, 0x32, 0xb2, 0x14, 0x13, 0x0a, 0x2b, 0xb3, 0x40, 0x14, 0x00, 0x09, 0x2b, 0xb1, 0x17,
  0x01, 0x2b, 0x00, 0x30, 0x31, 0x13, 0x35, 0x33, 0x35, 0x34, 0x3e, 0x02, 0x3b, 0x01, 0x15, 0x23,
  0x22, 0x06, 0x1d, 0x01, 0x33, 0x15, 0x23, 0x11, 0x23, 0x11, 0x29, 0x9a, 0x16, 0x42, 0x72, 0x5f,
  0x60, 0x5c, 0x49, 0x2a, 0xcf, 0xcf, 0xba, 0x03, 0xb8, 0x96, 0x50, 0x5b, 0x6c, 0x4b, 0x1d, 0x9c,
  0x32, 0x57, 0x5a, 0x96, 0xfc, 0x48, 0x03, 0xb8, 0x00, 0x02, 0x00, 0x4a, 0xfe, 0x7f, 0x04, 0x29,
  0x04, 0x60, 0x00, 0x1f, 0x00, 0x2d, 0x00, 0x6b, 0x00, 0xb2, 0x06, 0x01, 0x00, 0x2b, 0xb2, 0x03,
  0x01, 0x00, 0x2b, 0xb1, 0x2b, 0x06, 0xe9, 0xb0, 0x0e, 0x2f, 0xb1, 0x15, 0x07, 0xe9, 0xb2, 0x15,
  0x0e, 0x0a, 0x2b, 0xb3, 0x40, 0x15, 0x11, 0x09, 0x2b, 0xb0, 0x1d, 0x2f, 0xb1, 0x23, 0x06, 0xe9,
  0x01, 0xb0, 0x2e, 0x2f, 0xb0, 0x00, 0xd6, 0xb1, 0x20, 0x13, 0xe9, 0xb0, 0x20, 0x10, 0xb1, 0x1a,
  0x01, 0x2b, 0xb1, 0x05, 0x28, 0x32, 0x32, 0xb1, 0x08, 0x10, 0xe9, 0xb1, 0x2f, 0x01, 0x2b, 0xb1,
  0x20, 0x00, 0x11, 0x12, 0xb0, 0x11, 0x39, 0xb0, 0x1a, 0x11, 0xb5, 0x03, 0x0e, 0x12, 0x1d, 0x23,
  0x2b, 0x24, 0x17, 0x39, 0x00, 0xb1, 0x2b, 0x23, 0x11, 0x12, 0xb2, 0x00, 0x1b, 0x05, 0x39, 0x39,
  0x39, 0x30, 0x31, 0x13, 0x10, 0x12, 0x33, 0x32, 0x17, 0x35, 0x33, 0x11, 0x14, 0x06, 0x07, 0x0e,
  0x01, 0x23, 0x22, 0x26, 0x27, 0x33, 0x1e, 0x01, 0x33, 0x32, 0x37, 0x3e, 0x01, 0x3d, 0x01, 0x06,
  0x23, 0x22, 0x02, 0x13, 0x14, 0x16, 0x33, 0x32, 0x3e, 0x02, 0x35, 0x34, 0x26, 0x23, 0x22, 0x06,
  0x4a, 0xfd, 0xc9, 0xef, 0x70, 0xba, 0x34, 0x34, 0x3c, 0xc6, 0x7b, 0xbe, 0xed, 0x1a, 0xc7, 0x15,
  0x73, 0x78, 0x95, 0x4c, 0x24, 0x24, 0x6f, 0xf0, 0xc9, 0xfd, 0xca, 0x97, 0x94, 0x40, 0x6e, 0x58,
  0x32, 0xb1, 0x87, 0x94, 0x97, 0x02, 0x39, 0x01, 0x02, 0x01, 0x25, 0xc0, 0xae, 0xfc, 0x45, 0x9e,
  0xab, 0x3a, 0x45, 0x4c, 0xad, 0xa5, 0x53, 0x5b, 0x52, 0x26, 0x66, 0x67, 0x69, 0xbf, 0x01, 0x24,
  0x01, 0x03, 0xbf, 0xca, 0x2d, 0x5b, 0x9b, 0x66, 0xc5, 0xc3, 0xca, 0x00, 0x00, 0x01, 0x00, 0x93,
  0x00, 0x00, 0x04, 0x1d, 0x05, 0xcd, 0x00, 0x14, 0x00, 0x47, 0x00, 0xb2, 0x00, 0x00, 0x00, 0x2b,
  0xb0, 0x08, 0x33, 0xb2, 0x01, 0x02, 0x00, 0x2b, 0xb2, 0x05, 0x01, 0x00, 0x2b, 0xb1, 0x10, 0x07,
  0xe9, 0x01, 0xb0, 0x15, 0x2f, 0xb0, 0x00, 0xd6, 0xb1, 0x14, 0x10, 0xe9, 0xb0, 0x02, 0x32, 0xb0,
  0x14, 0x10, 0xb1, 0x09, 0x01, 0x2b, 0xb1, 0x08, 0x10, 0xe9, 0xb1, 0x16, 0x01, 0x2b, 0xb1, 0x09,
  0x14, 0x11, 0x12, 0xb0, 0x05, 0x39, 0x00, 0xb1, 0x10, 0x00, 0x11, 0x12, 0xb0, 0x03, 0x39, 0x30,
  0x31, 0x33, 0x11, 0x33, 0x11, 0x36, 0x33, 0x20, 0x19, 0x01, 0x23, 0x11, 0x34, 0x2e, 0x03, 0x23,
  0x22, 0x06, 0x15, 0x11, 0x93, 0xbb, 0x6f, 0xf5, 0x01, 0x6b, 0xbb, 0x09, 0x1d, 0x34, 0x59, 0x3e,
  0x89, 0x9a, 0x05, 0xcd, 0xfd, 0xdb, 0xb8, 0xfe, 0x58, 0xfd, 0x48, 0x02, 0x81, 0x39, 0x54, 0x57,
  0x36, 0x23, 0xb9, 0xaf, 0xfd, 0xaa, 0x00, 0x00, 0x00, 0x02, 0x00, 0x93, 0x00, 0x00, 0x01, 0x4e,
  0x05, 0xcd, 0x00, 0x03, 0x00, 0x07, 0x00, 0x30, 0x00, 0xb2, 0x00, 0x00, 0x00, 0x2b, 0xb2, 0x05,
  0x02, 0x00, 0x2b, 0xb1, 0x04, 0x0c, 0xe9, 0xb2, 0x01, 0x01, 0x00, 0x2b, 0x01, 0xb0, 0x08, 0x2f,
  0xb0, 0x00, 0xd6, 0xb0, 0x04, 0x32, 0xb1, 0x03, 0x10, 0xe9, 0xb0, 0x06, 0x32, 0xb1, 0x03, 0x10,
  0xe9, 0xb1, 0x09, 0x01, 0x2b, 0x00, 0x30, 0x31, 0x33, 0x11, 0x33, 0x11, 0x03, 0x35, 0x33, 0x15,
  0x93, 0xbb, 0xbb, 0xbb, 0x04, 0x4e, 0xfb, 0xb2, 0x04, 0xec, 0xe1, 0xe1, 0x00, 0x02, 0xff, 0xec,
  0xfe, 0x9a, 0x01, 0x4e, 0x05, 0xcd, 0x00, 0x0d, 0x00, 0x11, 0x00, 0x39, 0x00, 0xb2, 0x0f, 0x02,
  0x00, 0x2b, 0xb1, 0x0e, 0x0c, 0xe9, 0xb2, 0x05, 0x01, 0x00, 0x2b, 0xb0, 0x0d, 0x2f, 0xb1, 0x00,
  0x05, 0xe9, 0x01, 0xb0, 0x12, 0x2f, 0xb0, 0x04, 0xd6, 0xb0, 0x0e, 0x32, 0xb1, 0x07, 0x10, 0xe9,
  0xb0, 0x10, 0x32, 0xb2, 0x04, 0x07, 0x0a, 0x2b, 0xb3, 0x40, 0x04, 0x0d, 0x09, 0x2b, 0xb1, 0x13,
  0x01, 0x2b, 0x00, 0x30, 0x31, 0x07, 0x33, 0x32, 0x36, 0x35, 0x11, 0x33, 0x11, 0x14, 0x0e, 0x02,
  0x2b, 0x01, 0x13, 0x35, 0x33, 0x15, 0x14, 0x35, 0x47, 0x2b, 0xbb, 0x15, 0x3b, 0x63, 0x51, 0x5e,
  0xa7, 0xbb, 0xcb, 0x38, 0x58, 0x04, 0x89, 0xfb, 0x7b, 0x5a, 0x6d, 0x4b, 0x1d, 0x06, 0x52, 0xe1,
  0xe1, 0x00, 0x00, 0x00, 0x00, 0x01, 0x00, 0x93, 0x00, 0x00, 0x04, 0x12, 0x05, 0xcd, 0x00, 0x0b,
  0x00, 0x32, 0x00, 0xb2, 0x00, 0x00, 0x00, 0x2b, 0xb0, 0x07, 0x33, 0xb2, 0x01, 0x02, 0x00, 0x2b,
  0xb2, 0x04, 0x01, 0x00, 0x2b, 0x01, 0xb0, 0x0c, 0x2f, 0xb0, 0x00, 0xd6, 0xb1, 0x0b, 0x10, 0xe9,
  0xb0, 0x02, 0x32, 0xb1, 0x0d, 0x01, 0x2b, 0x00, 0xb1, 0x04, 0x00, 0x11, 0x12, 0xb1, 0x03, 0x09,
  0x39, 0x39, 0x30, 0x31, 0x33, 0x11, 0x33, 0x11, 0x01, 0x33, 0x09, 0x01, 0x23, 0x01, 0x07, 0x11,
  0x93, 0xbb, 0x01, 0xbc, 0xe6, 0xfe, 0x7a, 0x01, 0xa8, 0xdb, 0xfe, 0xb7, 0xa0, 0x05, 0xcd, 0xfc,
  0x91, 0x01, 0xf0, 0xfe, 0x5a, 0xfd, 0x58, 0x02, 0x1f, 0xae, 0xfe, 0x8f, 0x00, 0x01, 0x00, 0x93,
  0x00, 0x00, 0x01, 0x4e, 0x05, 0xcd, 0x00, 0x03, 0x00, 0x21, 0x00, 0xb2, 0x00, 0x00, 0x00, 0x2b,
  0xb2, 0x01, 0x02, 0x00, 0x2b, 0x01, 0xb0, 0x04, 0x2f, 0xb0, 0x00, 0xd6, 0xb1, 0x03, 0x10, 0xe9,
  0xb1, 0x03, 0x10, 0xe9, 0xb1, 0x05, 0x01, 0x2b, 0x00, 0x30, 0x31, 0x33, 0x11, 0x33, 0x11, 0x93,
  0xbb, 0x05, 0xcd, 0xfa, 0x33, 0x00, 0x00, 0x00, 0x00, 0x01, 0x00, 0x93, 0x00, 0x00, 0x06, 0xae,
  0x04, 0x60, 0x00, 0x25, 0x00, 0x68, 0x00, 0xb2, 0x00, 0x00, 0x00, 0x2b, 0xb1, 0x0d, 0x19, 0x33,
  0x33, 0xb2, 0x01, 0x01, 0x00, 0x2b, 0xb2, 0x05, 0x01, 0x00, 0x2b, 0xb0, 0x09, 0x33, 0xb1, 0x21,
  0x07, 0xe9, 0xb0, 0x15, 0x32, 0x01, 0xb0, 0x26, 0x2f, 0xb0, 0x00, 0xd6, 0xb1, 0x25, 0x10, 0xe9,
  0xb0, 0x02, 0x32, 0xb0, 0x25, 0x10, 0xb1, 0x1a, 0x01, 0x2b, 0xb1, 0x19, 0x10, 0xe9, 0xb0, 0x19,
  0x10, 0xb1, 0x0e, 0x01, 0x2b, 0xb1, 0x0d, 0x10, 0xe9, 0xb1, 0x27, 0x01, 0x2b, 0xb1, 0x1a, 0x25,
  0x11, 0x12, 0xb0, 0x05, 0x39, 0xb0, 0x19, 0x11, 0xb0, 0x07, 0x39, 0xb0, 0x0e, 0x12, 0xb0, 0x09,
  0x39, 0x00, 0xb1, 0x21, 0x00, 0x11, 0x12, 0xb1, 0x03, 0x07, 0x39, 0x39, 0x30, 0x31, 0x33, 0x11,
  0x33, 0x15, 0x36, 0x33, 0x32, 0x17, 0x36, 0x33, 0x32, 0x16, 0x15, 0x11, 0x23, 0x11, 0x34, 0x2e,
  0x03, 0x23, 0x22, 0x06, 0x15, 0x11, 0x23, 0x11, 0x34, 0x2e, 0x03, 0x23, 0x22, 0x06, 0x15, 0x11,
  0x93, 0xbb, 0x6f, 0xdd, 0xee, 0x4f, 0x7e, 0xf5, 0xb8, 0xac, 0xba, 0x0a, 0x1e, 0x32, 0x57, 0x3b,
  0x7b, 0x8f, 0xba, 0x0a, 0x1e, 0x32, 0x57, 0x3b, 0x7b, 0x8f, 0x04, 0x4e, 0xa6, 0xb8, 0xc2, 0xc2,
  0xe1, 0xc7, 0xfd, 0x48, 0x02, 0x81, 0x38, 0x56, 0x55, 0x38, 0x22, 0xba, 0xae, 0xfd, 0xaa, 0x02,
  0x81, 0x38, 0x56, 0x55, 0x38, 0x22, 0xba, 0xae, 0xfd, 0xaa, 0x00, 0x00, 0x00, 0x01, 0x00, 0x93,
  0x00, 0x00, 0x04, 0x1d, 0x04, 0x60, 0x00, 0x14, 0x00, 0x47, 0x00, 0xb2, 0x00, 0x00, 0x00, 0x2b,
  0xb0, 0x08, 0x33, 0xb2, 0x01, 0x01, 0x00, 0x2b, 0xb2, 0x05, 0x01, 0x00, 0x2b, 0xb1, 0x10, 0x07,
  0xe9, 0x01, 0xb0, 0x15, 0x2f, 0xb0, 0x00, 0xd6, 0xb1, 0x14, 0x10, 0xe9, 0xb0, 0x02, 0x32, 0xb0,
  0x14, 0x10, 0xb1, 0x09, 0x01, 0x2b, 0xb1, 0x08, 0x10, 0xe9, 0xb1, 0x16, 0x01, 0x2b, 0xb1, 0x09,
  0x14, 0x11, 0x12, 0xb0, 0x05, 0x39, 0x00, 0xb1, 0x10, 0x00, 0x11, 0x12, 0xb0, 0x03, 0x39, 0x30,
  0x31, 0x33, 0x11, 0x33, 0x15, 0x36, 0x33, 0x20, 0x19, 0x01, 0x23, 0x11, 0x34, 0x2e, 0x03, 0x23,
  0x22, 0x06, 0x15, 0x11, 0x93, 0xbb, 0x6f, 0xf5, 0x01, 0x6b, 0xbb, 0x09, 0x1d, 0x34, 0x59, 0x3e,
  0x89, 0x9a, 0x04, 0x4e, 0xa6, 0xb8, 0xfe, 0x58, 0xfd, 0x48, 0x02, 0x81, 0x39, 0x54, 0x57, 0x36,
  0x23, 0xb9, 0xaf, 0xfd, 0xaa, 0x00, 0x00, 0x00, 0x00, 0x02, 0x00, 0x4c, 0xff, 0xe5, 0x04, 0x60,
  0x04, 0x60, 0x00, 0x0f, 0x00, 0x1f, 0x00, 0x4a, 0x00, 0xb2, 0x0d, 0x00, 0x00, 0x2b, 0xb1, 0x15,
  0x07, 0xe9, 0xb2, 0x05, 0x01, 0x00, 0x2b, 0xb1, 0x1d, 0x07, 0xe9, 0x01, 0xb0, 0x20, 0x2f, 0xb0,
  0x01, 0xd6, 0xb1, 0x10, 0x12, 0xe9, 0xb0, 0x10, 0x10, 0xb1, 0x18, 0x01, 0x2b, 0xb1, 0x09, 0x12,
  0xe9, 0xb1, 0x21, 0x01, 0x2b, 0xb1, 0x18, 0x10, 0x11, 0x12, 0xb3, 0x05, 0x0c, 0x0d, 0x04, 0x24,
  0x17, 0x39, 0x00, 0xb1, 0x1d, 0x15, 0x11, 0x12, 0xb3, 0x01, 0x08, 0x09, 0x00, 0x24, 0x17, 0x39,
  0x30, 0x31, 0x12, 0x10, 0x3e, 0x02, 0x32, 0x1e, 0x02, 0x10, 0x0e, 0x02, 0x22, 0x2e, 0x01, 0x13,
  0x14, 0x1e, 0x02, 0x33, 0x32, 0x36, 0x35, 0x34, 0x2e, 0x02, 0x23, 0x22, 0x06, 0x4c, 0x58, 0x95,
  0xb7, 0xcc, 0xb7, 0x95, 0x58, 0x58, 0x95, 0xb7, 0xcc, 0xb7, 0x95, 0x6e, 0x33, 0x5b, 0x72, 0x44,
  0x8d, 0xb7, 0x33, 0x5b, 0x72, 0x44, 0x90, 0xb4, 0x01, 0x93, 0x01, 0x20, 0xe2, 0x86, 0x45, 0x45,
  0x86, 0xe2, 0xfe, 0xe0, 0xe2, 0x87, 0x45, 0x45, 0x87, 0x01, 0x72, 0x6a, 0xa2, 0x5f, 0x2f, 0xd0,
  0xca, 0x6a, 0xa1, 0x5f, 0x2f, 0xc5, 0x00, 0x00, 0x00, 0x02, 0x00, 0x93, 0xfe, 0x9a, 0x04, 0x87,
  0x04, 0x60, 0x00, 0x10, 0x00, 0x1e, 0x00, 0x5c, 0x00, 0xb2, 0x0d, 0x00, 0x00, 0x2b, 0xb1, 0x16,
  0x06, 0xe9, 0xb2, 0x01, 0x01, 0x00, 0x2b, 0xb2, 0x05, 0x01, 0x00, 0x2b, 0xb1, 0x1b, 0x06, 0xe9,
  0xb0, 0x00, 0x2f, 0x01, 0xb0, 0x1f, 0x2f, 0xb0, 0x00, 0xd6, 0xb1, 0x10, 0x10, 0xe9, 0xb0, 0x02,
  0x32, 0xb0, 0x10, 0x10, 0xb1, 0x19, 0x01, 0x2b, 0xb1, 0x08, 0x13, 0xe9, 0xb1, 0x20, 0x01, 0x2b,
  0xb1, 0x10, 0x00, 0x11, 0x12, 0xb1, 0x11, 0x12, 0x39, 0x39, 0xb0, 0x19, 0x11, 0xb3, 0x05, 0x0d,
  0x16, 0x1b, 0x24, 0x17, 0x39, 0x00, 0xb1, 0x1b, 0x16, 0x11, 0x12, 0xb2, 0x08, 0x0f, 0x03, 0x39,
  0x39, 0x39, 0x30, 0x31, 0x13, 0x11, 0x33, 0x15, 0x36, 0x33, 0x32, 0x00, 0x11, 0x14, 0x0e, 0x02,
  0x23, 0x22, 0x27, 0x11, 0x02, 0x14, 0x1e, 0x02, 0x33, 0x32, 0x36, 0x10, 0x26, 0x23, 0x22, 0x0e,
  0x01, 0x93, 0xbb, 0x70, 0xf8, 0xc9, 0x01, 0x08, 0x48, 0x7e, 0xa9, 0x62, 0xf8, 0x70, 0x08, 0x35,
  0x5b, 0x71, 0x40, 0x95, 0xa0, 0xa0, 0x95, 0x40, 0x71, 0x5b, 0xfe, 0x9a, 0x05, 0xb4, 0xae, 0xc0,
  0xfe, 0xcb, 0xfe, 0xf8, 0x86, 0xdb, 0x8f, 0x4e, 0xc1, 0xfd, 0xf4, 0x03, 0xf2, 0xd2, 0xa3, 0x61,
  0x31, 0xd9, 0x01, 0x8a, 0xd9, 0x31, 0x61, 0x00, 0x00, 0x02, 0x00, 0x48, 0xfe, 0x9a, 0x04, 0x3b,
  0x04, 0x60, 0x00, 0x10, 0x00, 0x1e, 0x00, 0x5c, 0x00, 0xb2, 0x0c, 0x00, 0x00, 0x2b, 0xb1, 0x14,
  0x06, 0xe9, 0xb2, 0x06, 0x01, 0x00, 0x2b, 0xb2, 0x03, 0x01, 0x00, 0x2b, 0xb1, 0x1d, 0x06, 0xe9,
  0xb0, 0x09, 0x2f, 0x01, 0xb0, 0x1f, 0x2f, 0xb0, 0x00, 0xd6, 0xb1, 0x12, 0x13, 0xe9, 0xb0, 0x12,
  0x10, 0xb1, 0x09, 0x01, 0x2b, 0xb0, 0x05, 0x32, 0xb1, 0x08, 0x10, 0xe9, 0xb1, 0x20, 0x01, 0x2b,
  0xb1, 0x09, 0x12, 0x11, 0x12, 0xb3, 0x03, 0x0c, 0x14, 0x1d, 0x24, 0x17, 0x39, 0xb0, 0x08, 0x11,
  0xb1, 0x18, 0x19, 0x39, 0x39, 0x00, 0xb1, 0x1d, 0x14, 0x11, 0x12, 0xb2, 0x00, 0x0a, 0x05, 0x39,
  0x39, 0x39, 0x30, 0x31, 0x13, 0x10, 0x00, 0x33, 0x32, 0x17, 0x35, 0x33, 0x11, 0x23, 0x11, 0x06,
  0x23, 0x22, 0x2e, 0x02, 0x12, 0x10, 0x16, 0x33, 0x32, 0x3e, 0x02, 0x34, 0x2e, 0x02, 0x23, 0x22,
  0x48, 0x01, 0x08, 0xc9, 0xf8, 0x70, 0xba, 0xba, 0x70, 0xf8, 0x62, 0xa9, 0x7e, 0x48, 0xca, 0xa1,
  0x95, 0x40, 0x71, 0x5b, 0x35, 0x35, 0x5b, 0x71, 0x40, 0x95, 0x02, 0x23, 0x01, 0x08, 0x01, 0x35,
  0xc0, 0xae, 0xfa, 0x4c, 0x02, 0x0c, 0xc1, 0x4e, 0x8f, 0xdb, 0x01, 0x4b, 0xfe, 0x76, 0xd9, 0x31,
  0x61, 0xa3, 0xd2, 0xa3, 0x61, 0x31, 0x00, 0x00, 0x00, 0x01, 0x00, 0x93, 0x00, 0x00, 0x02, 0xb8,
  0x04, 0x54, 0x00, 0x0f, 0x00, 0x2f, 0x00, 0xb2, 0x00, 0x00, 0x00, 0x2b, 0xb2, 0x06, 0x01, 0x00,
  0x2b, 0xb0, 0x01, 0x33, 0xb1, 0x0b, 0x0b, 0xe9, 0x01, 0xb0, 0x10, 0x2f, 0xb0, 0x00, 0xd6, 0xb1,
  0x0f, 0x10, 0xe9, 0xb0, 0x02, 0x32, 0xb1, 0x11, 0x01, 0x2b, 0x00, 0xb1, 0x0b, 0x00, 0x11, 0x12,
  0xb0, 0x03, 0x39, 0x30, 0x31, 0x33, 0x11, 0x33, 0x15, 0x3e, 0x01, 0x37, 0x32, 0x17, 0x15, 0x26,
  0x23, 0x22, 0x06, 0x15, 0x11, 0x93, 0xb7, 0x29, 0xa2, 0x6c, 0x23, 0x14, 0x4e, 0x1a, 0x84, 0x7e,
  0x04, 0x4e, 0xc1, 0x5d, 0x67, 0x03, 0x02, 0xc7, 0x08, 0x9f, 0xb2, 0xfd, 0xbe, 0x00, 0x00, 0x00,
  0x00, 0x01, 0x00, 0x39, 0xff, 0xe5, 0x03, 0xe3, 0x04, 0x62, 0x00, 0x2c, 0x00, 0xf8, 0x00, 0xb2,
  0x28, 0x00, 0x00, 0x2b, 0xb1, 0x03, 0x06, 0xe9, 0xb2, 0x03, 0x28, 0x0a, 0x2b, 0xb3, 0x40, 0x03,
  0x00, 0x09, 0x2b, 0xb2, 0x12, 0x01, 0x00, 0x2b, 0xb1, 0x18, 0x06, 0xe9, 0xb2, 0x18, 0x12, 0x0a,
  0x2b, 0xb3, 0x40, 0x18, 0x16, 0x09, 0x2b, 0x01, 0xb0, 0x2d, 0x2f, 0xb0, 0x0f, 0xd6, 0xb1, 0x1c,
  0x10, 0xe9, 0xb0, 0x1c, 0x10, 0xb0, 0x01, 0x20, 0xd6, 0x11, 0xb1, 0x00, 0x12, 0xe9, 0xb0, 0x00,
  0x2f, 0xb1, 0x01, 0x12, 0xe9, 0xb0, 0x1c, 0x10, 0xb1, 0x06, 0x01, 0x2b, 0xb1, 0x25, 0x10, 0xe9,
  0xb0, 0x15, 0x32, 0xb0, 0x25, 0x10, 0xb1, 0x16, 0x11, 0xe9, 0xb0, 0x16, 0x2f, 0xb1, 0x2e, 0x01,
  0x2b, 0xb0, 0x36, 0x1a, 0xba, 0xef, 0xdc, 0xc2, 0x12, 0x00, 0x15, 0x2b, 0x0a, 0x0e, 0xb0, 0x0a,
  0x10, 0xb0, 0x09, 0xc0, 0xb1, 0x1f, 0x09, 0xf9, 0xb0, 0x22, 0xc0, 0xba, 0xf3, 0x4d, 0xc1, 0x46,
  0x00, 0x15, 0x2b, 0x0a, 0xb1, 0x0a, 0x09, 0x08, 0xb0, 0x0a, 0x10, 0xb0, 0x09, 0xc0, 0xb1, 0x1f,
  0x09, 0xf9, 0x0e, 0xb0, 0x20, 0xc0, 0xb1, 0x1f, 0x20, 0x08, 0xb3, 0x20, 0x1f, 0x22, 0x13, 0x2b,
  0xba, 0xf0, 0x52, 0xc1, 0xf3, 0x00, 0x15, 0x2b, 0x0b, 0xb3, 0x21, 0x1f, 0x22, 0x13, 0x2b, 0xb2,
  0x21, 0x1f, 0x22, 0x20, 0x8a, 0x20, 0x8a, 0x23, 0x06, 0x0e, 0x11, 0x12, 0x39, 0x00, 0xb5, 0x09,
  0x0a, 0x1f, 0x20, 0x21, 0x22, 0x2e, 0x2e, 0x2e, 0x2e, 0x2e, 0x2e, 0x01, 0xb5, 0x09, 0x0a, 0x1f,
  0x20, 0x21, 0x22, 0x2e, 0x2e, 0x2e, 0x2e, 0x2e, 0x2e, 0xb0, 0x40, 0x1a, 0x01, 0xb1, 0x16, 0x1c,
  0x11, 0x12, 0xb2, 0x03, 0x12, 0x28, 0x39, 0x39, 0x39, 0x00, 0xb1, 0x18, 0x03, 0x11, 0x12, 0xb1,
  0x0f, 0x25, 0x39, 0x39, 0x30, 0x31, 0x13, 0x33, 0x16, 0x33, 0x32, 0x36, 0x35, 0x34, 0x26, 0x2f,
  0x01, 0x2e, 0x03, 0x35, 0x34, 0x36, 0x33, 0x32, 0x16, 0x17, 0x23, 0x26, 0x23, 0x22, 0x0e, 0x01,
  0x15, 0x14, 0x16, 0x1f, 0x01, 0x1e, 0x03, 0x15, 0x14, 0x04, 0x23, 0x22, 0x2e, 0x02, 0x39, 0xc5,
  0x2e, 0xf3, 0x73, 0x95, 0x7c, 0x6c, 0xa3, 0x43, 0x66, 0x63, 0x36, 0xfe, 0xc3, 0xb7, 0xe8, 0x1b,
  0xc3, 0x29, 0xe3, 0x3e, 0x68, 0x49, 0x55, 0x5b, 0x9b, 0x56, 0x7f, 0x71, 0x3b, 0xff, 0x00, 0xc8,
  0x6b, 0xb4, 0x75, 0x46, 0x01, 0x64, 0xe1, 0x59, 0x4b, 0x4d, 0x54, 0x15, 0x21, 0x0e, 0x27, 0x44,
  0x6f, 0x49, 0x8e, 0xa5, 0xb7, 0x9f, 0xb7, 0x1b, 0x42, 0x2f, 0x3f, 0x42, 0x14, 0x1f, 0x11, 0x2d,
  0x4a, 0x73, 0x4d, 0x9f, 0xb7, 0x41, 0x6d, 0x87, 0x00, 0x01, 0x00, 0x1b, 0x00, 0x00, 0x02, 0x54,
  0x05, 0x62, 0x00, 0x15, 0x00, 0x55, 0x00, 0xb2, 0x0f, 0x00, 0x00, 0x2b, 0xb1, 0x0c, 0x05, 0xe9,
  0xb2, 0x01, 0x01, 0x00, 0x2b, 0xb0, 0x05, 0x33, 0xb1, 0x00, 0x04, 0xe9, 0xb0, 0x07, 0x32, 0xb2,
  0x01, 0x00, 0x0a, 0x2b, 0xb3, 0x40, 0x01, 0x04, 0x09, 0x2b, 0x01, 0xb0, 0x16, 0x2f, 0xb0, 0x14,
  0xd6, 0xb0, 0x02, 0x32, 0xb1, 0x09, 0x10, 0xe9, 0xb0, 0x04, 0x32, 0xb2, 0x09, 0x14, 0x0a, 0x2b,
  0xb3, 0x40, 0x09, 0x07, 0x09, 0x2b, 0xb0, 0x0d, 0x32, 0xb2, 0x14, 0x09, 0x0a, 0x2b, 0xb3, 0x40,
  0x14, 0x00, 0x09, 0x2b, 0xb1, 0x17, 0x01, 0x2b, 0x00, 0x30, 0x31, 0x13, 0x35, 0x33, 0x11, 0x33,
  0x11, 0x33, 0x15, 0x23, 0x11, 0x14, 0x16, 0x3b, 0x01, 0x15, 0x23, 0x22, 0x2e, 0x02, 0x35, 0x11,
  0x1b, 0xae, 0xba, 0xd1, 0xd1, 0x26, 0x4d, 0x5e, 0x87, 0x53, 0x5f, 0x3d, 0x15, 0x03, 0xb8, 0x96,
  0x01, 0x14, 0xfe, 0xec, 0x96, 0xfd, 0x73, 0x5a, 0x35, 0x9c, 0x15, 0x3f, 0x67, 0x59, 0x02, 0xa4,
  0x00, 0x01, 0x00, 0x83, 0xff, 0xe5, 0x03, 0xf8, 0x04, 0x4e, 0x00, 0x14, 0x00, 0x47, 0x00, 0xb2,
  0x10, 0x00, 0x00, 0x2b, 0xb2, 0x13, 0x00, 0x00, 0x2b, 0xb1, 0x09, 0x07, 0xe9, 0xb2, 0x01, 0x01,
  0x00, 0x2b, 0xb0, 0x0d, 0x33, 0x01, 0xb0, 0x15, 0x2f, 0xb0, 0x00, 0xd6, 0xb1, 0x03, 0x10, 0xe9,
  0xb0, 0x03, 0x10, 0xb1, 0x10, 0x01, 0x2b, 0xb0, 0x0c, 0x32, 0xb1, 0x0f, 0x10, 0xe9, 0xb1, 0x16,
  0x01, 0x2b, 0xb1, 0x10, 0x03, 0x11, 0x12, 0xb0, 0x13, 0x39, 0x00, 0xb1, 0x01, 0x09, 0x11, 0x12,
  0xb0, 0x11, 0x39, 0x30, 0x31, 0x13, 0x11, 0x33, 0x11, 0x14, 0x1e, 0x03, 0x33, 0x32, 0x36, 0x35,
  0x11, 0x33, 0x11, 0x23, 0x35, 0x06, 0x23, 0x20, 0x83, 0xba, 0x09, 0x1d, 0x31, 0x56, 0x3b, 0x85,
  0x93, 0xbb, 0xbb, 0x70, 0xea, 0xfe, 0xa0, 0x01, 0x8d, 0x02, 0xc1, 0xfd, 0x77, 0x39, 0x54, 0x57,
  0x37, 0x23, 0xba, 0xaf, 0x02, 0x5e, 0xfb, 0xb2, 0x9e, 0xb9, 0x00, 0x00, 0x00, 0x01, 0x00, 0x00,
  0x00, 0x00, 0x03, 0xe5, 0x04, 0x4e, 0x00, 0x06, 0x00, 0x21, 0x00, 0xb2, 0x06, 0x00, 0x00, 0x2b,
  0xb2, 0x00, 0x01, 0x00, 0x2b, 0xb0, 0x03, 0x33, 0x01, 0xb0, 0x07, 0x2f, 0xb1, 0x08, 0x01, 0x2b,
  0x00, 0xb1, 0x00, 0x06, 0x11, 0x12, 0xb0, 0x02, 0x39, 0x30, 0x31, 0x11, 0x33, 0x09, 0x01, 0x33,
  0x01, 0x23, 0xcf, 0x01, 0x2b, 0x01, 0x2b, 0xc0, 0xfe, 0x61, 0xa6, 0x04, 0x4e, 0xfc, 0xb4, 0x03,
  0x4c, 0xfb, 0xb2, 0x00, 0x00, 0x01, 0x00, 0x0a, 0x00, 0x00, 0x05, 0xb8, 0x04, 0x4e, 0x00, 0x0c,
  0x00, 0x91, 0x00, 0xb2, 0x0c, 0x00, 0x00, 0x2b, 0xb1, 0x09, 0x0b, 0x33, 0x33, 0xb2, 0x00, 0x01,
  0x00, 0x2b, 0xb2, 0x03, 0x04, 0x06, 0x33, 0x33, 0x33, 0x01, 0xb0, 0x0d, 0x2f, 0xb0, 0x00, 0xd6,
  0xb1, 0x01, 0x13, 0xe9, 0xb0, 0x01, 0x10, 0xb1, 0x06, 0x01, 0x2b, 0xb1, 0x07, 0x12, 0xe9, 0xb1,
  0x0e, 0x01, 0x2b, 0xb0, 0x36, 0x1a, 0xba, 0x3d, 0xcf, 0xef, 0x64, 0x00, 0x15, 0x2b, 0x0a, 0xb0,
  0x03, 0x2e, 0x0e, 0xb0, 0x02, 0xc0, 0xb1, 0x0a, 0x1a, 0xf9, 0x05, 0xb0, 0x0b, 0xc0, 0xba, 0xc2,
  0x31, 0xef, 0x64, 0x00, 0x15, 0x2b, 0x0a, 0xb0, 0x09, 0x2e, 0xb1, 0x0b, 0x0a, 0x08, 0xb0, 0x0a,
  0xc0, 0x0e, 0xb1, 0x05, 0x1a, 0xf9, 0x05, 0xb0, 0x04, 0xc0, 0x03, 0x00, 0xb2, 0x02, 0x05, 0x0a,
  0x2e, 0x2e, 0x2e, 0x01, 0xb6, 0x02, 0x03, 0x04, 0x05, 0x09, 0x0a, 0x0b, 0x2e, 0x2e, 0x2e, 0x2e,
  0x2e, 0x2e, 0x2e, 0xb0, 0x40, 0x1a, 0xb1, 0x06, 0x01, 0x11, 0x12, 0xb1, 0x08, 0x0c, 0x39, 0x39,
  0x00, 0x30, 0x31, 0x13, 0x33, 0x1b, 0x01, 0x33, 0x1b, 0x01, 0x33, 0x01, 0x23, 0x0b, 0x01, 0x23,
  0x0a, 0xc9, 0xd3, 0xdb, 0xc1, 0xdb, 0xd3, 0xc8, 0xfe, 0xc3, 0xaa, 0xf4, 0xeb, 0xaa, 0x04, 0x4e,
  0xfc, 0xd1, 0x03, 0x2f, 0xfc, 0xd1, 0x03, 0x2f, 0xfb, 0xb2, 0x03, 0x77, 0xfc, 0x89, 0x00, 0x00,
  0x00, 0x01, 0x00, 0x10, 0x00, 0x00, 0x04, 0x19, 0x04, 0x4e, 0x00, 0x0b, 0x00, 0x26, 0x00, 0xb2,
  0x00, 0x00, 0x00, 0x2b, 0xb0, 0x08, 0x33, 0xb2, 0x02, 0x01, 0x00, 0x2b, 0xb0, 0x05, 0x33, 0x01,
  0xb0, 0x0c, 0x2f, 0xb1, 0x0d, 0x01, 0x2b, 0x00, 0xb1, 0x02, 0x00, 0x11, 0x12, 0xb1, 0x04, 0x0a,
  0x39, 0x39, 0x30, 0x31, 0x33, 0x09, 0x01, 0x33, 0x09, 0x01, 0x33, 0x09, 0x01, 0x23, 0x09, 0x01,
  0x10, 0x01, 0x96, 0xfe, 0x83, 0xdf, 0x01, 0x0c, 0x01, 0x0f, 0xd1, 0xfe, 0x89, 0x01, 0x9c, 0xe0,
  0xfe, 0xd5, 0xfe, 0xd7, 0x02, 0x37, 0x02, 0x17, 0xfe, 0x85, 0x01, 0x7b, 0xfd, 0xf1, 0xfd, 0xc1,
  0x01, 0xa4, 0xfe, 0x5c, 0x00, 0x01, 0x00, 0x00, 0xfe, 0x9a, 0x03, 0xba, 0x04, 0x4e, 0x00, 0x15,
  0x00, 0x2a, 0x00, 0xb2, 0x00, 0x01, 0x00, 0x2b, 0xb0, 0x03, 0x33, 0xb0, 0x0c, 0x2f, 0xb1, 0x0d,
  0x05, 0xe9, 0x01, 0xb0, 0x16, 0x2f, 0xb0, 0x03, 0xd6, 0xb1, 0x04, 0x11, 0xe9, 0xb1, 0x17, 0x01,
  0x2b, 0x00, 0xb1, 0x00, 0x0d, 0x11, 0x12, 0xb0, 0x02, 0x39, 0x30, 0x31, 0x11, 0x33, 0x09, 0x01,
  0x33, 0x01, 0x0e, 0x04, 0x2b, 0x01, 0x35, 0x33, 0x32, 0x3e, 0x03, 0x3f, 0x01, 0xcf, 0x01, 0x18,
  0x01, 0x11, 0xc2, 0xfe, 0x77, 0x1a, 0x2b, 0x3a, 0x4d, 0x68, 0x4b, 0x60, 0x4c, 0x2b, 0x30, 0x39,
  0x22, 0x22, 0x0f, 0x08, 0x04, 0x4e, 0xfc, 0xae, 0x03, 0x52, 0xfb, 0x83, 0x4e, 0x5f, 0x4f, 0x27,
  0x14, 0x9b, 0x04, 0x13, 0x27, 0x43, 0x33, 0x17, 0x00, 0x01, 0x00, 0x44, 0x00, 0x00, 0x03, 0xa6,
  0x04, 0x4e, 0x00, 0x09, 0x00, 0x2c, 0x00, 0xb2, 0x00, 0x00, 0x00, 0x2b, 0xb1, 0x07, 0x07, 0xe9,
  0xb2, 0x04, 0x01, 0x00, 0x2b, 0xb1, 0x03, 0x07, 0xe9, 0x01, 0xb0, 0x0a, 0x2f, 0xb1, 0x0b, 0x01,
  0x2b, 0x00, 0xb1, 0x07, 0x00, 0x11, 0x12, 0xb0, 0x01, 0x39, 0xb0, 0x03, 0x11, 0xb0, 0x06, 0x39,
  0x30, 0x31, 0x33, 0x35, 0x01, 0x21, 0x35, 0x21, 0x15, 0x01, 0x21, 0x15, 0x44, 0x02, 0x7d, 0xfd,
  0xac, 0x03, 0x2d, 0xfd, 0x85, 0x02, 0x87, 0xa2, 0x03, 0x0a, 0xa2, 0xa2, 0xfc, 0xf6, 0xa2, 0x00,
  0x00, 0x01, 0x00, 0x17, 0xfe, 0x9a, 0x02, 0x3d, 0x05, 0xcd, 0x00, 0x2c, 0x00, 0x60, 0x00, 0xb2,
  0x0d, 0x02, 0x00, 0x2b, 0xb1, 0x10, 0x06, 0xe9, 0xb0, 0x22, 0x2f, 0xb1, 0x1f, 0x06, 0xe9, 0xb0,
  0x00, 0x2f, 0xb1, 0x01, 0x04, 0xe9, 0x01, 0xb0, 0x2d, 0x2f, 0xb0, 0x27, 0xd6, 0xb0, 0x07, 0x32,
  0xb1, 0x1c, 0x10, 0xe9, 0xb0, 0x13, 0x32, 0xb2, 0x1c, 0x27, 0x0a, 0x2b, 0xb3, 0x40, 0x1c, 0x21,
  0x09, 0x2b, 0xb0, 0x0e, 0x32, 0xb1, 0x2e, 0x01, 0x2b, 0xb1, 0x1c, 0x27, 0x11, 0x12, 0xb0, 0x17,
  0x39, 0x00, 0xb1, 0x00, 0x1f, 0x11, 0x12, 0xb1, 0x1b, 0x27, 0x39, 0x39, 0xb0, 0x01, 0x11, 0xb1,
  0x17, 0x18, 0x39, 0x39, 0xb0, 0x10, 0x12, 0xb1, 0x08, 0x14, 0x39, 0x39, 0x30, 0x31, 0x13, 0x35,
  0x32, 0x3e, 0x03, 0x35, 0x11, 0x34, 0x3e, 0x02, 0x3b, 0x01, 0x15, 0x23, 0x22, 0x06, 0x15, 0x11,
  0x14, 0x06, 0x07, 0x15, 0x1e, 0x01, 0x15, 0x11, 0x14, 0x16, 0x3b, 0x01, 0x15, 0x23, 0x22, 0x2e,
  0x02, 0x35, 0x11, 0x34, 0x2e, 0x02, 0x17, 0x28, 0x39, 0x21, 0x13, 0x06, 0x17, 0x42, 0x73, 0x5f,
  0x60, 0x5c, 0x48, 0x2a, 0x54, 0x58, 0x58, 0x54, 0x2a, 0x48, 0x5c, 0x60, 0x5f, 0x73, 0x42, 0x17,
  0x0a, 0x1f, 0x40, 0x01, 0xe9, 0x96, 0x14, 0x22, 0x39, 0x3a, 0x2a, 0x01, 0x4c, 0x5b, 0x6c, 0x4b,
  0x1d, 0x9e, 0x37, 0x58, 0xfe, 0xae, 0x86, 0x7a, 0x17, 0x06, 0x17, 0x79, 0x86, 0xfe, 0xac, 0x58,
  0x38, 0x9d, 0x1d, 0x4b, 0x6c, 0x5b, 0x01, 0x4e, 0x35, 0x44, 0x3d, 0x1c, 0x00, 0x01, 0x00, 0xb0,
  0xff, 0x48, 0x01, 0x5a, 0x05, 0xcd, 0x00, 0x03, 0x00, 0x1c, 0x00, 0xb2, 0x01, 0x02, 0x00, 0x2b,
  0x01, 0xb0, 0x04, 0x2f, 0xb0, 0x00, 0xd6, 0xb1, 0x03, 0x0f, 0xe9, 0xb1, 0x03, 0x0f, 0xe9, 0xb1,
  0x05, 0x01, 0x2b, 0x00, 0x30, 0x31, 0x17, 0x11, 0x33, 0x11, 0xb0, 0xaa, 0xb8, 0x06, 0x85, 0xf9,
  0x7b, 0x00, 0x00, 0x00, 0x00, 0x01, 0x00, 0x14, 0xfe, 0x9a, 0x02, 0x3b, 0x05, 0xcd, 0x00, 0x2c,
  0x00, 0x60, 0x00, 0xb2, 0x12, 0x02, 0x00, 0x2b, 0xb1, 0x11, 0x06, 0xe9, 0xb0, 0x2c, 0x2f, 0xb1,
  0x00, 0x06, 0xe9, 0xb0, 0x20, 0x2f, 0xb1, 0x1f, 0x04, 0xe9, 0x01, 0xb0, 0x2d, 0x2f, 0xb0, 0x04,
  0xd6, 0xb0, 0x0c, 0x32, 0xb1, 0x26, 0x10, 0xe9, 0xb0, 0x18, 0x32, 0xb2, 0x04, 0x26, 0x0a, 0x2b,
  0xb3, 0x40, 0x04, 0x2c, 0x09, 0x2b, 0xb0, 0x11, 0x32, 0xb1, 0x2e, 0x01, 0x2b, 0xb1, 0x26, 0x04,
  0x11, 0x12, 0xb0, 0x08, 0x39, 0x00, 0xb1, 0x20, 0x00, 0x11, 0x12, 0xb1, 0x05, 0x26, 0x39, 0x39,
  0xb0, 0x1f, 0x11, 0xb1, 0x09, 0x08, 0x39, 0x39, 0xb0, 0x11, 0x12, 0xb1, 0x0c, 0x18, 0x39, 0x39,
  0x30, 0x31, 0x17, 0x33, 0x32, 0x36, 0x35, 0x11, 0x34, 0x36, 0x37, 0x35, 0x2e, 0x01, 0x35, 0x11,
  0x34, 0x26, 0x2b, 0x01, 0x35, 0x33, 0x32, 0x1e, 0x02, 0x15, 0x11, 0x14, 0x1e, 0x03, 0x33, 0x15,
  0x22, 0x0e, 0x02, 0x15, 0x11, 0x14, 0x0e, 0x02, 0x2b, 0x01, 0x14, 0x5d, 0x48, 0x2a, 0x54, 0x58,
  0x58, 0x54, 0x2a, 0x48, 0x5d, 0x61, 0x5f, 0x73, 0x42, 0x17, 0x06, 0x13, 0x21, 0x39, 0x28, 0x32,
  0x40, 0x1f, 0x0a, 0x17, 0x42, 0x73, 0x5f, 0x61, 0xc9, 0x38, 0x58, 0x01, 0x54, 0x86, 0x79, 0x17,
  0x06, 0x17, 0x7a, 0x86, 0x01, 0x52, 0x58, 0x37, 0x9e, 0x1d, 0x4b, 0x6c, 0x5b, 0xfe, 0xb4, 0x2a,
  0x3a, 0x39, 0x22, 0x14, 0x96, 0x1c, 0x3d, 0x44, 0x35, 0xfe, 0xb2, 0x5b, 0x6c, 0x4b, 0x1d, 0x00,
  0x00, 0x01, 0x00, 0x93, 0x01, 0xa8, 0x04, 0xd9, 0x02, 0xd7, 0x00, 0x17, 0x00, 0x4b, 0x00, 0xb0,
  0x14, 0x2f, 0xb1, 0x03, 0x07, 0xe9, 0xb0, 0x0b, 0x32, 0xb3, 0x08, 0x03, 0x14, 0x08, 0x2b, 0xb1,
  0x0f, 0x07, 0xe9, 0xb0, 0x00, 0x32, 0x01, 0xb0, 0x18, 0x2f, 0xb0, 0x00, 0xd6, 0xb1, 0x17, 0x0f,
  0xe9, 0xb0, 0x17, 0x10, 0xb1, 0x0b, 0x01, 0x2b, 0xb1, 0x0c, 0x0f, 0xe9, 0xb1, 0x19, 0x01, 0x2b,
  0xb1, 0x17, 0x00, 0x11, 0x12, 0xb0, 0x01, 0x39, 0xb0, 0x0b, 0x11, 0xb1, 0x03, 0x0f, 0x39, 0x39,
  0xb0, 0x0c, 0x12, 0xb0, 0x0d, 0x39, 0x00, 0x30, 0x31, 0x13, 0x3e, 0x01, 0x33, 0x32, 0x1e, 0x02,
  0x33, 0x32, 0x36, 0x37, 0x33, 0x0e, 0x01, 0x23, 0x22, 0x2e, 0x02, 0x23, 0x22, 0x06, 0x07, 0x93,
  0x08, 0xaa, 0x8a, 0x42, 0x8e, 0x65, 0x72, 0x28, 0x39, 0x4e, 0x06, 0xae, 0x09, 0xaa, 0x88, 0x38,
  0x87, 0x67, 0x7b, 0x2e, 0x3b, 0x4e, 0x04, 0x01, 0xa8, 0x87, 0xa8, 0x2c, 0x35, 0x2c, 0x4b, 0x42,
  0x88, 0xa7, 0x2b, 0x35, 0x2b, 0x49, 0x42, 0x00, 0x00, 0x02, 0x00, 0x85, 0xfe, 0x9a, 0x01, 0x71,
  0x04, 0x4e, 0x00, 0x03, 0x00, 0x09, 0x00, 0x3c, 0x00, 0xb2, 0x01, 0x01, 0x00, 0x2b, 0xb1, 0x00,
  0x0c, 0xe9, 0xb0, 0x09, 0x2f, 0x01, 0xb0, 0x0a, 0x2f, 0xb0, 0x00, 0xd6, 0xb1, 0x03, 0x17, 0xe9,
  0xb1, 0x03, 0x17, 0xe9, 0xb3, 0x08, 0x03, 0x00, 0x08, 0x2b, 0xb1, 0x09, 0x12, 0xe9, 0xb0, 0x09,
  0x2f, 0xb1, 0x08, 0x12, 0xe9, 0xb1, 0x0b, 0x01, 0x2b, 0x00, 0xb1, 0x00, 0x09, 0x11, 0x12, 0xb0,
  0x05, 0x39, 0x30, 0x31, 0x13, 0x35, 0x33, 0x15, 0x03, 0x13, 0x33, 0x13, 0x11, 0x23, 0x85, 0xec,
  0xd9, 0x29, 0x74, 0x29, 0xc6, 0x03, 0x62, 0xec, 0xec, 0xfc, 0xe2, 0x02, 0x58, 0xfd, 0xa8, 0xfe,
  0x56, 0x00, 0x00, 0x00, 0x00, 0x02, 0x00, 0x48, 0xff, 0x39, 0x04, 0x29, 0x05, 0x06, 0x00, 0x1c,
  0x00, 0x23, 0x00, 0x76, 0x00, 0xb2, 0x1a, 0x00, 0x00, 0x2b, 0xb0, 0x17, 0x33, 0xb1, 0x20, 0x08,
  0xe9, 0xb0, 0x10, 0x32, 0xb2, 0x1a, 0x20, 0x0a, 0x2b, 0xb3, 0x40, 0x1a, 0x19, 0x09, 0x2b, 0xb2,
  0x03, 0x01, 0x00, 0x2b, 0xb0, 0x06, 0x33, 0xb1, 0x21, 0x08, 0xe9, 0xb0, 0x0f, 0x32, 0xb2, 0x21,
  0x03, 0x0a, 0x2b, 0xb3, 0x40, 0x21, 0x0c, 0x09, 0x2b, 0xb2, 0x03, 0x21, 0x0a, 0x2b, 0xb3, 0x40,
  0x03, 0x04, 0x09, 0x2b, 0x01, 0xb0, 0x24, 0x2f, 0xb0, 0x00, 0xd6, 0xb1, 0x1d, 0x13, 0xe9, 0xb0,
  0x1d, 0x10, 0xb1, 0x19, 0x01, 0x2b, 0xb1, 0x03, 0x20, 0x32, 0x32, 0xb4, 0x18, 0x0e, 0x00, 0x0f,
  0x04, 0x2b, 0xb1, 0x05, 0x0f, 0x32, 0x32, 0xb1, 0x25, 0x01, 0x2b, 0x00, 0xb1, 0x21, 0x20, 0x11,
  0x12, 0xb2, 0x00, 0x13, 0x14, 0x39, 0x39, 0x39, 0x30, 0x31, 0x13, 0x34, 0x12, 0x37, 0x35, 0x33,
  0x15, 0x1e, 0x03, 0x17, 0x23, 0x2e, 0x01, 0x27, 0x11, 0x3e, 0x01, 0x37, 0x33, 0x0e, 0x01, 0x07,
  0x15, 0x23, 0x35, 0x26, 0x02, 0x37, 0x14, 0x16, 0x17, 0x11, 0x0e, 0x01, 0x48, 0xf4, 0xd6, 0x5f,
  0x5c, 0x9d, 0x68, 0x41, 0x0a, 0xbd, 0x13, 0x7e, 0x5e, 0x63, 0x80, 0x14, 0xc1, 0x1b, 0xef, 0xae,
  0x5f, 0xd7, 0xf3, 0xca, 0x8d, 0x73, 0x73, 0x8d, 0x02, 0x25, 0xe9, 0x01, 0x37, 0x17, 0xaa, 0xa6,
  0x04, 0x47, 0x6f, 0x84, 0x45, 0x5b, 0x78, 0x0a, 0xfc, 0xd1, 0x0a, 0x7a, 0x57, 0x97, 0xd9, 0x0f,
  0xae, 0xae, 0x12, 0x01, 0x39, 0xf5, 0xb4, 0xd1, 0x15, 0x03, 0x29, 0x14, 0xca, 0x00, 0x00, 0x00,
  0x00, 0x01, 0x00, 0x29, 0xff, 0xdd, 0x04, 0x5a, 0x05, 0xe7, 0x00, 0x43, 0x00, 0xce, 0x00, 0xb2,
  0x14, 0x02, 0x00, 0x2b, 0xb1, 0x1b, 0x06, 0xe9, 0xb2, 0x1b, 0x14, 0x0a, 0x2b, 0xb3, 0x40, 0x1b,
  0x17, 0x09, 0x2b, 0xb0, 0x3e, 0x2f, 0xb0, 0x43, 0x33, 0xb1, 0x38, 0x0a, 0xe9, 0xb0, 0x38, 0x10,
  0xb0, 0x35, 0x20, 0xd6, 0x11, 0xb1, 0x40, 0x09, 0xe9, 0xb0, 0x09, 0x2f, 0xb0, 0x2b, 0x33, 0xb4,
  0x0a, 0x04, 0x00, 0x1d, 0x04, 0x2b, 0xb0, 0x29, 0x32, 0x01, 0xb0, 0x44, 0x2f, 0xb0, 0x0f, 0xd6,
  0xb1, 0x20, 0x12, 0xe9, 0xb2, 0x0f, 0x20, 0x0a, 0x2b, 0xb3, 0x40, 0x0f, 0x09, 0x09, 0x2b, 0xb0,
  0x20, 0x10, 0xb1, 0x06, 0x0b, 0x2b, 0xb1, 0x2e, 0x11, 0xe9, 0xb2, 0x2e, 0x06, 0x0a, 0x2b, 0xb3,
  0x40, 0x2e, 0x2b, 0x09, 0x2b, 0xb0, 0x2e, 0x10, 0xb1, 0x18, 0x01, 0x2b, 0xb1, 0x17, 0x11, 0xe9,
  0xb0, 0x3b, 0x32, 0xb1, 0x45, 0x01, 0x2b, 0xb1, 0x20, 0x0f, 0x11, 0x12, 0xb3, 0x08, 0x0b, 0x32,
  0x33, 0x24, 0x17, 0x39, 0xb0, 0x2e, 0x11, 0xb3, 0x29, 0x2c, 0x35, 0x40, 0x24, 0x17, 0x39, 0xb0,
  0x18, 0x12, 0xb4, 0x14, 0x1b, 0x38, 0x3d, 0x3e, 0x24, 0x17, 0x39, 0xb0, 0x17, 0x11, 0xb0, 0x3a,
  0x39, 0x00, 0xb1, 0x40, 0x3e, 0x11, 0x12, 0xb0, 0x3b, 0x39, 0xb0, 0x38, 0x11, 0xb0, 0x00, 0x39,
  0xb0, 0x35, 0x12, 0xb2, 0x32, 0x33, 0x3a, 0x39, 0x39, 0x39, 0xb0, 0x09, 0x11, 0xb1, 0x06, 0x2e,
  0x39, 0x39, 0xb1, 0x1b, 0x0a, 0x11, 0x12, 0xb0, 0x0f, 0x39, 0x30, 0x31, 0x37, 0x3e, 0x04, 0x35,
  0x34, 0x27, 0x23, 0x35, 0x33, 0x2e, 0x02, 0x35, 0x34, 0x3e, 0x02, 0x33, 0x32, 0x00, 0x07, 0x23,
  0x2e, 0x01, 0x23, 0x22, 0x0e, 0x02, 0x15, 0x14, 0x1e, 0x06, 0x17, 0x21, 0x15, 0x21, 0x16, 0x15,
  0x14, 0x0e, 0x01, 0x07, 0x17, 0x36, 0x33, 0x32, 0x16, 0x33, 0x32, 0x37, 0x17, 0x0e, 0x01, 0x22,
  0x24, 0x23, 0x22, 0x06, 0x07, 0x29, 0x1f, 0x44, 0x51, 0x40, 0x2b, 0x25, 0xf8, 0xba, 0x22, 0x22,
  0x22, 0x56, 0x90, 0xa8, 0x5d, 0xe9, 0x01, 0x0a, 0x03, 0xc0, 0x03, 0xaa, 0x8b, 0x33, 0x5f, 0x56,
  0x34, 0x06, 0x06, 0x12, 0x09, 0x1b, 0x08, 0x21, 0x03, 0x01, 0x8b, 0xfe, 0xb1, 0x1c, 0x42, 0x5b,
  0x3c, 0x02, 0x4c, 0x40, 0x37, 0xe8, 0x4d, 0x70, 0x86, 0x37, 0x2e, 0xa2, 0x9a, 0xfe, 0xf3, 0x52,
  0x44, 0xa1, 0x46, 0x73, 0x0d, 0x28, 0x46, 0x52, 0x73, 0x3d, 0x5a, 0x5c, 0x85, 0x43, 0x4e, 0x7d,
  0x38, 0x62, 0x95, 0x55, 0x2a, 0xfe, 0xfa, 0xd9, 0xab, 0x97, 0x17, 0x32, 0x5c, 0x3d, 0x14, 0x2b,
  0x21, 0x33, 0x18, 0x3a, 0x10, 0x43, 0x05, 0x85, 0x56, 0x42, 0x4c, 0x85, 0x55, 0x23, 0x04, 0x1a,
  0x50, 0x38, 0xa2, 0x1b, 0x29, 0x52, 0x2b, 0x27, 0x00, 0x02, 0x00, 0x6f, 0x00, 0xb6, 0x04, 0xa8,
  0x04, 0xd5, 0x00, 0x1b, 0x00, 0x27, 0x00, 0x72, 0x00, 0xb0, 0x18, 0x2f, 0xb1, 0x1f, 0x05, 0xe9,
  0xb0, 0x25, 0x2f, 0xb1, 0x0a, 0x04, 0xe9, 0x01, 0xb0, 0x28, 0x2f, 0xb0, 0x03, 0xd6, 0xb1, 0x1c,
  0x0f, 0xe9, 0xb0, 0x1c, 0x10, 0xb1, 0x22, 0x01, 0x2b, 0xb1, 0x11, 0x0e, 0xe9, 0xb1, 0x29, 0x01,
  0x2b, 0xb1, 0x1c, 0x03, 0x11, 0x12, 0xb3, 0x01, 0x05, 0x07, 0x1b, 0x24, 0x17, 0x39, 0xb0, 0x22,
  0x11, 0xb3, 0x08, 0x0c, 0x16, 0x1a, 0x24, 0x17, 0x39, 0xb0, 0x11, 0x12, 0xb3, 0x0d, 0x0f, 0x13,
  0x15, 0x24, 0x17, 0x39, 0x00, 0xb1, 0x1f, 0x18, 0x11, 0x12, 0xb3, 0x14, 0x00, 0x16, 0x1a, 0x24,
  0x17, 0x39, 0xb0, 0x25, 0x11, 0xb3, 0x01, 0x05, 0x0f, 0x13, 0x24, 0x17, 0x39, 0xb0, 0x0a, 0x12,
  0xb3, 0x06, 0x08, 0x0c, 0x0e, 0x24, 0x17, 0x39, 0x30, 0x31, 0x13, 0x37, 0x26, 0x35, 0x34, 0x37,
  0x27, 0x37, 0x17, 0x36, 0x33, 0x32, 0x17, 0x37, 0x17, 0x07, 0x16, 0x15, 0x14, 0x07, 0x17, 0x07,
  0x27, 0x06, 0x23, 0x22, 0x27, 0x07, 0x13, 0x14, 0x16, 0x33, 0x32, 0x36, 0x35, 0x34, 0x26, 0x23,
  0x22, 0x06, 0x6f, 0x8d, 0x5a, 0x5a, 0x8d, 0x64, 0x8b, 0x82, 0xa5, 0xac, 0x81, 0x92, 0x64, 0x94,
  0x5b, 0x5b, 0x94, 0x64, 0x92, 0x87, 0xa6, 0xa0, 0x85, 0x8d, 0x79, 0xb0, 0x87, 0x8f, 0xb9, 0xb9,
  0x8f, 0x87, 0xb0, 0x01, 0x1b, 0x8f, 0x7e, 0x9d, 0x9e, 0x7e, 0x90, 0x64, 0x8b, 0x64, 0x68, 0x8f,
  0x64, 0x94, 0x84, 0x94, 0x99, 0x80, 0x91, 0x65, 0x90, 0x65, 0x63, 0x8e, 0x02, 0x0f, 0x8c, 0xbe,
  0xbe, 0x8c, 0x90, 0xc2, 0xc2, 0x00, 0x00, 0x00, 0x00, 0x01, 0xff, 0xf6, 0x00, 0x00, 0x04, 0xdd,
  0x05, 0xcd, 0x00, 0x16, 0x00, 0x7a, 0x00, 0xb2, 0x0e, 0x00, 0x00, 0x2b, 0xb2, 0x00, 0x02, 0x00,
  0x2b, 0xb0, 0x03, 0x33, 0xb4, 0x10, 0x11, 0x0e, 0x00, 0x0d, 0x2b, 0xb0, 0x09, 0x33, 0xb4, 0x10,
  0x04, 0x00, 0x1d, 0x04, 0x2b, 0xb0, 0x0b, 0x32, 0xb4, 0x14, 0x15, 0x0e, 0x00, 0x0d, 0x2b, 0xb0,
  0x05, 0x33, 0xb4, 0x14, 0x04, 0x00, 0x1d, 0x04, 0x2b, 0xb0, 0x07, 0x32, 0x01, 0xb0, 0x17, 0x2f,
  0xb0, 0x0e, 0xd6, 0xb0, 0x12, 0x32, 0xb1, 0x0d, 0x10, 0xe9, 0xb0, 0x08, 0x32, 0xb2, 0x0d, 0x0e,
  0x0a, 0x2b, 0xb3, 0x40, 0x0d, 0x0b, 0x09, 0x2b, 0xb0, 0x06, 0x32, 0xb2, 0x0e, 0x0d, 0x0a, 0x2b,
  0xb3, 0x40, 0x0e, 0x10, 0x09, 0x2b, 0xb0, 0x14, 0x32, 0xb1, 0x18, 0x01, 0x2b, 0xb1, 0x0d, 0x0e,
  0x11, 0x12, 0xb0, 0x02, 0x39, 0x00, 0xb1, 0x00, 0x15, 0x11, 0x12, 0xb0, 0x02, 0x39, 0x30, 0x31,
  0x03, 0x33, 0x09, 0x01, 0x33, 0x01, 0x21, 0x15, 0x21, 0x15, 0x21, 0x15, 0x21, 0x15, 0x23, 0x35,
  0x21, 0x35, 0x21, 0x35, 0x21, 0x35, 0x21, 0x0a, 0xdb, 0x01, 0x95, 0x01, 0x9e, 0xd9, 0xfe, 0x17,
  0x01, 0x29, 0xfe, 0xa1, 0x01, 0x5f, 0xfe, 0xa1, 0xbc, 0xfe, 0xb2, 0x01, 0x4e, 0xfe, 0xb2, 0x01,
  0x1b, 0x05, 0xcd, 0xfd, 0x00, 0x03, 0x00, 0xfc, 0xb8, 0x83, 0x9c, 0x83, 0xe3, 0xe3, 0x83, 0x9c,
  0x83, 0x00, 0x00, 0x00, 0x00, 0x02, 0x00, 0x93, 0xff, 0x48, 0x01, 0x3d, 0x05, 0xcd, 0x00, 0x03,
  0x00, 0x07, 0x00, 0x22, 0x00, 0xb2, 0x05, 0x02, 0x00, 0x2b, 0x01, 0xb0, 0x08, 0x2f, 0xb0, 0x00,
  0xd6, 0xb0, 0x04, 0x32, 0xb1, 0x03, 0x0f, 0xe9, 0xb0, 0x06, 0x32, 0xb1, 0x07, 0x0f, 0xe9, 0xb1,
  0x09, 0x01, 0x2b, 0x00, 0x30, 0x31, 0x17, 0x11, 0x33, 0x11, 0x03, 0x11, 0x33, 0x11, 0x93, 0xaa,
  0xaa, 0xaa, 0xb8, 0x02, 0x70, 0xfd, 0x90, 0x04, 0x14, 0x02, 0x71, 0xfd, 0x8f, 0x00, 0x00, 0x00,
  0x00, 0x02, 0x00, 0x4c, 0xfe, 0x85, 0x04, 0x5a, 0x05, 0xe7, 0x00, 0x35, 0x00, 0x43, 0x00, 0xad,
  0x00, 0xb2, 0x0a, 0x02, 0x00, 0x2b, 0xb1, 0x11, 0x05, 0xe9, 0xb2, 0x11, 0x0a, 0x0a, 0x2b, 0xb3,
  0x40, 0x11, 0x0e, 0x09, 0x2b, 0xb0, 0x27, 0x2f, 0xb1, 0x2d, 0x05, 0xe9, 0xb2, 0x2d, 0x27, 0x0a,
  0x2b, 0xb3, 0x40, 0x2d, 0x2a, 0x09, 0x2b, 0x01, 0xb0, 0x44, 0x2f, 0xb0, 0x00, 0xd6, 0xb1, 0x36,
  0x10, 0xe9, 0xb3, 0x05, 0x36, 0x00, 0x08, 0x2b, 0xb1, 0x14, 0x11, 0xe9, 0xb0, 0x14, 0x10, 0xb0,
  0x2b, 0x20, 0xd6, 0x11, 0xb1, 0x2a, 0x11, 0xe9, 0xb0, 0x2a, 0x2f, 0xb1, 0x2b, 0x11, 0xe9, 0xb0,
  0x36, 0x10, 0xb1, 0x3d, 0x01, 0x2b, 0xb1, 0x1d, 0x10, 0xe9, 0xb3, 0x23, 0x1d, 0x3d, 0x08, 0x2b,
  0xb1, 0x30, 0x10, 0xe9, 0xb0, 0x30, 0x2f, 0xb1, 0x23, 0x10, 0xe9, 0xb0, 0x0d, 0x32, 0xb1, 0x45,
  0x01, 0x2b, 0xb1, 0x05, 0x2a, 0x11, 0x12, 0xb0, 0x29, 0x39, 0xb1, 0x14, 0x2b, 0x11, 0x12, 0xb1,
  0x03, 0x34, 0x39, 0x39, 0xb0, 0x30, 0x11, 0xb7, 0x0e, 0x0a, 0x17, 0x27, 0x2d, 0x33, 0x3b, 0x41,
  0x24, 0x17, 0x39, 0xb0, 0x3d, 0x12, 0xb2, 0x18, 0x19, 0x20, 0x39, 0x39, 0x39, 0x00, 0xb1, 0x11,
  0x2d, 0x11, 0x12, 0xb3, 0x05, 0x23, 0x3b, 0x41, 0x24, 0x17, 0x39, 0x30, 0x31, 0x13, 0x34, 0x36,
  0x37, 0x26, 0x35, 0x34, 0x3e, 0x02, 0x33, 0x32, 0x16, 0x17, 0x23, 0x2e, 0x01, 0x23, 0x22, 0x06,
  0x15, 0x14, 0x16, 0x17, 0x05, 0x1e, 0x03, 0x15, 0x14, 0x06, 0x07, 0x1e, 0x01, 0x15, 0x14, 0x0e,
  0x01, 0x23, 0x22, 0x26, 0x27, 0x33, 0x16, 0x33, 0x32, 0x36, 0x35, 0x34, 0x26, 0x27, 0x25, 0x24,
  0x37, 0x14, 0x16, 0x17, 0x05, 0x17, 0x36, 0x35, 0x34, 0x26, 0x2f, 0x01, 0x0e, 0x01, 0x4c, 0x96,
  0x74, 0xa6, 0x44, 0x72, 0x8d, 0x4c, 0xb4, 0xe3, 0x18, 0xc3, 0x10, 0x83, 0x61, 0x5b, 0x6d, 0x48,
  0x5d, 0x01, 0x19, 0x4a, 0x63, 0x56, 0x2a, 0x8a, 0x74, 0x46, 0x47, 0x73, 0xb9, 0x73, 0xc1, 0xf1,
  0x0d, 0xc1, 0x20, 0xe2, 0x64, 0x79, 0x51, 0x74, 0xfe, 0xf6, 0xfe, 0xf0, 0xb8, 0x4a, 0x58, 0x01,
  0x18, 0x15, 0xcd, 0x63, 0x70, 0xe4, 0x5c, 0x89, 0x02, 0x85, 0x67, 0x9d, 0x27, 0x6c, 0xab, 0x46,
  0x71, 0x45, 0x24, 0xb1, 0x96, 0x58, 0x54, 0x44, 0x39, 0x37, 0x53, 0x31, 0x97, 0x27, 0x43, 0x55,
  0x66, 0x3d, 0x6d, 0xae, 0x31, 0x35, 0x77, 0x50, 0x6a, 0x9a, 0x4a, 0xcc, 0xb1, 0xe1, 0x4d, 0x48,
  0x40, 0x5f, 0x3e, 0x8e, 0x92, 0xde, 0x3e, 0x5d, 0x2f, 0x98, 0x0c, 0x5a, 0x7d, 0x44, 0x6a, 0x3d,
  0x79, 0x1b, 0x6c, 0x00, 0x00, 0x02, 0x00, 0x2d, 0x05, 0x02, 0x02, 0xbe, 0x05, 0xcd, 0x00, 0x03,
  0x00, 0x07, 0x00, 0x36, 0x00, 0xb2, 0x01, 0x02, 0x00, 0x2b, 0xb0, 0x05, 0x33, 0xb1, 0x00, 0x0b,
  0xe9, 0xb0, 0x04, 0x32, 0xb2, 0x01, 0x02, 0x00, 0x2b, 0xb1, 0x04, 0x0b, 0xe9, 0x01, 0xb0, 0x08,
  0x2f, 0xb0, 0x00, 0xd6, 0xb1, 0x03, 0x10, 0xe9, 0xb0, 0x03, 0x10, 0xb1, 0x04, 0x01, 0x2b, 0xb1,
  0x07, 0x10, 0xe9, 0xb1, 0x09, 0x01, 0x2b, 0x00, 0x30, 0x31, 0x13, 0x35, 0x33, 0x15, 0x21, 0x35,
  0x33, 0x15, 0x2d, 0xba, 0x01, 0x1b, 0xbc, 0x05, 0x02, 0xcb, 0xcb, 0xcb, 0xcb, 0x00, 0x00, 0x00,
  0x00, 0x03, 0x00, 0x4e, 0xff, 0xe5, 0x06, 0x4c, 0x05, 0xe7, 0x00, 0x11, 0x00, 0x22, 0x00, 0x3b,
  0x00, 0x7d, 0x00, 0xb2, 0x0d, 0x00, 0x00, 0x2b, 0xb1, 0x16, 0x04, 0xe9, 0xb2, 0x05, 0x02, 0x00,
  0x2b, 0xb1, 0x1f, 0x04, 0xe9, 0xb4, 0x39, 0x32, 0x0d, 0x05, 0x0d, 0x2b, 0xb4, 0x39, 0x04, 0x00,
  0x1d, 0x04, 0x2b, 0xb4, 0x26, 0x2d, 0x0d, 0x05, 0x0d, 0x2b, 0xb4, 0x26, 0x04, 0x00, 0x1d, 0x04,
  0x2b, 0x01, 0xb0, 0x3c, 0x2f, 0xb0, 0x00, 0xd6, 0xb1, 0x12, 0x0e, 0xe9, 0xb0, 0x12, 0x10, 0xb1,
  0x23, 0x01, 0x2b, 0xb1, 0x30, 0x0f, 0xe9, 0xb0, 0x30, 0x10, 0xb1, 0x1b, 0x01, 0x2b, 0xb1, 0x09,
  0x0e, 0xe9, 0xb1, 0x3d, 0x01, 0x2b, 0xb1, 0x1b, 0x30, 0x11, 0x12, 0x40, 0x09, 0x04, 0x05, 0x16,
  0x0d, 0x1f, 0x26, 0x29, 0x36, 0x39, 0x24, 0x17, 0x39, 0x00, 0xb1, 0x2d, 0x32, 0x11, 0x12, 0x40,
  0x09, 0x09, 0x12, 0x1b, 0x00, 0x29, 0x23, 0x2a, 0x35, 0x36, 0x24, 0x17, 0x39, 0x30, 0x31, 0x13,
  0x34, 0x12, 0x36, 0x24, 0x20, 0x04, 0x16, 0x12, 0x15, 0x14, 0x02, 0x04, 0x23, 0x22, 0x24, 0x26,
  0x02, 0x37, 0x14, 0x12, 0x04, 0x33, 0x32, 0x3e, 0x02, 0x35, 0x34, 0x02, 0x24, 0x23, 0x22, 0x04,
  0x02, 0x17, 0x34, 0x36, 0x33, 0x32, 0x16, 0x17, 0x07, 0x2e, 0x01, 0x23, 0x22, 0x06, 0x10, 0x16,
  0x33, 0x32, 0x36, 0x37, 0x17, 0x0e, 0x01, 0x23, 0x22, 0x26, 0x4e, 0x79, 0xce, 0x01, 0x1b, 0x01,
  0x3c, 0x01, 0x19, 0xce, 0x79, 0xce, 0xfe, 0xa3, 0xd3, 0x9e, 0xfe, 0xe5, 0xce, 0x79, 0x97, 0xa4,
  0x01, 0x19, 0xac, 0x83, 0xe3, 0xa3, 0x5d, 0xa0, 0xfe, 0xe9, 0xaf, 0xac, 0xfe, 0xe7, 0xa4, 0xe6,
  0xd1, 0xb6, 0x8c, 0xb3, 0x1f, 0x99, 0x14, 0x6d, 0x4a, 0x62, 0x77, 0x77, 0x62, 0x4a, 0x6f, 0x16,
  0x9b, 0x25, 0xb7, 0x8e, 0xb8, 0xc9, 0x02, 0xe3, 0xa9, 0x01, 0x22, 0xc8, 0x71, 0x71, 0xc8, 0xfe,
  0xde, 0xa9, 0xde, 0xfe, 0x9f, 0xbf, 0x71, 0xc6, 0x01, 0x20, 0xa7, 0xb8, 0xfe, 0xe0, 0x9c, 0x5c,
  0xa2, 0xec, 0x8a, 0xbb, 0x01, 0x23, 0x9d, 0x9d, 0xfe, 0xdc, 0xa5, 0xc4, 0xe0, 0x8f, 0x75, 0x2b,
  0x54, 0x5a, 0x93, 0xfe, 0xe0, 0x97, 0x48, 0x51, 0x28, 0x6b, 0x89, 0xe2, 0x00, 0x02, 0x00, 0x3b,
  0x03, 0x73, 0x02, 0x77, 0x06, 0x02, 0x00, 0x1e, 0x00, 0x28, 0x00, 0x7e, 0x00, 0xb0, 0x1c, 0x2f,
  0xb4, 0x22, 0x04, 0x00, 0x11, 0x04, 0x2b, 0xb0, 0x08, 0x2f, 0xb4, 0x0f, 0x04, 0x00, 0x11, 0x04,
  0x2b, 0xb2, 0x08, 0x0f, 0x0a, 0x2b, 0xb3, 0x40, 0x08, 0x0c, 0x09, 0x2b, 0x01, 0xb0, 0x29, 0x2f,
  0xb0, 0x00, 0xd6, 0xb1, 0x1f, 0x0e, 0xe9, 0xb0, 0x0b, 0x32, 0xb0, 0x1f, 0x10, 0xb4, 0x0c, 0x0e,
  0x00, 0x61, 0x04, 0x2b, 0xb0, 0x0c, 0x2f, 0xb0, 0x1f, 0x10, 0xb1, 0x25, 0x01, 0x2b, 0xb0, 0x05,
  0x32, 0xb4, 0x14, 0x0e, 0x00, 0x61, 0x04, 0x2b, 0xb0, 0x14, 0x10, 0xb4, 0x19, 0x0e, 0x00, 0x0f,
  0x04, 0x2b, 0xb0, 0x19, 0x2f, 0xb1, 0x2a, 0x01, 0x2b, 0xb1, 0x25, 0x1f, 0x11, 0x12, 0xb1, 0x0f,
  0x1c, 0x39, 0x39, 0x00, 0xb1, 0x22, 0x1c, 0x11, 0x12, 0xb1, 0x16, 0x19, 0x39, 0x39, 0xb0, 0x08,
  0x11, 0xb2, 0x00, 0x12, 0x26, 0x39, 0x39, 0x39, 0x30, 0x31, 0x13, 0x34, 0x3e, 0x02, 0x37, 0x35,
  0x34, 0x23, 0x22, 0x06, 0x07, 0x23, 0x3e, 0x01, 0x33, 0x32, 0x16, 0x07, 0x06, 0x15, 0x16, 0x17,
  0x23, 0x26, 0x35, 0x0e, 0x01, 0x23, 0x22, 0x26, 0x37, 0x14, 0x16, 0x33, 0x32, 0x36, 0x3d, 0x01,
  0x0e, 0x01, 0x3b, 0x41, 0x7b, 0x86, 0x5c, 0x83, 0x30, 0x44, 0x03, 0x91, 0x06, 0x95, 0x79, 0x7b,
  0x93, 0x01, 0x05, 0x04, 0x09, 0x87, 0x02, 0x1b, 0x75, 0x3f, 0x6a, 0x7a, 0x9c, 0x36, 0x26, 0x56,
  0x50, 0x96, 0x6c, 0x04, 0x27, 0x3b, 0x54, 0x2f, 0x18, 0x07, 0x1b, 0x77, 0x37, 0x34, 0x5f, 0x78,
  0x79, 0x8f, 0x76, 0x40, 0x83, 0x40, 0x25, 0x31, 0x33, 0x31, 0x63, 0x57, 0x22, 0x28, 0x57, 0x47,
  0x19, 0x0f, 0x2d, 0x00, 0x00, 0x02, 0x00, 0x14, 0x00, 0x5a, 0x03, 0xf0, 0x04, 0x02, 0x00, 0x05,
  0x00, 0x0b, 0x00, 0x00, 0x13, 0x01, 0x33, 0x09, 0x01, 0x23, 0x13, 0x01, 0x33, 0x09, 0x01, 0x23,
  0x14, 0x01, 0x46, 0xc9, 0xfe, 0xcd, 0x01, 0x33, 0xc9, 0x87, 0x01, 0x46, 0xc9, 0xfe, 0xcc, 0x01,
  0x34, 0xc9, 0x02, 0x2f, 0x01, 0xd3, 0xfe, 0x2d, 0xfe, 0x2b, 0x01, 0xd5, 0x01, 0xd3, 0xfe, 0x2d,
  0xfe, 0x2b, 0x00, 0x00, 0x00, 0x01, 0x00, 0x77, 0x00, 0xc9, 0x04, 0xa4, 0x03, 0x71, 0x00, 0x05,
  0x00, 0x30, 0x00, 0xb0, 0x00, 0x2f, 0xb1, 0x01, 0x0a, 0xe9, 0xb2, 0x00, 0x01, 0x0a, 0x2b, 0xb3,
  0x40, 0x00, 0x04, 0x09, 0x2b, 0x01, 0xb0, 0x06, 0x2f, 0xb0, 0x04, 0xd6, 0xb1, 0x03, 0x10, 0xe9,
  0xb2, 0x04, 0x03, 0x0a, 0x2b, 0xb3, 0x40, 0x04, 0x00, 0x09, 0x2b, 0xb1, 0x07, 0x01, 0x2b, 0x00,
  0x30, 0x31, 0x13, 0x35, 0x21, 0x11, 0x23, 0x11, 0x77, 0x04, 0x2d, 0xbd, 0x02, 0xc1, 0xb0, 0xfd,
  0x58, 0x01, 0xf8, 0x00, 0x00, 0x01, 0x00, 0x58, 0x01, 0xd9, 0x02, 0xe3, 0x02, 0x89, 0x00, 0x03,
  0x00, 0x22, 0x00, 0xb0, 0x00, 0x2f, 0xb1, 0x01, 0x0a, 0xe9, 0xb1, 0x01, 0x0a, 0xe9, 0x01, 0xb0,
  0x04, 0x2f, 0xb1, 0x00, 0x01, 0x2b, 0xb4, 0x03, 0x17, 0x00, 0x07, 0x04, 0x2b, 0xb1, 0x05, 0x01,
  0x2b, 0x00, 0x30, 0x31, 0x13, 0x35, 0x21, 0x15, 0x58, 0x02, 0x8b, 0x01, 0xd9, 0xb0, 0xb0, 0x00,
  0x00, 0x04, 0x00, 0x4e, 0xff, 0xe5, 0x06, 0x4c, 0x05, 0xe7, 0x00, 0x11, 0x00, 0x22, 0x00, 0x33,
  0x00, 0x3c, 0x00, 0xa9, 0x00, 0xb2, 0x0d, 0x00, 0x00, 0x2b, 0xb1, 0x16, 0x04, 0xe9, 0xb2, 0x05,
  0x02, 0x00, 0x2b, 0xb1, 0x1f, 0x04, 0xe9, 0xb4, 0x32, 0x34, 0x0d, 0x05, 0x0d, 0x2b, 0xb4, 0x32,
  0x04, 0x00, 0x1d, 0x04, 0x2b, 0xb2, 0x32, 0x34, 0x0a, 0x2b, 0xb3, 0x40, 0x32, 0x23, 0x09, 0x2b,
  0xb0, 0x2e, 0x32, 0xb4, 0x25, 0x3c, 0x0d, 0x05, 0x0d, 0x2b, 0xb4, 0x25, 0x04, 0x00, 0x1d, 0x04,
  0x2b, 0x01, 0xb0, 0x3d, 0x2f, 0xb0, 0x00, 0xd6, 0xb1, 0x12, 0x0e, 0xe9, 0xb0, 0x12, 0x10, 0xb1,
  0x23, 0x01, 0x2b, 0xb1, 0x33, 0x0f, 0xe9, 0xb0, 0x34, 0x32, 0xb0, 0x33, 0x10, 0xb1, 0x38, 0x01,
  0x2b, 0xb1, 0x2a, 0x0f, 0xe9, 0xb0, 0x2a, 0x10, 0xb1, 0x1b, 0x01, 0x2b, 0xb1, 0x09, 0x0e, 0xe9,
  0xb1, 0x3e, 0x01, 0x2b, 0xb1, 0x33, 0x23, 0x11, 0x12, 0xb0, 0x04, 0x39, 0xb0, 0x38, 0x11, 0xb4,
  0x05, 0x16, 0x1f, 0x0d, 0x30, 0x24, 0x17, 0x39, 0xb0, 0x2a, 0x12, 0xb1, 0x2d, 0x2f, 0x39, 0x39,
  0xb0, 0x1b, 0x11, 0xb0, 0x2e, 0x39, 0x00, 0xb1, 0x34, 0x32, 0x11, 0x12, 0xb4, 0x09, 0x12, 0x1b,
  0x2d, 0x00, 0x24, 0x17, 0x39, 0xb0, 0x3c, 0x11, 0xb0, 0x2a, 0x39, 0x30, 0x31, 0x13, 0x34, 0x12,
  0x36, 0x24, 0x20, 0x04, 0x16, 0x12, 0x15, 0x14, 0x02, 0x04, 0x23, 0x22, 0x24, 0x26, 0x02, 0x37,
  0x14, 0x12, 0x04, 0x33, 0x32, 0x3e, 0x02, 0x35, 0x34, 0x02, 0x24, 0x23, 0x22, 0x04, 0x02, 0x01,
  0x11, 0x33, 0x32, 0x1e, 0x02, 0x15, 0x14, 0x06, 0x07, 0x13, 0x23, 0x03, 0x2b, 0x01, 0x19, 0x01,
  0x33, 0x32, 0x36, 0x35, 0x34, 0x26, 0x2b, 0x01, 0x4e, 0x79, 0xce, 0x01, 0x1b, 0x01, 0x3c, 0x01,
  0x19, 0xce, 0x79, 0xce, 0xfe, 0xa3, 0xd3, 0x9e, 0xfe, 0xe5, 0xce, 0x79, 0x97, 0xa4, 0x01, 0x19,
  0xac, 0x83, 0xe3, 0xa3, 0x5d, 0xa0, 0xfe, 0xe9, 0xaf, 0xac, 0xfe, 0xe7, 0xa4, 0x01, 0x3e, 0xfa,
  0x62, 0x83, 0x6a, 0x32, 0x4a, 0x4a, 0xbd, 0xbb, 0xa6, 0x24, 0x77, 0x77, 0x5e, 0x56, 0x62, 0x5d,
  0x6c, 0x02, 0xe3, 0xa9, 0x01, 0x22, 0xc8, 0x71, 0x71, 0xc8, 0xfe, 0xde, 0xa9, 0xde, 0xfe, 0x9f,
  0xbf, 0x71, 0xc6, 0x01, 0x20, 0xa7, 0xb8, 0xfe, 0xe0, 0x9c, 0x5c, 0xa2, 0xec, 0x8a, 0xbb, 0x01,
  0x23, 0x9d, 0x9d, 0xfe, 0xdc, 0xfd, 0xcb, 0x03, 0x32, 0x14, 0x36, 0x66, 0x4e, 0x46, 0x72, 0x21,
  0xfe, 0xa5, 0x01, 0x38, 0xfe, 0xc8, 0x01, 0xb9, 0x3c, 0x3d, 0x45, 0x35, 0x00, 0x01, 0x00, 0x2d,
  0x05, 0x14, 0x02, 0x93, 0x05, 0xae, 0x00, 0x03, 0x00, 0x22, 0x00, 0xb0, 0x00, 0x2f, 0xb1, 0x01,
  0x05, 0xe9, 0xb1, 0x01, 0x05, 0xe9, 0x01, 0xb0, 0x04, 0x2f, 0xb1, 0x00, 0x01, 0x2b, 0xb4, 0x03,
  0x17, 0x00, 0x07, 0x04, 0x2b, 0xb1, 0x05, 0x01, 0x2b, 0x00, 0x30, 0x31, 0x13, 0x35, 0x21, 0x15,
  0x2d, 0x02, 0x66, 0x05, 0x14, 0x9a, 0x9a, 0x00, 0x00, 0x02, 0x00, 0x2d, 0x03, 0x8d, 0x02, 0x87,
  0x05, 0xe7, 0x00, 0x0b, 0x00, 0x17, 0x00, 0x45, 0x00, 0xb2, 0x03, 0x02, 0x00, 0x2b, 0xb1, 0x15,
  0x04, 0xe9, 0xb0, 0x09, 0x2f, 0xb1, 0x0f, 0x04, 0xe9, 0x01, 0xb0, 0x18, 0x2f, 0xb0, 0x00, 0xd6,
  0xb1, 0x0c, 0x0e, 0xe9, 0xb0, 0x0c, 0x10, 0xb1, 0x12, 0x01, 0x2b, 0xb4, 0x06, 0x0e, 0x00, 0x61,
  0x04, 0x2b, 0xb1, 0x19, 0x01, 0x2b, 0xb1, 0x12, 0x0c, 0x11, 0x12, 0xb1, 0x09, 0x03, 0x39, 0x39,
  0x00, 0xb1, 0x15, 0x0f, 0x11, 0x12, 0xb1, 0x06, 0x00, 0x39, 0x39, 0x30, 0x31, 0x13, 0x34, 0x36,
  0x33, 0x32, 0x16, 0x15, 0x14, 0x06, 0x23, 0x22, 0x26, 0x37, 0x14, 0x16, 0x33, 0x32, 0x36, 0x35,
  0x34, 0x26, 0x23, 0x22, 0x06, 0x2d, 0xaf, 0x7c, 0x7e, 0xb1, 0xb1, 0x7e, 0x7b, 0xb0, 0x96, 0x54,
  0x41, 0x43, 0x59, 0x59, 0x43, 0x41, 0x54, 0x04, 0xba, 0x7e, 0xaf, 0xaf, 0x7e, 0x7d, 0xb0, 0xb1,
  0x7c, 0x43, 0x5e, 0x5e, 0x43, 0x44, 0x5e, 0x5d, 0x00, 0x02, 0x00, 0xa0, 0x00, 0x00, 0x04, 0xcd,
  0x04, 0x42, 0x00, 0x03, 0x00, 0x0f, 0x00, 0x61, 0x00, 0xb2, 0x00, 0x00, 0x00, 0x2b, 0xb1, 0x01,
  0x0a, 0xe9, 0xb0, 0x04, 0x2f, 0xb0, 0x0b, 0x33, 0xb1, 0x05, 0x0a, 0xe9, 0xb0, 0x09, 0x32, 0xb2,
  0x04, 0x05, 0x0a, 0x2b, 0xb3, 0x40, 0x04, 0x0e, 0x09, 0x2b, 0xb2, 0x05, 0x04, 0x0a, 0x2b, 0xb3,
  0x40, 0x05, 0x07, 0x09, 0x2b, 0x01, 0xb0, 0x10, 0x2f, 0xb0, 0x0e, 0xd6, 0xb0, 0x06, 0x32, 0xb1,
  0x0d, 0x10, 0xe9, 0xb0, 0x08, 0x32, 0xb2, 0x0d, 0x0e, 0x0a, 0x2b, 0xb3, 0x40, 0x0d, 0x03, 0x09,
  0x2b, 0xb0, 0x0a, 0x32, 0xb2, 0x0e, 0x0d, 0x0a, 0x2b, 0xb3, 0x40, 0x0e, 0x00, 0x09, 0x2b, 0xb0,
  0x04, 0x32, 0xb1, 0x11, 0x01, 0x2b, 0x00, 0x30, 0x31, 0x33, 0x35, 0x21, 0x15, 0x01, 0x35, 0x21,
  0x11, 0x33, 0x11, 0x21, 0x15, 0x21, 0x11, 0x23, 0x11, 0xa0, 0x04, 0x2d, 0xfb, 0xd3, 0x01, 0xb8,
  0xbc, 0x01, 0xb9, 0xfe, 0x47, 0xbc, 0xb0, 0xb0, 0x02, 0x54, 0xb0, 0x01, 0x3e, 0xfe, 0xc2, 0xb0,
  0xfe, 0xc0, 0x01, 0x40, 0x00, 0x01, 0x00, 0x2d, 0x03, 0x81, 0x02, 0x91, 0x06, 0xd3, 0x00, 0x19,
  0x00, 0x6f, 0x00, 0xb0, 0x00, 0x2f, 0xb4, 0x17, 0x04, 0x00, 0x1d, 0x04, 0x2b, 0xb0, 0x0a, 0x2f,
  0xb4, 0x11, 0x04, 0x00, 0x11, 0x04, 0x2b, 0xb2, 0x0a, 0x11, 0x0a, 0x2b, 0xb3, 0x40, 0x0a, 0x0e,
  0x09, 0x2b, 0x01, 0xb0, 0x1a, 0x2f, 0xb0, 0x0e, 0xd6, 0xb1, 0x0d, 0x0e, 0xe9, 0xb0, 0x0d, 0x10,
  0xb1, 0x07, 0x01, 0x2b, 0xb1, 0x14, 0x0e, 0xe9, 0xb2, 0x14, 0x07, 0x0a, 0x2b, 0xb3, 0x40, 0x14,
  0x19, 0x09, 0x2b, 0xb2, 0x07, 0x14, 0x0a, 0x2b, 0xb3, 0x40, 0x07, 0x00, 0x09, 0x2b, 0xb1, 0x1b,
  0x01, 0x2b, 0xb1, 0x07, 0x0d, 0x11, 0x12, 0xb2, 0x0a, 0x11, 0x17, 0x39, 0x39, 0x39, 0x00, 0xb1,
  0x17, 0x00, 0x11, 0x12, 0xb0, 0x01, 0x39, 0xb0, 0x0a, 0x11, 0xb1, 0x07, 0x14, 0x39, 0x39, 0x30,
  0x31, 0x13, 0x35, 0x3e, 0x04, 0x35, 0x34, 0x26, 0x23, 0x22, 0x06, 0x17, 0x23, 0x26, 0x36, 0x33,
  0x32, 0x16, 0x15, 0x14, 0x06, 0x07, 0x21, 0x15, 0x2d, 0x5d, 0x75, 0x79, 0x41, 0x2a, 0x45, 0x3a,
  0x3f, 0x53, 0x01, 0x96, 0x02, 0xa5, 0x8a, 0x79, 0x9c, 0xd0, 0xce, 0x01, 0xb0, 0x03, 0x81, 0x79,
  0x4a, 0x62, 0x71, 0x54, 0x59, 0x28, 0x39, 0x3f, 0x55, 0x59, 0x80, 0x9d, 0x76, 0x67, 0x77, 0xf2,
  0x8b, 0x81, 0x00, 0x00, 0x00, 0x01, 0x00, 0x31, 0x03, 0x73, 0x02, 0xa8, 0x06, 0xd3, 0x00, 0x28,
  0x00, 0x9f, 0x00, 0xb0, 0x26, 0x2f, 0xb4, 0x04, 0x04, 0x00, 0x11, 0x04, 0x2b, 0xb2, 0x04, 0x26,
  0x0a, 0x2b, 0xb3, 0x40, 0x04, 0x00, 0x09, 0x2b, 0xb0, 0x0a, 0x2f, 0xb4, 0x0b, 0x04, 0x00, 0x11,
  0x04, 0x2b, 0xb0, 0x11, 0x2f, 0xb4, 0x18, 0x04, 0x00, 0x11, 0x04, 0x2b, 0xb2, 0x11, 0x18, 0x0a,
  0x2b, 0xb3, 0x40, 0x11, 0x15, 0x09, 0x2b, 0x01, 0xb0, 0x29, 0x2f, 0xb0, 0x00, 0xd6, 0xb0, 0x15,
  0x32, 0xb4, 0x01, 0x0e, 0x00, 0x55, 0x04, 0x2b, 0xb0, 0x14, 0x32, 0xb0, 0x01, 0x10, 0xb1, 0x07,
  0x01, 0x2b, 0xb1, 0x23, 0x0e, 0xe9, 0xb0, 0x0e, 0x20, 0xd6, 0x11, 0xb1, 0x1d, 0x0e, 0xe9, 0xb2,
  0x0e, 0x1d, 0x0a, 0x2b, 0xb3, 0x40, 0x0e, 0x0a, 0x09, 0x2b, 0xb1, 0x2a, 0x01, 0x2b, 0xb1, 0x01,
  0x00, 0x11, 0x12, 0xb1, 0x28, 0x16, 0x39, 0x39, 0xb0, 0x0e, 0x11, 0xb2, 0x04, 0x18, 0x26, 0x39,
  0x39, 0x39, 0xb1, 0x1d, 0x07, 0x11, 0x12, 0xb0, 0x20, 0x39, 0x00, 0xb1, 0x0a, 0x04, 0x11, 0x12,
  0xb0, 0x23, 0x39, 0xb0, 0x0b, 0x11, 0xb0, 0x20, 0x39, 0xb0, 0x11, 0x12, 0xb0, 0x1d, 0x39, 0x30,
  0x31, 0x13, 0x33, 0x1e, 0x01, 0x33, 0x32, 0x36, 0x35, 0x34, 0x2b, 0x01, 0x35, 0x33, 0x32, 0x35,
  0x34, 0x26, 0x23, 0x22, 0x06, 0x07, 0x23, 0x3e, 0x01, 0x33, 0x32, 0x1e, 0x02, 0x15, 0x14, 0x06,
  0x07, 0x1e, 0x01, 0x15, 0x14, 0x06, 0x23, 0x22, 0x26, 0x31, 0x90, 0x0c, 0x55, 0x4b, 0x47, 0x5a,
  0xc2, 0x31, 0x29, 0xb8, 0x50, 0x3b, 0x48, 0x53, 0x0b, 0x90, 0x09, 0xaa, 0x8d, 0x35, 0x61, 0x52,
  0x30, 0x40, 0x34, 0x42, 0x47, 0xb6, 0x88, 0x8b, 0xa6, 0x04, 0x89, 0x48, 0x5e, 0x4b, 0x3f, 0x8b,
  0x79, 0x7d, 0x3a, 0x3c, 0x52, 0x4b, 0x7c, 0x90, 0x1a, 0x34, 0x58, 0x39, 0x3c, 0x62, 0x1b, 0x1b,
  0x6e, 0x41, 0x7b, 0x83, 0x9e, 0x00, 0x00, 0x00, 0x00, 0x01, 0x00, 0x2d, 0x04, 0xdf, 0x01, 0xd5,
  0x05, 0xcd, 0x00, 0x03, 0x00, 0x1f, 0x00, 0xb2, 0x01, 0x02, 0x00, 0x2b, 0xb1, 0x00, 0x0c, 0xe9,
  0x01, 0xb0, 0x04, 0x2f, 0xb0, 0x00, 0xd6, 0xb4, 0x02, 0x17, 0x00, 0x0a, 0x04, 0x2b, 0xb1, 0x05,
  0x01, 0x2b, 0x00, 0x30, 0x31, 0x13, 0x37, 0x33, 0x05, 0x2d, 0xb8, 0xf0, 0xfe, 0xf4, 0x04, 0xdf,
  0xee, 0xee, 0x00, 0x00, 0x00, 0x01, 0x00, 0x79, 0xfe, 0x9a, 0x04, 0x02, 0x04, 0x4e, 0x00, 0x18,
  0x00, 0x54, 0x00, 0xb2, 0x0f, 0x00, 0x00, 0x2b, 0xb2, 0x13, 0x00, 0x00, 0x2b, 0xb1, 0x08, 0x07,
  0xe9, 0xb2, 0x03, 0x01, 0x00, 0x2b, 0xb0, 0x0c, 0x33, 0xb0, 0x00, 0x2f, 0x01, 0xb0, 0x19, 0x2f,
  0xb0, 0x02, 0xd6, 0xb1, 0x16, 0x10, 0xe9, 0xb0, 0x04, 0x32, 0xb0, 0x00, 0x20, 0xd6, 0x11, 0xb1,
  0x18, 0x10, 0xe9, 0xb0, 0x16, 0x10, 0xb1, 0x0f, 0x01, 0x2b, 0xb0, 0x0b, 0x32, 0xb1, 0x0e, 0x10,
  0xe9, 0xb1, 0x1a, 0x01, 0x2b, 0x00, 0xb1, 0x08, 0x0f, 0x11, 0x12, 0xb0, 0x15, 0x39, 0xb0, 0x03,
  0x11, 0xb0, 0x10, 0x39, 0x30, 0x31, 0x13, 0x36, 0x35, 0x11, 0x33, 0x11, 0x14, 0x16, 0x33, 0x32,
  0x36, 0x35, 0x11, 0x33, 0x11, 0x23, 0x35, 0x0e, 0x01, 0x23, 0x22, 0x27, 0x15, 0x14, 0x07, 0x79,
  0x16, 0xbb, 0x71, 0x7c, 0x81, 0x90, 0xba, 0xba, 0x2f, 0x8c, 0x4e, 0x9d, 0x58, 0x19, 0xfe, 0x9a,
  0x62, 0xe1, 0x04, 0x71, 0xfd, 0x79, 0xaf, 0x8f, 0xb7, 0xa9, 0x02, 0x65, 0xfb, 0xb2, 0x98, 0x4f,
  0x64, 0x7b, 0x72, 0xe5, 0x6f, 0x00, 0x00, 0x00, 0x00, 0x01, 0x00, 0x00, 0xff, 0x4a, 0x03, 0x98,
  0x05, 0xcd, 0x00, 0x0f, 0x00, 0x42, 0x00, 0xb2, 0x03, 0x02, 0x00, 0x2b, 0xb1, 0x08, 0x04, 0xe9,
  0xb2, 0x08, 0x03, 0x0a, 0x2b, 0xb3, 0x40, 0x08, 0x0a, 0x09, 0x2b, 0xb0, 0x05, 0x32, 0x01, 0xb0,
  0x10, 0x2f, 0xb0, 0x0a, 0xd6, 0xb1, 0x09, 0x0e, 0xe9, 0xb0, 0x09, 0x10, 0xb4, 0x00, 0x17, 0x00,
  0x08, 0x04, 0x2b, 0xb0, 0x00, 0x2f, 0xb0, 0x09, 0x10, 0xb1, 0x06, 0x01, 0x2b, 0xb1, 0x05, 0x0e,
  0xe9, 0xb1, 0x11, 0x01, 0x2b, 0x00, 0x30, 0x31, 0x11, 0x34, 0x36, 0x33, 0x21, 0x11, 0x23, 0x11,
  0x23, 0x11, 0x23, 0x11, 0x2e, 0x03, 0xfb, 0xf3, 0x01, 0xaa, 0x9c, 0xf8, 0x9c, 0x46, 0x7d, 0x68,
  0x3d, 0x04, 0x4c, 0xb6, 0xcb, 0xf9, 0x7d, 0x05, 0xf3, 0xfa, 0x0d, 0x03, 0x97, 0x08, 0x33, 0x56,
  0x87, 0x00, 0x00, 0x00, 0x00, 0x01, 0x00, 0x85, 0x01, 0xb2, 0x01, 0x71, 0x02, 0x9e, 0x00, 0x03,
  0x00, 0x22, 0x00, 0xb0, 0x00, 0x2f, 0xb1, 0x01, 0x0c, 0xe9, 0xb1, 0x01, 0x0c, 0xe9, 0x01, 0xb0,
  0x04, 0x2f, 0xb0, 0x00, 0xd6, 0xb1, 0x03, 0x17, 0xe9, 0xb1, 0x03, 0x17, 0xe9, 0xb1, 0x05, 0x01,
  0x2b, 0x00, 0x30, 0x31, 0x13, 0x35, 0x33, 0x15, 0x85, 0xec, 0x01, 0xb2, 0xec, 0xec, 0x00, 0x00,
  0x00, 0x01, 0x00, 0x2d, 0xfe, 0x71, 0x01, 0xc9, 0x00, 0x06, 0x00, 0x18, 0x00, 0x28, 0x00, 0xb0,
  0x17, 0x2f, 0xb4, 0x03, 0x04, 0x00, 0x11, 0x04, 0x2b, 0x01, 0xb0, 0x19, 0x2f, 0xb0, 0x06, 0xd6,
  0xb4, 0x14, 0x0e, 0x00, 0x0f, 0x04, 0x2b, 0xb1, 0x1a, 0x01, 0x2b, 0x00, 0xb1, 0x03, 0x17, 0x11,
  0x12, 0xb0, 0x00, 0x39, 0x30, 0x31, 0x13, 0x37, 0x16, 0x33, 0x32, 0x36, 0x35, 0x34, 0x26, 0x23,
  0x22, 0x07, 0x27, 0x37, 0x33, 0x07, 0x36, 0x33, 0x32, 0x16, 0x15, 0x14, 0x06, 0x23, 0x22, 0x2d,
  0x21, 0x3d, 0x3a, 0x33, 0x4a, 0x34, 0x27, 0x32, 0x1b, 0x3e, 0x69, 0x6c, 0x41, 0x1e, 0x1f, 0x49,
  0x53, 0x88, 0x55, 0x6f, 0xfe, 0x98, 0x51, 0x1c, 0x1f, 0x22, 0x1d, 0x21, 0x13, 0x23, 0xaa, 0x68,
  0x06, 0x4b, 0x40, 0x4d, 0x5b, 0x00, 0x00, 0x00, 0x00, 0x01, 0x00, 0x1b, 0x03, 0x81, 0x01, 0x68,
  0x06, 0xc5, 0x00, 0x08, 0x00, 0x46, 0x00, 0xb0, 0x00, 0x2f, 0xb4, 0x01, 0x04, 0x00, 0x11, 0x04,
  0x2b, 0xb2, 0x00, 0x01, 0x0a, 0x2b, 0xb3, 0x40, 0x00, 0x07, 0x09, 0x2b, 0xb2, 0x01, 0x00, 0x0a,
  0x2b, 0xb3, 0x40, 0x01, 0x04, 0x09, 0x2b, 0x01, 0xb0, 0x09, 0x2f, 0xb0, 0x07, 0xd6, 0xb1, 0x06,
  0x0e, 0xe9, 0xb2, 0x07, 0x06, 0x0a, 0x2b, 0xb3, 0x40, 0x07, 0x00, 0x09, 0x2b, 0xb1, 0x0a, 0x01,
  0x2b, 0xb1, 0x06, 0x07, 0x11, 0x12, 0xb0, 0x04, 0x39, 0x00, 0x30, 0x31, 0x13, 0x35, 0x3e, 0x01,
  0x37, 0x33, 0x11, 0x23, 0x11, 0x1b, 0x63, 0x5d, 0x1d, 0x70, 0x97, 0x05, 0xf8, 0x66, 0x02, 0x25,
  0x40, 0xfc, 0xbc, 0x02, 0x77, 0x00, 0x00, 0x00, 0x00, 0x02, 0x00, 0x3b, 0x03, 0x73, 0x02, 0x9e,
  0x05, 0xfc, 0x00, 0x0b, 0x00, 0x17, 0x00, 0x48, 0x00, 0xb0, 0x08, 0x2f, 0xb4, 0x0f, 0x04, 0x00,
  0x11, 0x04, 0x2b, 0xb0, 0x15, 0x2f, 0xb4, 0x03, 0x04, 0x00, 0x11, 0x04, 0x2b, 0x01, 0xb0, 0x18,
  0x2f, 0xb0, 0x00, 0xd6, 0xb1, 0x0c, 0x0e, 0xe9, 0xb0, 0x0c, 0x10, 0xb1, 0x12, 0x01, 0x2b, 0xb1,
  0x06, 0x0e, 0xe9, 0xb1, 0x19, 0x01, 0x2b, 0xb1, 0x12, 0x0c, 0x11, 0x12, 0xb1, 0x08, 0x03, 0x39,
  0x39, 0x00, 0xb1, 0x15, 0x0f, 0x11, 0x12, 0xb2, 0x05, 0x06, 0x00, 0x39, 0x39, 0x39, 0x30, 0x31,
  0x13, 0x34, 0x36, 0x33, 0x32, 0x16, 0x10, 0x06, 0x23, 0x22, 0x2e, 0x01, 0x37, 0x14, 0x16, 0x33,
  0x32, 0x36, 0x35, 0x34, 0x26, 0x23, 0x22, 0x06, 0x3b, 0xb2, 0x80, 0x81, 0xb0, 0xaf, 0x82, 0x52,
  0x87, 0x59, 0x9a, 0x54, 0x44, 0x47, 0x52, 0x53, 0x46, 0x44, 0x54, 0x04, 0xb6, 0x9e, 0xa8, 0xa8,
  0xfe, 0xc4, 0xa5, 0x42, 0x96, 0x6b, 0x62, 0x6b, 0x69, 0x64, 0x63, 0x6c, 0x6e, 0x00, 0x00, 0x00,
  0x00, 0x02, 0x00, 0x2d, 0x00, 0x5a, 0x04, 0x08, 0x04, 0x02, 0x00, 0x05, 0x00, 0x0b, 0x00, 0x00,
  0x37, 0x09, 0x01, 0x33, 0x09, 0x01, 0x21, 0x09, 0x01, 0x33, 0x09, 0x01, 0x2d, 0x01, 0x35, 0xfe,
  0xcb, 0xc9, 0x01, 0x45, 0xfe, 0xbb, 0x01, 0x04, 0x01, 0x35, 0xfe, 0xcb, 0xc9, 0x01, 0x45, 0xfe,
  0xbb, 0x5a, 0x01, 0xd5, 0x01, 0xd3, 0xfe, 0x2d, 0xfe, 0x2b, 0x01, 0xd5, 0x01, 0xd3, 0xfe, 0x2d,
  0xfe, 0x2b, 0x00, 0x00, 0x00, 0x04, 0x00, 0x1b, 0x00, 0x00, 0x06, 0x5a, 0x05, 0xcd, 0x00, 0x08,
  0x00, 0x0c, 0x00, 0x17, 0x00, 0x1a, 0x00, 0xb5, 0x00, 0xb2, 0x09, 0x00, 0x00, 0x2b, 0xb0, 0x15,
  0x33, 0xb2, 0x04, 0x02, 0x00, 0x2b, 0xb0, 0x0a, 0x33, 0xb4, 0x0d, 0x18, 0x09, 0x04, 0x0d, 0x2b,
  0xb0, 0x11, 0x33, 0xb4, 0x0d, 0x04, 0x00, 0x1d, 0x04, 0x2b, 0xb0, 0x13, 0x32, 0xb2, 0x18, 0x0d,
  0x0a, 0x2b, 0xb3, 0x40, 0x18, 0x0f, 0x09, 0x2b, 0xb1, 0x01, 0x04, 0x10, 0x20, 0xc0, 0x2f, 0xb4,
  0x00, 0x04, 0x00, 0x11, 0x04, 0x2b, 0xb2, 0x00, 0x01, 0x0a, 0x2b, 0xb3, 0x40, 0x00, 0x07, 0x09,
  0x2b, 0x01, 0xb0, 0x1b, 0x2f, 0xb0, 0x07, 0xd6, 0xb1, 0x06, 0x0e, 0xe9, 0xb2, 0x07, 0x06, 0x0a,
  0x2b, 0xb3, 0x40, 0x07, 0x00, 0x09, 0x2b, 0xb0, 0x06, 0x10, 0xb1, 0x16, 0x01, 0x2b, 0xb0, 0x19,
  0x32, 0xb1, 0x15, 0x0e, 0xe9, 0xb0, 0x10, 0x32, 0xb2, 0x15, 0x16, 0x0a, 0x2b, 0xb3, 0x40, 0x15,
  0x13, 0x09, 0x2b, 0xb2, 0x16, 0x15, 0x0a, 0x2b, 0xb3, 0x40, 0x16, 0x0d, 0x09, 0x2b, 0xb1, 0x1c,
  0x01, 0x2b, 0xb1, 0x06, 0x07, 0x11, 0x12, 0xb1, 0x04, 0x0c, 0x39, 0x39, 0xb0, 0x16, 0x11, 0xb2,
  0x0a, 0x0b, 0x18, 0x39, 0x39, 0x39, 0xb0, 0x15, 0x12, 0xb0, 0x0f, 0x39, 0x00, 0xb1, 0x18, 0x0d,
  0x11, 0x12, 0xb0, 0x0e, 0x39, 0xb0, 0x00, 0x11, 0xb0, 0x1a, 0x39, 0x30, 0x31, 0x13, 0x35, 0x3e,
  0x01, 0x37, 0x33, 0x11, 0x23, 0x11, 0x03, 0x01, 0x33, 0x01, 0x25, 0x35, 0x01, 0x33, 0x11, 0x33,
  0x15, 0x23, 0x15, 0x23, 0x35, 0x27, 0x33, 0x11, 0x1b, 0x63, 0x5d, 0x1d, 0x70, 0x97, 0x8f, 0x04,
  0x00, 0xce, 0xfc, 0x00, 0x02, 0x88, 0x01, 0x9d, 0x96, 0x8f, 0x8f, 0x98, 0xfa, 0xfa, 0x05, 0x00,
  0x66, 0x02, 0x25, 0x40, 0xfc, 0xbc, 0x02, 0x77, 0xfb, 0x00, 0x05, 0xcd, 0xfa, 0x33, 0xc1, 0x76,
  0x02, 0x0d, 0xfd, 0xf9, 0x7c, 0xc1, 0xc1, 0x7c, 0x01, 0x46, 0x00, 0x00, 0x00, 0x03, 0x00, 0x1b,
  0x00, 0x00, 0x06, 0x08, 0x05, 0xcd, 0x00, 0x08, 0x00, 0x0c, 0x00, 0x25, 0x00, 0xc0, 0x00, 0xb2,
  0x0d, 0x00, 0x00, 0x2b, 0xb0, 0x09, 0x33, 0xb4, 0x23, 0x04, 0x00, 0x1d, 0x04, 0x2b, 0xb2, 0x04,
  0x02, 0x00, 0x2b, 0xb0, 0x0a, 0x33, 0xb4, 0x1d, 0x16, 0x0d, 0x04, 0x0d, 0x2b, 0xb4, 0x1d, 0x04,
  0x00, 0x11, 0x04, 0x2b, 0xb2, 0x16, 0x1d, 0x0a, 0x2b, 0xb3, 0x40, 0x16, 0x1a, 0x09, 0x2b, 0xb1,
  0x01, 0x04, 0x10, 0x20, 0xc0, 0x2f, 0xb4, 0x00, 0x04, 0x00, 0x11, 0x04, 0x2b, 0xb2, 0x00, 0x01,
  0x0a, 0x2b, 0xb3, 0x40, 0x00, 0x07, 0x09, 0x2b, 0x01, 0xb0, 0x26, 0x2f, 0xb0, 0x07, 0xd6, 0xb1,
  0x06, 0x0e, 0xe9, 0xb2, 0x07, 0x06, 0x0a, 0x2b, 0xb3, 0x40, 0x07, 0x00, 0x09, 0x2b, 0xb0, 0x06,
  0x10, 0xb1, 0x1a, 0x01, 0x2b, 0xb1, 0x19, 0x0e, 0xe9, 0xb0, 0x19, 0x10, 0xb1, 0x13, 0x01, 0x2b,
  0xb1, 0x20, 0x0e, 0xe9, 0xb2, 0x20, 0x13, 0x0a, 0x2b, 0xb3, 0x40, 0x20, 0x25, 0x09, 0x2b, 0xb2,
  0x13, 0x20, 0x0a, 0x2b, 0xb3, 0x40, 0x13, 0x0d, 0x09, 0x2b, 0xb1, 0x27, 0x01, 0x2b, 0xb1, 0x06,
  0x07, 0x11, 0x12, 0xb1, 0x04, 0x0c, 0x39, 0x39, 0xb1, 0x19, 0x1a, 0x11, 0x12, 0xb0, 0x0a, 0x39,
  0xb0, 0x13, 0x11, 0xb3, 0x0b, 0x16, 0x1d, 0x23, 0x24, 0x17, 0x39, 0x00, 0xb1, 0x23, 0x0d, 0x11,
  0x12, 0xb0, 0x0e, 0x39, 0xb0, 0x16, 0x11, 0xb1, 0x13, 0x20, 0x39, 0x39, 0x30, 0x31, 0x13, 0x35,
  0x3e, 0x01, 0x37, 0x33, 0x11, 0x23, 0x11, 0x03, 0x01, 0x33, 0x01, 0x21, 0x35, 0x3e, 0x03, 0x35,
  0x34, 0x26, 0x23, 0x22, 0x06, 0x17, 0x23, 0x26, 0x36, 0x33, 0x32, 0x16, 0x15, 0x14, 0x06, 0x07,
  0x21, 0x15, 0x1b, 0x63, 0x5d, 0x1d, 0x70, 0x97, 0x8f, 0x04, 0x00, 0xce, 0xfc, 0x00, 0x02, 0x94,
  0x76, 0x88, 0x81, 0x37, 0x45, 0x3a, 0x3f, 0x53, 0x01, 0x96, 0x02, 0xa5, 0x8a, 0x79, 0x9c, 0xd0,
  0xce, 0x01, 0xb0, 0x05, 0x00, 0x66, 0x02, 0x25, 0x40, 0xfc, 0xbc, 0x02, 0x77, 0xfb, 0x00, 0x05,
  0xcd, 0xfa, 0x33, 0x79, 0x5e, 0x74, 0x84, 0x69, 0x32, 0x3a, 0x3f, 0x55, 0x59, 0x80, 0x9d, 0x76,
  0x67, 0x77, 0xf2, 0x8b, 0x81, 0x00, 0x00, 0x00, 0x00, 0x04, 0x00, 0x31, 0x00, 0x00, 0x07, 0x62,
  0x05, 0xdb, 0x00, 0x27, 0x00, 0x2b, 0x00, 0x36, 0x00, 0x39, 0x01, 0x1d, 0x00, 0xb2, 0x28, 0x00,
  0x00, 0x2b, 0xb0, 0x34, 0x33, 0xb2, 0x17, 0x02, 0x00, 0x2b, 0xb0, 0x29, 0x33, 0xb4, 0x11, 0x04,
  0x00, 0x11, 0x04, 0x2b, 0xb2, 0x11, 0x17, 0x0a, 0x2b, 0xb3, 0x40, 0x11, 0x14, 0x09, 0x2b, 0xb4,
  0x2c, 0x37, 0x28, 0x17, 0x0d, 0x2b, 0xb0, 0x30, 0x33, 0xb4, 0x2c, 0x04, 0x00, 0x1d, 0x04, 0x2b,
  0xb0, 0x32, 0x32, 0xb2, 0x37, 0x2c, 0x0a, 0x2b, 0xb3, 0x40, 0x37, 0x2e, 0x09, 0x2b, 0xb4, 0x25,
  0x04, 0x28, 0x17, 0x0d, 0x2b, 0xb4, 0x25, 0x04, 0x00, 0x11, 0x04, 0x2b, 0xb2, 0x04, 0x25, 0x0a,
  0x2b, 0xb3, 0x40, 0x04, 0x00, 0x09, 0x2b, 0xb4, 0x0b, 0x0a, 0x28, 0x17, 0x0d, 0x2b, 0xb4, 0x0b,
  0x04, 0x00, 0x11, 0x04, 0x2b, 0x01, 0xb0, 0x3a, 0x2f, 0xb0, 0x00, 0xd6, 0xb0, 0x14, 0x32, 0xb4,
  0x01, 0x0e, 0x00, 0x55, 0x04, 0x2b, 0xb0, 0x13, 0x32, 0xb0, 0x01, 0x10, 0xb1, 0x07, 0x01, 0x2b,
  0xb1, 0x22, 0x0e, 0xe9, 0xb0, 0x0e, 0x20, 0xd6, 0x11, 0xb1, 0x1c, 0x0e, 0xe9, 0xb2, 0x0e, 0x1c,
  0x0a, 0x2b, 0xb3, 0x40, 0x0e, 0x0a, 0x09, 0x2b, 0xb0, 0x22, 0x10, 0xb1, 0x35, 0x01, 0x2b, 0xb0,
  0x38, 0x32, 0xb1, 0x34, 0x0e, 0xe9, 0xb0, 0x2f, 0x32, 0xb2, 0x34, 0x35, 0x0a, 0x2b, 0xb3, 0x40,
  0x34, 0x32, 0x09, 0x2b, 0xb2, 0x35, 0x34, 0x0a, 0x2b, 0xb3, 0x40, 0x35, 0x2c, 0x09, 0x2b, 0xb1,
  0x3b, 0x01, 0x2b, 0xb1, 0x01, 0x00, 0x11, 0x12, 0xb1, 0x27, 0x15, 0x39, 0x39, 0xb0, 0x0e, 0x11,
  0xb3, 0x04, 0x17, 0x25, 0x28, 0x24, 0x17, 0x39, 0xb1, 0x1c, 0x07, 0x11, 0x12, 0xb1, 0x1f, 0x2b,
  0x39, 0x39, 0xb1, 0x35, 0x22, 0x11, 0x12, 0xb2, 0x29, 0x2a, 0x37, 0x39, 0x39, 0x39, 0xb0, 0x34,
  0x11, 0xb0, 0x2e, 0x39, 0x00, 0xb1, 0x37, 0x2c, 0x11, 0x12, 0xb0, 0x2d, 0x39, 0xb1, 0x04, 0x25,
  0x11, 0x12, 0xb0, 0x39, 0x39, 0xb0, 0x0a, 0x11, 0xb0, 0x22, 0x39, 0xb0, 0x0b, 0x12, 0xb0, 0x1f,
  0x39, 0xb0, 0x11, 0x11, 0xb0, 0x1c, 0x39, 0x30, 0x31, 0x13, 0x33, 0x1e, 0x01, 0x33, 0x32, 0x36,
  0x35, 0x34, 0x2b, 0x01, 0x35, 0x33, 0x32, 0x35, 0x34, 0x26, 0x23, 0x22, 0x07, 0x23, 0x3e, 0x01,
  0x33, 0x32, 0x1e, 0x02, 0x15, 0x14, 0x06, 0x07, 0x1e, 0x01, 0x15, 0x14, 0x06, 0x23, 0x22, 0x26,
  0x09, 0x01, 0x33, 0x01, 0x25, 0x35, 0x01, 0x33, 0x11, 0x33, 0x15, 0x23, 0x15, 0x23, 0x35, 0x27,
  0x33, 0x11, 0x31, 0x90, 0x0b, 0x56, 0x4b, 0x47, 0x5a, 0xc2, 0x31, 0x29, 0xb8, 0x50, 0x3b, 0x8f,
  0x17, 0x90, 0x09, 0xaa, 0x8d, 0x35, 0x61, 0x52, 0x30, 0x3f, 0x35, 0x41, 0x48, 0xb6, 0x88, 0x8b,
  0xa6, 0x01, 0x11, 0x04, 0x00, 0xcf, 0xfc, 0x00, 0x02, 0x87, 0x01, 0x9d, 0x96, 0x8f, 0x8f, 0x98,
  0xf9, 0xf9, 0x03, 0x91, 0x48, 0x5d, 0x4a, 0x3f, 0x8b, 0x79, 0x7d, 0x3a, 0x3d, 0x9e, 0x7c, 0x90,
  0x1a, 0x34, 0x58, 0x39, 0x3c, 0x61, 0x1b, 0x1b, 0x6f, 0x41, 0x7b, 0x83, 0x9e, 0xfc, 0xe7, 0x05,
  0xcd, 0xfa, 0x33, 0xc1, 0x76, 0x02, 0x0d, 0xfd, 0xf9, 0x7c, 0xc1, 0xc1, 0x7c, 0x01, 0x46, 0x00,
  0x00, 0x02, 0x00, 0x1b, 0xfe, 0x7d, 0x03, 0xd7, 0x04, 0x4e, 0x00, 0x30, 0x00, 0x34, 0x00, 0x73,
  0x00, 0xb2, 0x32, 0x01, 0x00, 0x2b, 0xb1, 0x31, 0x0c, 0xe9, 0xb0, 0x2c, 0x2f, 0xb1, 0x21, 0x07,
  0xe9, 0xb2, 0x21, 0x2c, 0x0a, 0x2b, 0xb3, 0x40, 0x21, 0x28, 0x09, 0x2b, 0x01, 0xb0, 0x35, 0x2f,
  0xb0, 0x00, 0xd6, 0xb1, 0x1e, 0x11, 0xe9, 0xb0, 0x1e, 0x10, 0xb1, 0x31, 0x01, 0x2b, 0xb1, 0x34,
  0x17, 0xe9, 0xb3, 0x10, 0x34, 0x31, 0x08, 0x2b, 0xb1, 0x0d, 0x10, 0xe9, 0xb0, 0x0d, 0x2f, 0xb1,
  0x10, 0x10, 0xe9, 0xb0, 0x34, 0x10, 0xb1, 0x27, 0x01, 0x2b, 0xb1, 0x28, 0x10, 0xe9, 0xb1, 0x36,
  0x01, 0x2b, 0xb1, 0x31, 0x1e, 0x11, 0x12, 0xb1, 0x17, 0x08, 0x39, 0x39, 0xb1, 0x10, 0x0d, 0x11,
  0x12, 0xb1, 0x21, 0x2c, 0x39, 0x39, 0x00, 0xb1, 0x31, 0x21, 0x11, 0x12, 0xb1, 0x00, 0x0e, 0x39,
  0x39, 0x30, 0x31, 0x17, 0x34, 0x3e, 0x03, 0x37, 0x3e, 0x05, 0x3d, 0x01, 0x33, 0x15, 0x14, 0x0e,
  0x05, 0x07, 0x0e, 0x04, 0x15, 0x14, 0x16, 0x33, 0x32, 0x3e, 0x03, 0x37, 0x33, 0x0e, 0x02, 0x23,
  0x22, 0x2e, 0x02, 0x01, 0x35, 0x33, 0x15, 0x1b, 0x22, 0x2e, 0x52, 0x39, 0x31, 0x0b, 0x40, 0x16,
  0x2b, 0x11, 0x0f, 0xbe, 0x0d, 0x21, 0x1c, 0x3a, 0x20, 0x49, 0x0e, 0x25, 0x25, 0x3a, 0x1c, 0x17,
  0x98, 0x7b, 0x40, 0x68, 0x41, 0x2d, 0x13, 0x02, 0xba, 0x01, 0x82, 0xe0, 0x8d, 0x59, 0xa1, 0x84,
  0x4e, 0x01, 0x9d, 0xec, 0x1b, 0x38, 0x69, 0x4a, 0x55, 0x2e, 0x26, 0x08, 0x2e, 0x12, 0x2b, 0x20,
  0x33, 0x1d, 0x40, 0x46, 0x28, 0x43, 0x3b, 0x29, 0x32, 0x1a, 0x32, 0x0b, 0x1c, 0x1e, 0x3a, 0x30,
  0x47, 0x27, 0x5e, 0x6d, 0x24, 0x38, 0x4b, 0x48, 0x25, 0x82, 0xc9, 0x6d, 0x2b, 0x55, 0x8e, 0x03,
  0xd7, 0xec, 0xec, 0x00, 0x00, 0x03, 0x00, 0x00, 0x00, 0x00, 0x05, 0x48, 0x07, 0x17, 0x00, 0x07,
  0x00, 0x0b, 0x00, 0x0e, 0x00, 0x2c, 0x00, 0xb2, 0x00, 0x00, 0x00, 0x2b, 0xb0, 0x03, 0x33, 0xb2,
  0x01, 0x02, 0x00, 0x2b, 0xb4, 0x06, 0x0c, 0x00, 0x01, 0x0d, 0x2b, 0xb1, 0x06, 0x03, 0xe9, 0x01,
  0xb0, 0x0f, 0x2f, 0xb1, 0x10, 0x01, 0x2b, 0x00, 0xb1, 0x01, 0x0c, 0x11, 0x12, 0xb0, 0x0e, 0x39,
  0x30, 0x31, 0x31, 0x01, 0x33, 0x01, 0x23, 0x03, 0x21, 0x03, 0x13, 0x21, 0x17, 0x23, 0x03, 0x21,
  0x01, 0x02, 0x27, 0xf2, 0x02, 0x2f, 0xe2, 0x74, 0xfd, 0x56, 0x73, 0x44, 0x01, 0x08, 0xe1, 0xba,
  0xc1, 0x02, 0x29, 0xfe, 0xea, 0x05, 0xcd, 0xfa, 0x33, 0x01, 0x42, 0xfe, 0xbe, 0x07, 0x17, 0xe8,
  0xfb, 0xc5, 0x03, 0x06, 0x00, 0x03, 0x00, 0x00, 0x00, 0x00, 0x05, 0x48, 0x07, 0x17, 0x00, 0x07,
  0x00, 0x0a, 0x00, 0x0e, 0x00, 0x2c, 0x00, 0xb2, 0x00, 0x00, 0x00, 0x2b, 0xb0, 0x03, 0x33, 0xb2,
  0x01, 0x02, 0x00, 0x2b, 0xb4, 0x06, 0x08, 0x00, 0x01, 0x0d, 0x2b, 0xb1, 0x06, 0x03, 0xe9, 0x01,
  0xb0, 0x0f, 0x2f, 0xb1, 0x10, 0x01, 0x2b, 0x00, 0xb1, 0x01, 0x08, 0x11, 0x12, 0xb0, 0x0a, 0x39,
  0x30, 0x31, 0x31, 0x01, 0x33, 0x01, 0x23, 0x03, 0x21, 0x03, 0x13, 0x21, 0x01, 0x03, 0x37, 0x21,
  0x05, 0x02, 0x27, 0xf2, 0x02, 0x2f, 0xe2, 0x74, 0xfd, 0x56, 0x73, 0xb2, 0x02, 0x29, 0xfe, 0xea,
  0x52, 0xe1, 0x01, 0x08, 0xfe, 0xcf, 0x05, 0xcd, 0xfa, 0x33, 0x01, 0x42, 0xfe, 0xbe, 0x01, 0xf4,
  0x03, 0x06, 0x01, 0x35, 0xe8, 0xe8, 0x00, 0x00, 0x00, 0x03, 0x00, 0x00, 0x00, 0x00, 0x05, 0x48,
  0x07, 0x17, 0x00, 0x07, 0x00, 0x0e, 0x00, 0x11, 0x00, 0x2c, 0x00, 0xb2, 0x00, 0x00, 0x00, 0x2b,
  0xb0, 0x03, 0x33, 0xb2, 0x01, 0x02, 0x00, 0x2b, 0xb4, 0x06, 0x0f, 0x00, 0x01, 0x0d, 0x2b, 0xb1,
  0x06, 0x03, 0xe9, 0x01, 0xb0, 0x12, 0x2f, 0xb1, 0x13, 0x01, 0x2b, 0x00, 0xb1, 0x01, 0x0f, 0x11,
  0x12, 0xb0, 0x11, 0x39, 0x30, 0x31, 0x31, 0x01, 0x33, 0x01, 0x23, 0x03, 0x21, 0x03, 0x13, 0x25,
  0x33, 0x05, 0x23, 0x27, 0x07, 0x03, 0x21, 0x01, 0x02, 0x27, 0xf2, 0x02, 0x2f, 0xe2, 0x74, 0xfd,
  0x56, 0x73, 0x68, 0x01, 0x15, 0xaa, 0x01, 0x0e, 0xdb, 0x8b, 0x8b, 0x92, 0x02, 0x29, 0xfe, 0xea,
  0x05, 0xcd, 0xfa, 0x33, 0x01, 0x42, 0xfe, 0xbe, 0x06, 0x2f, 0xe8, 0xe8, 0x73, 0x73, 0xfb, 0xc5,
  0x03, 0x06, 0x00, 0x00, 0x00, 0x03, 0x00, 0x00, 0x00, 0x00, 0x05, 0x48, 0x07, 0x19, 0x00, 0x07,
  0x00, 0x1e, 0x00, 0x21, 0x00, 0x79, 0x00, 0xb2, 0x00, 0x00, 0x00, 0x2b, 0xb0, 0x03, 0x33, 0xb2,
  0x01, 0x02, 0x00, 0x2b, 0xb4, 0x06, 0x1f, 0x00, 0x01, 0x0d, 0x2b, 0xb1, 0x06, 0x03, 0xe9, 0xb0,
  0x17, 0x2f, 0xb0, 0x08, 0x33, 0xb1, 0x10, 0x04, 0xe9, 0xb3, 0x1b, 0x10, 0x17, 0x08, 0x2b, 0xb1,
  0x0b, 0x04, 0xe9, 0xb0, 0x13, 0x32, 0x01, 0xb0, 0x22, 0x2f, 0xb0, 0x08, 0xd6, 0xb4, 0x1e, 0x0e,
  0x00, 0x61, 0x04, 0x2b, 0xb0, 0x1e, 0x10, 0xb1, 0x13, 0x01, 0x2b, 0xb4, 0x14, 0x0e, 0x00, 0x61,
  0x04, 0x2b, 0xb1, 0x23, 0x01, 0x2b, 0xb1, 0x1e, 0x08, 0x11, 0x12, 0xb1, 0x06, 0x1f, 0x39, 0x39,
  0xb0, 0x13, 0x11, 0xb4, 0x01, 0x0b, 0x02, 0x17, 0x21, 0x24, 0x17, 0x39, 0xb0, 0x14, 0x12, 0xb1,
  0x05, 0x20, 0x39, 0x39, 0x00, 0xb1, 0x01, 0x1f, 0x11, 0x12, 0xb0, 0x21, 0x39, 0x30, 0x31, 0x31,
  0x01, 0x33, 0x01, 0x23, 0x03, 0x21, 0x03, 0x13, 0x3e, 0x01, 0x33, 0x32, 0x1e, 0x02, 0x33, 0x32,
  0x36, 0x37, 0x33, 0x0e, 0x01, 0x23, 0x22, 0x2e, 0x01, 0x23, 0x22, 0x06, 0x07, 0x03, 0x21, 0x01,
  0x02, 0x27, 0xf2, 0x02, 0x2f, 0xe2, 0x74, 0xfd, 0x56, 0x73, 0x56, 0x14, 0x7d, 0x5b, 0x2a, 0x51,
  0x35, 0x45, 0x1f, 0x27, 0x33, 0x06, 0x92, 0x14, 0x81, 0x59, 0x34, 0x67, 0x58, 0x23, 0x28, 0x30,
  0x05, 0x35, 0x02, 0x29, 0xfe, 0xea, 0x05, 0xcd, 0xfa, 0x33, 0x01, 0x42, 0xfe, 0xbe, 0x06, 0x33,
  0x73, 0x73, 0x1e, 0x25, 0x1e, 0x2f, 0x2d, 0x78, 0x6f, 0x30, 0x30, 0x2f, 0x2b, 0xfb, 0xc1, 0x03,
  0x06, 0x00, 0x00, 0x00, 0x00, 0x04, 0x00, 0x00, 0x00, 0x00, 0x05, 0x48, 0x07, 0x08, 0x00, 0x07,
  0x00, 0x0b, 0x00, 0x0e, 0x00, 0x12, 0x00, 0x63, 0x00, 0xb2, 0x00, 0x00, 0x00, 0x2b, 0xb0, 0x03,
  0x33, 0xb2, 0x01, 0x02, 0x00, 0x2b, 0xb4, 0x06, 0x0c, 0x00, 0x01, 0x0d, 0x2b, 0xb1, 0x06, 0x03,
  0xe9, 0xb0, 0x08, 0x2f, 0xb0, 0x0f, 0x33, 0xb1, 0x09, 0x0b, 0xe9, 0xb0, 0x10, 0x32, 0x01, 0xb0,
  0x13, 0x2f, 0xb0, 0x08, 0xd6, 0xb1, 0x0b, 0x10, 0xe9, 0xb0, 0x0b, 0x10, 0xb1, 0x0f, 0x01, 0x2b,
  0xb1, 0x12, 0x10, 0xe9, 0xb1, 0x14, 0x01, 0x2b, 0xb1, 0x0b, 0x08, 0x11, 0x12, 0xb0, 0x0c, 0x39,
  0xb0, 0x0f, 0x11, 0xb2, 0x01, 0x02, 0x0e, 0x39, 0x39, 0x39, 0xb0, 0x12, 0x12, 0xb0, 0x0d, 0x39,
  0x00, 0xb1, 0x01, 0x0c, 0x11, 0x12, 0xb0, 0x0e, 0x39, 0x30, 0x31, 0x31, 0x01, 0x33, 0x01, 0x23,
  0x03, 0x21, 0x03, 0x13, 0x35, 0x33, 0x15, 0x03, 0x21, 0x01, 0x13, 0x35, 0x33, 0x15, 0x02, 0x27,
  0xf2, 0x02, 0x2f, 0xe2, 0x74, 0xfd, 0x56, 0x73, 0x87, 0xbb, 0x90, 0x02, 0x29, 0xfe, 0xea, 0x97,
  0xbd, 0x05, 0xcd, 0xfa, 0x33, 0x01, 0x42, 0xfe, 0xbe, 0x06, 0x3d, 0xcb, 0xcb, 0xfb, 0xb7, 0x03,
  0x06, 0x01, 0x43, 0xcb, 0xcb, 0x00, 0x00, 0x00, 0x00, 0x04, 0x00, 0x00, 0x00, 0x00, 0x05, 0x48,
  0x07, 0x7b, 0x00, 0x07, 0x00, 0x0a, 0x00, 0x15, 0x00, 0x20, 0x00, 0x7c, 0x00, 0xb2, 0x00, 0x00,
  0x00, 0x2b, 0xb0, 0x03, 0x33, 0xb2, 0x01, 0x02, 0x00, 0x2b, 0xb4, 0x06, 0x08, 0x00, 0x01, 0x0d,
  0x2b, 0xb1, 0x06, 0x03, 0xe9, 0xb0, 0x13, 0x2f, 0xb4, 0x19, 0x04, 0x00, 0x11, 0x04, 0x2b, 0xb0,
  0x1f, 0x2f, 0xb4, 0x0e, 0x04, 0x00, 0x11, 0x04, 0x2b, 0x01, 0xb0, 0x21, 0x2f, 0xb0, 0x0b, 0xd6,
  0xb4, 0x17, 0x0e, 0x00, 0x0f, 0x04, 0x2b, 0xb0, 0x17, 0x10, 0xb1, 0x1c, 0x01, 0x2b, 0xb4, 0x11,
  0x0e, 0x00, 0x0f, 0x04, 0x2b, 0xb1, 0x22, 0x01, 0x2b, 0xb1, 0x17, 0x0b, 0x11, 0x12, 0xb0, 0x01,
  0x39, 0xb0, 0x1c, 0x11, 0xb2, 0x0a, 0x13, 0x0e, 0x39, 0x39, 0x39, 0xb0, 0x11, 0x12, 0xb0, 0x02,
  0x39, 0x00, 0xb1, 0x01, 0x08, 0x11, 0x12, 0xb0, 0x0a, 0x39, 0xb1, 0x1f, 0x19, 0x11, 0x12, 0xb2,
  0x10, 0x11, 0x0b, 0x39, 0x39, 0x39, 0x30, 0x31, 0x31, 0x01, 0x33, 0x01, 0x23, 0x03, 0x21, 0x03,
  0x13, 0x21, 0x01, 0x03, 0x34, 0x36, 0x33, 0x32, 0x16, 0x14, 0x06, 0x23, 0x22, 0x26, 0x36, 0x14,
  0x16, 0x33, 0x32, 0x36, 0x35, 0x34, 0x26, 0x23, 0x22, 0x02, 0x27, 0xf2, 0x02, 0x2f, 0xe2, 0x74,
  0xfd, 0x56, 0x73, 0xb2, 0x02, 0x29, 0xfe, 0xea, 0xae, 0x6c, 0x4c, 0x4e, 0x6c, 0x6b, 0x4f, 0x4d,
  0x6b, 0x60, 0x35, 0x23, 0x24, 0x34, 0x34, 0x24, 0x23, 0x05, 0xcd, 0xfa, 0x33, 0x01, 0x42, 0xfe,
  0xbe, 0x01, 0xf4, 0x03, 0x06, 0x01, 0xd3, 0x4b, 0x63, 0x63, 0x96, 0x63, 0x64, 0x6f, 0x4a, 0x31,
  0x31, 0x25, 0x26, 0x32, 0x00, 0x02, 0x00, 0x00, 0x00, 0x00, 0x08, 0x29, 0x05, 0xcd, 0x00, 0x0f,
  0x00, 0x12, 0x00, 0x68, 0x00, 0xb2, 0x0c, 0x00, 0x00, 0x2b, 0xb0, 0x00, 0x33, 0xb1, 0x09, 0x03,
  0xe9, 0xb2, 0x01, 0x02, 0x00, 0x2b, 0xb1, 0x04, 0x03, 0xe9, 0xb4, 0x0e, 0x10, 0x0c, 0x01, 0x0d,
  0x2b, 0xb1, 0x0e, 0x03, 0xe9, 0xb4, 0x05, 0x08, 0x0c, 0x01, 0x0d, 0x2b, 0xb1, 0x05, 0x03, 0xe9,
  0x01, 0xb0, 0x13, 0x2f, 0xb0, 0x0d, 0xd6, 0xb0, 0x11, 0x32, 0xb1, 0x09, 0x0d, 0xe9, 0xb0, 0x04,
  0x32, 0xb2, 0x09, 0x0d, 0x0a, 0x2b, 0xb3, 0x40, 0x09, 0x07, 0x09, 0x2b, 0xb3, 0x40, 0x09, 0x0b,
  0x09, 0x2b, 0xb0, 0x02, 0x32, 0xb1, 0x14, 0x01, 0x2b, 0xb1, 0x09, 0x0d, 0x11, 0x12, 0xb0, 0x01,
  0x39, 0x00, 0xb1, 0x04, 0x05, 0x11, 0x12, 0xb0, 0x12, 0x39, 0x30, 0x31, 0x31, 0x01, 0x21, 0x15,
  0x21, 0x11, 0x21, 0x15, 0x21, 0x11, 0x21, 0x15, 0x21, 0x11, 0x21, 0x03, 0x01, 0x21, 0x11, 0x04,
  0x39, 0x03, 0xf0, 0xfc, 0xe3, 0x02, 0xee, 0xfd, 0x12, 0x03, 0x1d, 0xfc, 0x10, 0xfd, 0x90, 0xe4,
  0x01, 0x67, 0x01, 0xed, 0x05, 0xcd, 0xb4, 0xfe, 0x3d, 0xb4, 0xfe, 0x12, 0xb4, 0x01, 0x3d, 0xfe,
  0xc3, 0x01, 0xf4, 0x02, 0xae, 0x00, 0x00, 0x00, 0x00, 0x01, 0x00, 0x68, 0xfe, 0x71, 0x05, 0x8d,
  0x05, 0xe7, 0x00, 0x32, 0x00, 0x97, 0x00, 0xb2, 0x17, 0x00, 0x00, 0x2b, 0xb1, 0x10, 0x0a, 0xe9,
  0xb2, 0x10, 0x17, 0x0a, 0x2b, 0xb3, 0x40, 0x10, 0x13, 0x09, 0x2b, 0xb2, 0x2f, 0x00, 0x00, 0x2b,
  0xb2, 0x03, 0x02, 0x00, 0x2b, 0xb1, 0x0a, 0x0a, 0xe9, 0xb2, 0x0a, 0x03, 0x0a, 0x2b, 0xb3, 0x40,
  0x0a, 0x07, 0x09, 0x2b, 0xb0, 0x20, 0x2f, 0xb4, 0x25, 0x04, 0x00, 0x11, 0x04, 0x2b, 0x01, 0xb0,
  0x33, 0x2f, 0xb0, 0x00, 0xd6, 0xb1, 0x0d, 0x15, 0xe9, 0xb0, 0x0d, 0x10, 0xb1, 0x28, 0x01, 0x2b,
  0xb4, 0x1d, 0x0e, 0x00, 0x0f, 0x04, 0x2b, 0xb0, 0x1d, 0x10, 0xb1, 0x13, 0x01, 0x2b, 0xb0, 0x07,
  0x32, 0xb1, 0x14, 0x13, 0xe9, 0xb0, 0x06, 0x32, 0xb1, 0x34, 0x01, 0x2b, 0xb1, 0x28, 0x0d, 0x11,
  0x12, 0x40, 0x0a, 0x03, 0x0a, 0x10, 0x17, 0x18, 0x1a, 0x20, 0x22, 0x2e, 0x2f, 0x24, 0x17, 0x39,
  0x00, 0xb1, 0x25, 0x20, 0x11, 0x12, 0xb0, 0x22, 0x39, 0xb0, 0x17, 0x11, 0xb2, 0x1d, 0x23, 0x2e,
  0x39, 0x39, 0x39, 0xb1, 0x0a, 0x10, 0x11, 0x12, 0xb0, 0x00, 0x39, 0x30, 0x31, 0x13, 0x10, 0x00,
  0x21, 0x32, 0x00, 0x17, 0x23, 0x2e, 0x01, 0x23, 0x22, 0x00, 0x11, 0x10, 0x00, 0x33, 0x32, 0x36,
  0x37, 0x33, 0x06, 0x00, 0x0f, 0x01, 0x36, 0x33, 0x32, 0x16, 0x15, 0x14, 0x06, 0x23, 0x22, 0x27,
  0x37, 0x16, 0x33, 0x32, 0x36, 0x35, 0x34, 0x26, 0x23, 0x22, 0x07, 0x27, 0x37, 0x26, 0x24, 0x02,
  0x68, 0x01, 0x79, 0x01, 0x3a, 0xea, 0x01, 0x52, 0x2e, 0xcb, 0x23, 0xdc, 0xab, 0xcc, 0xfe, 0xf9,
  0x01, 0x07, 0xd3, 0xab, 0xdc, 0x25, 0xca, 0x30, 0xfe, 0xaf, 0xef, 0x2d, 0x1e, 0x1f, 0x49, 0x53,
  0x88, 0x55, 0x6f, 0x50, 0x21, 0x3d, 0x3a, 0x33, 0x4a, 0x34, 0x27, 0x32, 0x1b, 0x3e, 0x56, 0xb8,
  0xfe, 0xf6, 0x88, 0x02, 0xe9, 0x01, 0x5b, 0x01, 0xa3, 0xfe, 0xf7, 0xea, 0x91, 0xb2, 0xfe, 0xc9,
  0xfe, 0xe9, 0xfe, 0xec, 0xfe, 0xc1, 0xaf, 0x94, 0xec, 0xfe, 0xfd, 0x05, 0x47, 0x06, 0x4b, 0x40,
  0x4d, 0x5b, 0x27, 0x51, 0x1c, 0x1f, 0x22, 0x1d, 0x21, 0x13, 0x23, 0x8d, 0x14, 0xce, 0x01, 0x4b,
  0x00, 0x02, 0x00, 0xb0, 0x00, 0x00, 0x04, 0xa0, 0x07, 0x17, 0x00, 0x0b, 0x00, 0x0f, 0x00, 0x4f,
  0x00, 0xb2, 0x00, 0x00, 0x00, 0x2b, 0xb1, 0x09, 0x03, 0xe9, 0xb2, 0x01, 0x02, 0x00, 0x2b, 0xb1,
  0x04, 0x03, 0xe9, 0xb4, 0x05, 0x08, 0x00, 0x01, 0x0d, 0x2b, 0xb1, 0x05, 0x03, 0xe9, 0x01, 0xb0,
  0x10, 0x2f, 0xb0, 0x00, 0xd6, 0xb1, 0x09, 0x0d, 0xe9, 0xb0, 0x04, 0x32, 0xb2, 0x09, 0x00, 0x0a,
  0x2b, 0xb3, 0x40, 0x09, 0x0b, 0x09, 0x2b, 0xb0, 0x02, 0x32, 0xb3, 0x40, 0x09, 0x07, 0x09, 0x2b,
  0xb1, 0x11, 0x01, 0x2b, 0xb1, 0x09, 0x00, 0x11, 0x12, 0xb0, 0x0c, 0x39, 0x00, 0x30, 0x31, 0x33,
  0x11, 0x21, 0x15, 0x21, 0x11, 0x21, 0x15, 0x21, 0x11, 0x21, 0x15, 0x01, 0x21, 0x17, 0x23, 0xb0,
  0x03, 0xf0, 0xfc, 0xe1, 0x02, 0xf0, 0xfd, 0x10, 0x03, 0x1f, 0xfc, 0xa6, 0x01, 0x08, 0xe1, 0xba,
  0x05, 0xcd, 0xb4, 0xfe, 0x3d, 0xb4, 0xfe, 0x12, 0xb4, 0x07, 0x17, 0xe8, 0x00, 0x02, 0x00, 0xb0,
  0x00, 0x00, 0x04, 0xa0, 0x07, 0x17, 0x00, 0x0b, 0x00, 0x0f, 0x00, 0x47, 0x00, 0xb2, 0x00, 0x00,
  0x00, 0x2b, 0xb1, 0x09, 0x03, 0xe9, 0xb2, 0x01, 0x02, 0x00, 0x2b, 0xb1, 0x04, 0x03, 0xe9, 0xb4,
  0x05, 0x08, 0x00, 0x01, 0x0d, 0x2b, 0xb1, 0x05, 0x03, 0xe9, 0x01, 0xb0, 0x10, 0x2f, 0xb0, 0x00,
  0xd6, 0xb1, 0x09, 0x0d, 0xe9, 0xb0, 0x04, 0x32, 0xb2, 0x09, 0x00, 0x0a, 0x2b, 0xb3, 0x40, 0x09,
  0x0b, 0x09, 0x2b, 0xb0, 0x02, 0x32, 0xb3, 0x40, 0x09, 0x07, 0x09, 0x2b, 0xb1, 0x11, 0x01, 0x2b,
  0x00, 0x30, 0x31, 0x33, 0x11, 0x21, 0x15, 0x21, 0x11, 0x21, 0x15, 0x21, 0x11, 0x21, 0x15, 0x01,
  0x37, 0x21, 0x05, 0xb0, 0x03, 0xf0, 0xfc, 0xe1, 0x02, 0xf0, 0xfd, 0x10, 0x03, 0x1f, 0xfd, 0xac,
  0xe1, 0x01, 0x08, 0xfe, 0xcf, 0x05, 0xcd, 0xb4, 0xfe, 0x3d, 0xb4, 0xfe, 0x12, 0xb4, 0x06, 0x2f,
  0xe8, 0xe8, 0x00, 0x00, 0x00, 0x02, 0x00, 0xb0, 0x00, 0x00, 0x04, 0xa0, 0x07, 0x17, 0x00, 0x0b,
  0x00, 0x12, 0x00, 0x4f, 0x00, 0xb2, 0x00, 0x00, 0x00, 0x2b, 0xb1, 0x09, 0x03, 0xe9, 0xb2, 0x01,
  0x02, 0x00, 0x2b, 0xb1, 0x04, 0x03, 0xe9, 0xb4, 0x05, 0x08, 0x00, 0x01, 0x0d, 0x2b, 0xb1, 0x05,
  0x03, 0xe9, 0x01, 0xb0, 0x13, 0x2f, 0xb0, 0x00, 0xd6, 0xb1, 0x09, 0x0d, 0xe9, 0xb0, 0x04, 0x32,
  0xb2, 0x09, 0x00, 0x0a, 0x2b, 0xb3, 0x40, 0x09, 0x0b, 0x09, 0x2b, 0xb0, 0x02, 0x32, 0xb3, 0x40,
  0x09, 0x07, 0x09, 0x2b, 0xb1, 0x14, 0x01, 0x2b, 0xb1, 0x09, 0x00, 0x11, 0x12, 0xb0, 0x0c, 0x39,
  0x00, 0x30, 0x31, 0x33, 0x11, 0x21, 0x15, 0x21, 0x11, 0x21, 0x15, 0x21, 0x11, 0x21, 0x15, 0x01,
  0x25, 0x33, 0x05, 0x23, 0x27, 0x07, 0xb0, 0x03, 0xf0, 0xfc, 0xe1, 0x02, 0xf0, 0xfd, 0x10, 0x03,
  0x1f, 0xfc, 0xb0, 0x01, 0x14, 0xaa, 0x01, 0x0f, 0xdb, 0x8c, 0x8b, 0x05, 0xcd, 0xb4, 0xfe, 0x3d,
  0xb4, 0xfe, 0x12, 0xb4, 0x06, 0x2f, 0xe8, 0xe8, 0x73, 0x73, 0x00, 0x00, 0x00, 0x03, 0x00, 0xb0,
  0x00, 0x00, 0x04, 0xa0, 0x07, 0x08, 0x00, 0x0b, 0x00, 0x0f, 0x00, 0x13, 0x00, 0x69, 0x00, 0xb2,
  0x00, 0x00, 0x00, 0x2b, 0xb1, 0x09, 0x03, 0xe9, 0xb2, 0x01, 0x02, 0x00, 0x2b, 0xb1, 0x04, 0x03,
  0xe9, 0xb4, 0x05, 0x08, 0x00, 0x01, 0x0d, 0x2b, 0xb1, 0x05, 0x03, 0xe9, 0xb0, 0x0c, 0x2f, 0xb0,
  0x10, 0x33, 0xb1, 0x0d, 0x0b, 0xe9, 0xb0, 0x11, 0x32, 0x01, 0xb0, 0x14, 0x2f, 0xb0, 0x00, 0xd6,
  0xb1, 0x09, 0x0d, 0xe9, 0xb0, 0x04, 0x32, 0xb2, 0x09, 0x00, 0x0a, 0x2b, 0xb3, 0x40, 0x09, 0x0b,
  0x09, 0x2b, 0xb0, 0x02, 0x32, 0xb3, 0x40, 0x09, 0x07, 0x09, 0x2b, 0xb3, 0x0c, 0x09, 0x00, 0x08,
  0x2b, 0xb1, 0x0f, 0x10, 0xe9, 0xb0, 0x09, 0x10, 0xb1, 0x10, 0x01, 0x2b, 0xb1, 0x13, 0x10, 0xe9,
  0xb1, 0x15, 0x01, 0x2b, 0x00, 0x30, 0x31, 0x33, 0x11, 0x21, 0x15, 0x21, 0x11, 0x21, 0x15, 0x21,
  0x11, 0x21, 0x15, 0x01, 0x35, 0x33, 0x15, 0x21, 0x35, 0x33, 0x15, 0xb0, 0x03, 0xf0, 0xfc, 0xe1,
  0x02, 0xf0, 0xfd, 0x10, 0x03, 0x1f, 0xfc, 0xc0, 0xbb, 0x01, 0x1a, 0xbd, 0x05, 0xcd, 0xb4, 0xfe,
  0x3d, 0xb4, 0xfe, 0x12, 0xb4, 0x06, 0x3d, 0xcb, 0xcb, 0xcb, 0xcb, 0x00, 0x00, 0x02, 0xff, 0x8d,
  0x00, 0x00, 0x01, 0x81, 0x07, 0x17, 0x00, 0x03, 0x00, 0x07, 0x00, 0x27, 0x00, 0xb2, 0x04, 0x00,
  0x00, 0x2b, 0xb2, 0x05, 0x02, 0x00, 0x2b, 0x01, 0xb0, 0x08, 0x2f, 0xb0, 0x04, 0xd6, 0xb1, 0x07,
  0x0d, 0xe9, 0xb1, 0x09, 0x01, 0x2b, 0xb1, 0x07, 0x04, 0x11, 0x12, 0xb1, 0x03, 0x02, 0x39, 0x39,
  0x00, 0x30, 0x31, 0x03, 0x21, 0x17, 0x23, 0x03, 0x11, 0x33, 0x11, 0x73, 0x01, 0x09, 0xe1, 0xbb,
  0x0c, 0xd1, 0x07, 0x17, 0xe8, 0xf9, 0xd1, 0x05, 0xcd, 0xfa, 0x33, 0x00, 0x00, 0x02, 0x00, 0xb0,
  0x00, 0x00, 0x02, 0xa6, 0x07, 0x17, 0x00, 0x03, 0x00, 0x07, 0x00, 0x27, 0x00, 0xb2, 0x00, 0x00,
  0x00, 0x2b, 0xb2, 0x01, 0x02, 0x00, 0x2b, 0x01, 0xb0, 0x08, 0x2f, 0xb0, 0x00, 0xd6, 0xb1, 0x03,
  0x0d, 0xe9, 0xb1, 0x09, 0x01, 0x2b, 0xb1, 0x03, 0x00, 0x11, 0x12, 0xb1, 0x04, 0x07, 0x39, 0x39,
  0x00, 0x30, 0x31, 0x33, 0x11, 0x33, 0x11, 0x03, 0x37, 0x21, 0x05, 0xb0, 0xd1, 0xc5, 0xe2, 0x01,
  0x08, 0xfe, 0xcf, 0x05, 0xcd, 0xfa, 0x33, 0x06, 0x2f, 0xe8, 0xe8, 0x00, 0x00, 0x02, 0xff, 0xb2,
  0x00, 0x00, 0x02, 0x7f, 0x07, 0x17, 0x00, 0x06, 0x00, 0x0a, 0x00, 0x29, 0x00, 0xb2, 0x07, 0x00,
  0x00, 0x2b, 0xb2, 0x08, 0x02, 0x00, 0x2b, 0x01, 0xb0, 0x0b, 0x2f, 0xb0, 0x07, 0xd6, 0xb1, 0x0a,
  0x0d, 0xe9, 0xb1, 0x0c, 0x01, 0x2b, 0xb1, 0x0a, 0x07, 0x11, 0x12, 0xb2, 0x02, 0x01, 0x05, 0x39,
  0x39, 0x39, 0x00, 0x30, 0x31, 0x03, 0x25, 0x33, 0x05, 0x23, 0x27, 0x07, 0x13, 0x11, 0x33, 0x11,
  0x4e, 0x01, 0x15, 0xaa, 0x01, 0x0e, 0xdb, 0x8b, 0x8c, 0x23, 0xd1, 0x06, 0x2f, 0xe8, 0xe8, 0x73,
  0x73, 0xf9, 0xd1, 0x05, 0xcd, 0xfa, 0x33, 0x00, 0x00, 0x03, 0xff, 0xd1, 0x00, 0x00, 0x02, 0x62,
  0x07, 0x08, 0x00, 0x03, 0x00, 0x07, 0x00, 0x0b, 0x00, 0x40, 0x00, 0xb2, 0x04, 0x00, 0x00, 0x2b,
  0xb2, 0x05, 0x02, 0x00, 0x2b, 0xb0, 0x00, 0x2f, 0xb0, 0x08, 0x33, 0xb1, 0x01, 0x0b, 0xe9, 0xb0,
  0x09, 0x32, 0x01, 0xb0, 0x0c, 0x2f, 0xb0, 0x00, 0xd6, 0xb1, 0x03, 0x10, 0xe9, 0xb0, 0x03, 0x10,
  0xb1, 0x04, 0x01, 0x2b, 0xb1, 0x07, 0x0d, 0xe9, 0xb0, 0x07, 0x10, 0xb1, 0x08, 0x01, 0x2b, 0xb1,
  0x0b, 0x10, 0xe9, 0xb1, 0x0d, 0x01, 0x2b, 0x00, 0x30, 0x31, 0x03, 0x35, 0x33, 0x15, 0x13, 0x11,
  0x33, 0x11, 0x13, 0x35, 0x33, 0x15, 0x2f, 0xba, 0x25, 0xd1, 0x25, 0xbc, 0x06, 0x3d, 0xcb, 0xcb,
  0xf9, 0xc3, 0x05, 0xcd, 0xfa, 0x33, 0x06, 0x3d, 0xcb, 0xcb, 0x00, 0x00, 0x00, 0x02, 0x00, 0x2d,
  0x00, 0x00, 0x05, 0x6f, 0x05, 0xcd, 0x00, 0x12, 0x00, 0x2a, 0x00, 0x73, 0x00, 0xb2, 0x10, 0x00,
  0x00, 0x2b, 0xb1, 0x13, 0x0a, 0xe9, 0xb2, 0x04, 0x02, 0x00, 0x2b, 0xb1, 0x26, 0x0a, 0xe9, 0xb4,
  0x01, 0x00, 0x10, 0x04, 0x0d, 0x2b, 0xb0, 0x29, 0x33, 0xb1, 0x01, 0x03, 0xe9, 0xb0, 0x27, 0x32,
  0x01, 0xb0, 0x2b, 0x2f, 0xb0, 0x11, 0xd6, 0xb0, 0x02, 0x32, 0xb1, 0x13, 0x0d, 0xe9, 0xb0, 0x26,
  0x32, 0xb2, 0x13, 0x11, 0x0a, 0x2b, 0xb3, 0x40, 0x13, 0x29, 0x09, 0x2b, 0xb2, 0x11, 0x13, 0x0a,
  0x2b, 0xb3, 0x40, 0x11, 0x00, 0x09, 0x2b, 0xb0, 0x13, 0x10, 0xb1, 0x1d, 0x01, 0x2b, 0xb1, 0x0a,
  0x15, 0xe9, 0xb1, 0x2c, 0x01, 0x2b, 0x00, 0xb1, 0x00, 0x13, 0x11, 0x12, 0xb0, 0x16, 0x39, 0xb0,
  0x01, 0x11, 0xb1, 0x0a, 0x1d, 0x39, 0x39, 0xb0, 0x26, 0x12, 0xb0, 0x23, 0x39, 0x30, 0x31, 0x13,
  0x35, 0x33, 0x11, 0x21, 0x32, 0x1e, 0x02, 0x12, 0x15, 0x14, 0x02, 0x0e, 0x02, 0x23, 0x21, 0x11,
  0x13, 0x33, 0x32, 0x3e, 0x06, 0x35, 0x34, 0x2e, 0x05, 0x2b, 0x01, 0x11, 0x21, 0x15, 0x21, 0x2d,
  0x83, 0x01, 0x96, 0x92, 0xef, 0xce, 0x8b, 0x4f, 0x4f, 0x8b, 0xce, 0xee, 0x93, 0xfe, 0x6a, 0xd1,
  0xbe, 0x3f, 0x67, 0x73, 0x5a, 0x5a, 0x41, 0x33, 0x1a, 0x24, 0x3b, 0x5c, 0x62, 0x81, 0x74, 0x49,
  0xbe, 0x01, 0x46, 0xfe, 0xba, 0x02, 0x96, 0xb8, 0x02, 0x7f, 0x2d, 0x6b, 0xa8, 0xff, 0x00, 0xa6,
  0xa7, 0xff, 0x00, 0xa8, 0x6b, 0x2d, 0x02, 0x96, 0xfe, 0x1a, 0x08, 0x13, 0x26, 0x39, 0x57, 0x70,
  0x99, 0x5d, 0x69, 0xa9, 0x75, 0x56, 0x32, 0x1e, 0x09, 0xfe, 0x31, 0xb8, 0x00, 0x02, 0x00, 0xb0,
  0x00, 0x00, 0x05, 0x5a, 0x07, 0x19, 0x00, 0x09, 0x00, 0x20, 0x00, 0x8a, 0x00, 0xb2, 0x00, 0x00,
  0x00, 0x2b, 0xb0, 0x06, 0x33, 0xb2, 0x01, 0x02, 0x00, 0x2b, 0xb0, 0x04, 0x33, 0xb0, 0x19, 0x2f,
  0xb0, 0x0a, 0x33, 0xb1, 0x12, 0x04, 0xe9, 0xb3, 0x1d, 0x12, 0x19, 0x08, 0x2b, 0xb1, 0x0d, 0x04,
  0xe9, 0xb0, 0x15, 0x32, 0x01, 0xb0, 0x21, 0x2f, 0xb0, 0x00, 0xd6, 0xb1, 0x09, 0x0d, 0xe9, 0xb0,
  0x09, 0x10, 0xb1, 0x0a, 0x01, 0x2b, 0xb4, 0x20, 0x0e, 0x00, 0x61, 0x04, 0x2b, 0xb0, 0x20, 0x10,
  0xb1, 0x03, 0x01, 0x2b, 0xb1, 0x06, 0x0d, 0xe9, 0xb3, 0x16, 0x06, 0x03, 0x08, 0x2b, 0xb4, 0x15,
  0x0e, 0x00, 0x61, 0x04, 0x2b, 0xb0, 0x15, 0x2f, 0xb4, 0x16, 0x0e, 0x00, 0x61, 0x04, 0x2b, 0xb1,
  0x22, 0x01, 0x2b, 0xb1, 0x20, 0x0a, 0x11, 0x12, 0xb0, 0x02, 0x39, 0xb0, 0x15, 0x11, 0xb1, 0x0d,
  0x19, 0x39, 0x39, 0xb0, 0x03, 0x12, 0xb0, 0x07, 0x39, 0x00, 0xb1, 0x01, 0x00, 0x11, 0x12, 0xb1,
  0x03, 0x08, 0x39, 0x39, 0x30, 0x31, 0x33, 0x11, 0x21, 0x01, 0x11, 0x33, 0x11, 0x21, 0x01, 0x11,
  0x13, 0x3e, 0x01, 0x33, 0x32, 0x1e, 0x02, 0x33, 0x32, 0x36, 0x37, 0x33, 0x0e, 0x01, 0x23, 0x22,
  0x2e, 0x01, 0x23, 0x22, 0x06, 0x07, 0xb0, 0x01, 0x33, 0x02, 0xa6, 0xd1, 0xfe, 0xcf, 0xfd, 0x58,
  0x33, 0x14, 0x7d, 0x5b, 0x2a, 0x51, 0x35, 0x45, 0x1f, 0x27, 0x33, 0x06, 0x92, 0x14, 0x81, 0x59,
  0x34, 0x67, 0x58, 0x23, 0x28, 0x2f, 0x05, 0x05, 0xcd, 0xfb, 0x10, 0x04, 0xf0, 0xfa, 0x33, 0x04,
  0xf4, 0xfb, 0x0c, 0x06, 0x33, 0x73, 0x73, 0x1e, 0x25, 0x1e, 0x2f, 0x2d, 0x78, 0x6f, 0x30, 0x30,
  0x2f, 0x2b, 0x00, 0x00, 0x00, 0x03, 0x00, 0x68, 0xff, 0xe5, 0x05, 0xd9, 0x07, 0x17, 0x00, 0x0b,
  0x00, 0x13, 0x00, 0x17, 0x00, 0x4c, 0x00, 0xb2, 0x0a, 0x00, 0x00, 0x2b, 0xb1, 0x0f, 0x0a, 0xe9,
  0xb2, 0x04, 0x02, 0x00, 0x2b, 0xb1, 0x13, 0x0a, 0xe9, 0x01, 0xb0, 0x18, 0x2f, 0xb0, 0x01, 0xd6,
  0xb1, 0x0d, 0x15, 0xe9, 0xb0, 0x0d, 0x10, 0xb1, 0x11, 0x01, 0x2b, 0xb1, 0x07, 0x15, 0xe9, 0xb1,
  0x19, 0x01, 0x2b, 0xb1, 0x11, 0x0d, 0x11, 0x12, 0xb5, 0x04, 0x09, 0x0a, 0x03, 0x14, 0x16, 0x24,
  0x17, 0x39, 0x00, 0xb1, 0x13, 0x0f, 0x11, 0x12, 0xb3, 0x01, 0x06, 0x07, 0x00, 0x24, 0x17, 0x39,
  0x30, 0x31, 0x12, 0x10, 0x12, 0x24, 0x20, 0x04, 0x12, 0x10, 0x02, 0x04, 0x20, 0x24, 0x12, 0x10,
  0x00, 0x20, 0x00, 0x10, 0x00, 0x20, 0x03, 0x21, 0x17, 0x23, 0x68, 0xa8, 0x01, 0x3f, 0x01, 0xa4,
  0x01, 0x3e, 0xa8, 0xa8, 0xfe, 0xc2, 0xfe, 0x5c, 0xfe, 0xc1, 0x2d, 0x01, 0x12, 0x01, 0xa4, 0x01,
  0x11, 0xfe, 0xef, 0xfe, 0x5c, 0xb9, 0x01, 0x08, 0xe1, 0xba, 0x02, 0x07, 0x01, 0xc0, 0x01, 0x5b,
  0xc5, 0xc5, 0xfe, 0xa5, 0xfe, 0x40, 0xfe, 0xa4, 0xc6, 0xc6, 0x03, 0x52, 0xfd, 0xd4, 0xfe, 0xc5,
  0x01, 0x3b, 0x02, 0x2c, 0x01, 0x3a, 0x01, 0xe0, 0xe8, 0x00, 0x00, 0x00, 0x00, 0x03, 0x00, 0x68,
  0xff, 0xe5, 0x05, 0xd9, 0x07, 0x17, 0x00, 0x0b, 0x00, 0x13, 0x00, 0x17, 0x00, 0x4c, 0x00, 0xb2,
  0x0a, 0x00, 0x00, 0x2b, 0xb1, 0x0f, 0x0a, 0xe9, 0xb2, 0x04, 0x02, 0x00, 0x2b, 0xb1, 0x13, 0x0a,
  0xe9, 0x01, 0xb0, 0x18, 0x2f, 0xb0, 0x01, 0xd6, 0xb1, 0x0d, 0x15, 0xe9, 0xb0, 0x0d, 0x10, 0xb1,
  0x11, 0x01, 0x2b, 0xb1, 0x07, 0x15, 0xe9, 0xb1, 0x19, 0x01, 0x2b, 0xb1, 0x11, 0x0d, 0x11, 0x12,
  0xb5, 0x04, 0x09, 0x0a, 0x03, 0x14, 0x16, 0x24, 0x17, 0x39, 0x00, 0xb1, 0x13, 0x0f, 0x11, 0x12,
  0xb3, 0x01, 0x06, 0x07, 0x00, 0x24, 0x17, 0x39, 0x30, 0x31, 0x12, 0x10, 0x12, 0x24, 0x20, 0x04,
  0x12, 0x10, 0x02, 0x04, 0x20, 0x24, 0x12, 0x10, 0x00, 0x20, 0x00, 0x10, 0x00, 0x20, 0x3f, 0x01,
  0x21, 0x05, 0x68, 0xa8, 0x01, 0x3f, 0x01, 0xa4, 0x01, 0x3e, 0xa8, 0xa8, 0xfe, 0xc2, 0xfe, 0x5c,
  0xfe, 0xc1, 0x2d, 0x01, 0x12, 0x01, 0xa4, 0x01, 0x11, 0xfe, 0xef, 0xfe, 0x5c, 0x76, 0xe1, 0x01,
  0x08, 0xfe, 0xcf, 0x02, 0x07, 0x01, 0xc0, 0x01, 0x5b, 0xc5, 0xc5, 0xfe, 0xa5, 0xfe, 0x40, 0xfe,
  0xa4, 0xc6, 0xc6, 0x03, 0x52, 0xfd, 0xd4, 0xfe, 0xc5, 0x01, 0x3b, 0x02, 0x2c, 0x01, 0x3a, 0xf8,
  0xe8, 0xe8, 0x00, 0x00, 0x00, 0x03, 0x00, 0x68, 0xff, 0xe5, 0x05, 0xd9, 0x07, 0x17, 0x00, 0x0b,
  0x00, 0x13, 0x00, 0x1a, 0x00, 0x4c, 0x00, 0xb2, 0x0a, 0x00, 0x00, 0x2b, 0xb1, 0x0f, 0x0a, 0xe9,
  0xb2, 0x04, 0x02, 0x00, 0x2b, 0xb1, 0x13, 0x0a, 0xe9, 0x01, 0xb0, 0x1b, 0x2f, 0xb0, 0x01, 0xd6,
  0xb1, 0x0d, 0x15, 0xe9, 0xb0, 0x0d, 0x10, 0xb1, 0x11, 0x01, 0x2b, 0xb1, 0x07, 0x15, 0xe9, 0xb1,
  0x1c, 0x01, 0x2b, 0xb1, 0x11, 0x0d, 0x11, 0x12, 0xb5, 0x04, 0x09, 0x0a, 0x03, 0x14, 0x17, 0x24,
  0x17, 0x39, 0x00, 0xb1, 0x13, 0x0f, 0x11, 0x12, 0xb3, 0x01, 0x06, 0x07, 0x00, 0x24, 0x17, 0x39,
  0x30, 0x31, 0x12, 0x10, 0x12, 0x24, 0x20, 0x04, 0x12, 0x10, 0x02, 0x04, 0x20, 0x24, 0x12, 0x10,
  0x00, 0x20, 0x00, 0x10, 0x00, 0x20, 0x27, 0x25, 0x33, 0x05, 0x23, 0x27, 0x07, 0x68, 0xa8, 0x01,
  0x3f, 0x01, 0xa4, 0x01, 0x3e, 0xa8, 0xa8, 0xfe, 0xc2, 0xfe, 0x5c, 0xfe, 0xc1, 0x2d, 0x01, 0x12,
  0x01, 0xa4, 0x01, 0x11, 0xfe, 0xef, 0xfe, 0x5c, 0x95, 0x01, 0x15, 0xaa, 0x01, 0x0e, 0xdb, 0x8b,
  0x8b, 0x02, 0x07, 0x01, 0xc0, 0x01, 0x5b, 0xc5, 0xc5, 0xfe, 0xa5, 0xfe, 0x40, 0xfe, 0xa4, 0xc6,
  0xc6, 0x03, 0x52, 0xfd, 0xd4, 0xfe, 0xc5, 0x01, 0x3b, 0x02, 0x2c, 0x01, 0x3a, 0xf8, 0xe8, 0xe8,
  0x73, 0x73, 0x00, 0x00, 0x00, 0x03, 0x00, 0x68, 0xff, 0xe5, 0x05, 0xd9, 0x07, 0x19, 0x00, 0x0b,
  0x00, 0x13, 0x00, 0x2a, 0x00, 0x84, 0x00, 0xb2, 0x0a, 0x00, 0x00, 0x2b, 0xb1, 0x0f, 0x0a, 0xe9,
  0xb2, 0x04, 0x02, 0x00, 0x2b, 0xb1, 0x13, 0x0a, 0xe9, 0xb0, 0x23, 0x2f, 0xb0, 0x14, 0x33, 0xb1,
  0x1c, 0x04, 0xe9, 0xb3, 0x27, 0x1c, 0x23, 0x08, 0x2b, 0xb1, 0x17, 0x04, 0xe9, 0xb0, 0x1f, 0x32,
  0x01, 0xb0, 0x2b, 0x2f, 0xb0, 0x01, 0xd6, 0xb1, 0x0d, 0x15, 0xe9, 0xb0, 0x0d, 0x10, 0xb1, 0x14,
  0x01, 0x2b, 0xb4, 0x2a, 0x0e, 0x00, 0x61, 0x04, 0x2b, 0xb0, 0x2a, 0x10, 0xb1, 0x1f, 0x01, 0x2b,
  0xb4, 0x20, 0x0e, 0x00, 0x61, 0x04, 0x2b, 0xb0, 0x20, 0x10, 0xb1, 0x11, 0x01, 0x2b, 0xb1, 0x07,
  0x15, 0xe9, 0xb1, 0x2c, 0x01, 0x2b, 0xb1, 0x1f, 0x2a, 0x11, 0x12, 0x40, 0x0a, 0x04, 0x09, 0x0a,
  0x0e, 0x0f, 0x12, 0x13, 0x03, 0x17, 0x23, 0x24, 0x17, 0x39, 0x00, 0xb1, 0x13, 0x0f, 0x11, 0x12,
  0xb3, 0x01, 0x06, 0x07, 0x00, 0x24, 0x17, 0x39, 0x30, 0x31, 0x12, 0x10, 0x12, 0x24, 0x20, 0x04,
  0x12, 0x10, 0x02, 0x04, 0x20, 0x24, 0x12, 0x10, 0x00, 0x20, 0x00, 0x10, 0x00, 0x20, 0x27, 0x3e,
  0x01, 0x33, 0x32, 0x1e, 0x02, 0x33, 0x32, 0x36, 0x37, 0x33, 0x0e, 0x01, 0x23, 0x22, 0x2e, 0x01,
  0x23, 0x22, 0x06, 0x07, 0x68, 0xa8, 0x01, 0x3f, 0x01, 0xa4, 0x01, 0x3e, 0xa8, 0xa8, 0xfe, 0xc2,
  0xfe, 0x5c, 0xfe, 0xc1, 0x2d, 0x01, 0x12, 0x01, 0xa4, 0x01, 0x11, 0xfe, 0xef, 0xfe, 0x5c, 0xa7,
  0x14, 0x7c, 0x5b, 0x2a, 0x51, 0x36, 0x45, 0x1f, 0x27, 0x33, 0x06, 0x92, 0x14, 0x81, 0x59, 0x34,
  0x67, 0x58, 0x23, 0x28, 0x30, 0x05, 0x02, 0x07, 0x01, 0xc0, 0x01, 0x5b, 0xc5, 0xc5, 0xfe, 0xa5,
  0xfe, 0x40, 0xfe, 0xa4, 0xc6, 0xc6, 0x03, 0x52, 0xfd, 0xd4, 0xfe, 0xc5, 0x01, 0x3b, 0x02, 0x2c,
  0x01, 0x3a, 0xfc, 0x73, 0x73, 0x1e, 0x25, 0x1e, 0x2f, 0x2d, 0x78, 0x6f, 0x30, 0x30, 0x2f, 0x2b,
  0x00, 0x04, 0x00, 0x68, 0xff, 0xe5, 0x05, 0xd9, 0x07, 0x08, 0x00, 0x0b, 0x00, 0x13, 0x00, 0x17,
  0x00, 0x1b, 0x00, 0x7a, 0x00, 0xb2, 0x0a, 0x00, 0x00, 0x2b, 0xb1, 0x0f, 0x0a, 0xe9, 0xb2, 0x04,
  0x02, 0x00, 0x2b, 0xb1, 0x13, 0x0a, 0xe9, 0xb0, 0x14, 0x2f, 0xb0, 0x18, 0x33, 0xb1, 0x15, 0x0b,
  0xe9, 0xb0, 0x19, 0x32, 0x01, 0xb0, 0x1c, 0x2f, 0xb0, 0x01, 0xd6, 0xb1, 0x0d, 0x15, 0xe9, 0xb0,
  0x0d, 0x10, 0xb1, 0x14, 0x01, 0x2b, 0xb1, 0x17, 0x10, 0xe9, 0xb0, 0x17, 0x10, 0xb1, 0x18, 0x01,
  0x2b, 0xb1, 0x1b, 0x10, 0xe9, 0xb0, 0x1b, 0x10, 0xb1, 0x11, 0x01, 0x2b, 0xb1, 0x07, 0x15, 0xe9,
  0xb1, 0x1d, 0x01, 0x2b, 0xb1, 0x17, 0x14, 0x11, 0x12, 0xb3, 0x0a, 0x0e, 0x13, 0x03, 0x24, 0x17,
  0x39, 0xb1, 0x1b, 0x18, 0x11, 0x12, 0xb3, 0x09, 0x0f, 0x12, 0x04, 0x24, 0x17, 0x39, 0x00, 0xb1,
  0x13, 0x0f, 0x11, 0x12, 0xb3, 0x01, 0x06, 0x07, 0x00, 0x24, 0x17, 0x39, 0x30, 0x31, 0x12, 0x10,
  0x12, 0x24, 0x20, 0x04, 0x12, 0x10, 0x02, 0x04, 0x20, 0x24, 0x12, 0x10, 0x00, 0x20, 0x00, 0x10,
  0x00, 0x20, 0x03, 0x35, 0x33, 0x15, 0x21, 0x35, 0x33, 0x15, 0x68, 0xa8, 0x01, 0x3f, 0x01, 0xa4,
  0x01, 0x3e, 0xa8, 0xa8, 0xfe, 0xc2, 0xfe, 0x5c, 0xfe, 0xc1, 0x2d, 0x01, 0x12, 0x01, 0xa4, 0x01,
  0x11, 0xfe, 0xef, 0xfe, 0x5c, 0x76, 0xba, 0x01, 0x1b, 0xbc, 0x02, 0x07, 0x01, 0xc0, 0x01, 0x5b,
  0xc5, 0xc5, 0xfe, 0xa5, 0xfe, 0x40, 0xfe, 0xa4, 0xc6, 0xc6, 0x03, 0x52, 0xfd, 0xd4, 0xfe, 0xc5,
  0x01, 0x3b, 0x02, 0x2c, 0x01, 0x3a, 0x01, 0x06, 0xcb, 0xcb, 0xcb, 0xcb, 0x00, 0x01, 0x00, 0xd5,
  0x00, 0x3d, 0x04, 0x98, 0x04, 0x02, 0x00, 0x0b, 0x00, 0x00, 0x37, 0x09, 0x01, 0x37, 0x09, 0x01,
  0x17, 0x09, 0x01, 0x07, 0x09, 0x01, 0xd5, 0x01, 0x58, 0xfe, 0xa8, 0x85, 0x01, 0x56, 0x01, 0x58,
  0x85, 0xfe, 0xa8, 0x01, 0x63, 0x84, 0xfe, 0x9c, 0xfe, 0xaa, 0xcf, 0x01, 0x56, 0x01, 0x5a, 0x83,
  0xfe, 0xaa, 0x01, 0x54, 0x83, 0xfe, 0xa8, 0xfe, 0x9e, 0x86, 0x01, 0x63, 0xfe, 0xac, 0x00, 0x00,
  0x00, 0x03, 0x00, 0x68, 0xff, 0xe3, 0x05, 0xd9, 0x05, 0xe7, 0x00, 0x15, 0x00, 0x1d, 0x00, 0x25,
  0x00, 0x78, 0x00, 0xb2, 0x0f, 0x00, 0x00, 0x2b, 0xb0, 0x12, 0x33, 0xb1, 0x20, 0x0a, 0xe9, 0xb2,
  0x07, 0x02, 0x00, 0x2b, 0xb2, 0x04, 0x02, 0x00, 0x2b, 0xb1, 0x1b, 0x0a, 0xe9, 0x01, 0xb0, 0x26,
  0x2f, 0xb0, 0x00, 0xd6, 0xb1, 0x16, 0x15, 0xe9, 0xb0, 0x16, 0x10, 0xb1, 0x23, 0x01, 0x2b, 0xb1,
  0x0b, 0x15, 0xe9, 0xb1, 0x27, 0x01, 0x2b, 0xb1, 0x16, 0x00, 0x11, 0x12, 0xb1, 0x12, 0x14, 0x39,
  0x39, 0xb0, 0x23, 0x11, 0xb5, 0x06, 0x0f, 0x11, 0x04, 0x19, 0x1e, 0x24, 0x17, 0x39, 0xb0, 0x0b,
  0x12, 0xb2, 0x07, 0x09, 0x08, 0x39, 0x39, 0x39, 0x00, 0xb1, 0x20, 0x0f, 0x11, 0x12, 0xb1, 0x11,
  0x13, 0x39, 0x39, 0xb0, 0x1b, 0x11, 0xb5, 0x09, 0x0b, 0x14, 0x00, 0x18, 0x25, 0x24, 0x17, 0x39,
  0xb0, 0x07, 0x12, 0xb1, 0x06, 0x08, 0x39, 0x39, 0x30, 0x31, 0x13, 0x34, 0x12, 0x24, 0x33, 0x20,
  0x17, 0x37, 0x17, 0x07, 0x16, 0x11, 0x14, 0x02, 0x04, 0x23, 0x20, 0x27, 0x07, 0x27, 0x37, 0x26,
  0x13, 0x14, 0x17, 0x01, 0x26, 0x23, 0x22, 0x00, 0x13, 0x16, 0x33, 0x32, 0x00, 0x11, 0x34, 0x27,
  0x68, 0xa8, 0x01, 0x3f, 0xd2, 0x01, 0x08, 0xb8, 0x77, 0x52, 0x7d, 0xac, 0xa8, 0xfe, 0xc2, 0xd2,
  0xfe, 0xf1, 0xb4, 0x89, 0x52, 0x8d, 0xa8, 0xd5, 0x5b, 0x02, 0xca, 0x84, 0xbd, 0xd2, 0xfe, 0xee,
  0xa0, 0x80, 0xc4, 0xd2, 0x01, 0x11, 0x5e, 0x02, 0xe7, 0xe0, 0x01, 0x5b, 0xc5, 0x9d, 0x8d, 0x48,
  0x93, 0xce, 0xfe, 0xb9, 0xe0, 0xfe, 0xa4, 0xc6, 0xa0, 0xa2, 0x4a, 0xa6, 0xd0, 0x01, 0x44, 0xde,
  0x96, 0x03, 0x43, 0x81, 0xfe, 0xc6, 0xfd, 0x1c, 0x83, 0x01, 0x3b, 0x01, 0x16, 0xe1, 0x96, 0x00,
  0x00, 0x02, 0x00, 0x9a, 0xff, 0xe5, 0x05, 0x3f, 0x07, 0x17, 0x00, 0x13, 0x00, 0x17, 0x00, 0x42,
  0x00, 0xb2, 0x0f, 0x00, 0x00, 0x2b, 0xb1, 0x06, 0x03, 0xe9, 0xb2, 0x01, 0x02, 0x00, 0x2b, 0xb0,
  0x0a, 0x33, 0x01, 0xb0, 0x18, 0x2f, 0xb0, 0x00, 0xd6, 0xb1, 0x03, 0x0d, 0xe9, 0xb0, 0x03, 0x10,
  0xb1, 0x09, 0x01, 0x2b, 0xb1, 0x0c, 0x0d, 0xe9, 0xb1, 0x19, 0x01, 0x2b, 0xb1, 0x03, 0x00, 0x11,
  0x12, 0xb0, 0x14, 0x39, 0xb0, 0x09, 0x11, 0xb3, 0x0f, 0x15, 0x16, 0x17, 0x24, 0x17, 0x39, 0x00,
  0x30, 0x31, 0x13, 0x11, 0x33, 0x11, 0x14, 0x16, 0x33, 0x32, 0x36, 0x35, 0x11, 0x33, 0x11, 0x10,
  0x00, 0x21, 0x22, 0x2e, 0x02, 0x13, 0x21, 0x17, 0x23, 0x9a, 0xd0, 0xb1, 0xce, 0xd0, 0xb6, 0xd0,
  0xfe, 0xe8, 0xfe, 0xc2, 0x9d, 0xdb, 0x93, 0x44, 0xc6, 0x01, 0x08, 0xe2, 0xbb, 0x02, 0x5c, 0x03,
  0x71, 0xfc, 0x79, 0xde, 0xce, 0xdf, 0xe3, 0x03, 0x71, 0xfc, 0xa0, 0xfe, 0xb4, 0xfe, 0xc4, 0x43,
  0x96, 0xf0, 0x05, 0x69, 0xe8, 0x00, 0x00, 0x00, 0x00, 0x02, 0x00, 0x9a, 0xff, 0xe5, 0x05, 0x3f,
  0x07, 0x17, 0x00, 0x13, 0x00, 0x17, 0x00, 0x3b, 0x00, 0xb2, 0x0f, 0x00, 0x00, 0x2b, 0xb1, 0x06,
  0x03, 0xe9, 0xb2, 0x01, 0x02, 0x00, 0x2b, 0xb0, 0x0a, 0x33, 0x01, 0xb0, 0x18, 0x2f, 0xb0, 0x00,
  0xd6, 0xb1, 0x03, 0x0d, 0xe9, 0xb0, 0x03, 0x10, 0xb1, 0x09, 0x01, 0x2b, 0xb1, 0x0c, 0x0d, 0xe9,
  0xb1, 0x19, 0x01, 0x2b, 0xb1, 0x09, 0x03, 0x11, 0x12, 0xb2, 0x0f, 0x14, 0x16, 0x39, 0x39, 0x39,
  0x00, 0x30, 0x31, 0x13, 0x11, 0x33, 0x11, 0x14, 0x16, 0x33, 0x32, 0x36, 0x35, 0x11, 0x33, 0x11,
  0x10, 0x00, 0x21, 0x22, 0x2e, 0x02, 0x01, 0x37, 0x21, 0x05, 0x9a, 0xd0, 0xb1, 0xce, 0xd0, 0xb6,
  0xd0, 0xfe, 0xe8, 0xfe, 0xc2, 0x9d, 0xdb, 0x93, 0x44, 0x01, 0xe1, 0xe1, 0x01, 0x08, 0xfe, 0xcf,
  0x02, 0x5c, 0x03, 0x71, 0xfc, 0x79, 0xde, 0xce, 0xdf, 0xe3, 0x03, 0x71, 0xfc, 0xa0, 0xfe, 0xb4,
  0xfe, 0xc4, 0x43, 0x96, 0xf0, 0x04, 0x81, 0xe8, 0xe8, 0x00, 0x00, 0x00, 0x00, 0x02, 0x00, 0x9a,
  0xff, 0xe5, 0x05, 0x3f, 0x07, 0x17, 0x00, 0x13, 0x00, 0x1a, 0x00, 0x3b, 0x00, 0xb2, 0x0f, 0x00,
  0x00, 0x2b, 0xb1, 0x06, 0x03, 0xe9, 0xb2, 0x01, 0x02, 0x00, 0x2b, 0xb0, 0x0a, 0x33, 0x01, 0xb0,
  0x1b, 0x2f, 0xb0, 0x00, 0xd6, 0xb1, 0x03, 0x0d, 0xe9, 0xb0, 0x03, 0x10, 0xb1, 0x09, 0x01, 0x2b,
  0xb1, 0x0c, 0x0d, 0xe9, 0xb1, 0x1c, 0x01, 0x2b, 0xb1, 0x09, 0x03, 0x11, 0x12, 0xb2, 0x0f, 0x14,
  0x17, 0x39, 0x39, 0x39, 0x00, 0x30, 0x31, 0x13, 0x11, 0x33, 0x11, 0x14, 0x16, 0x33, 0x32, 0x36,
  0x35, 0x11, 0x33, 0x11, 0x10, 0x00, 0x21, 0x22, 0x2e, 0x02, 0x13, 0x25, 0x33, 0x05, 0x23, 0x27,
  0x07, 0x9a, 0xd0, 0xb1, 0xce, 0xd0, 0xb6, 0xd0, 0xfe, 0xe8, 0xfe, 0xc2, 0x9d, 0xdb, 0x93, 0x44,
  0xeb, 0x01, 0x15, 0xaa, 0x01, 0x0e, 0xdb, 0x8b, 0x8c, 0x02, 0x5c, 0x03, 0x71, 0xfc, 0x79, 0xde,
  0xce, 0xdf, 0xe3, 0x03, 0x71, 0xfc, 0xa0, 0xfe, 0xb4, 0xfe, 0xc4, 0x43, 0x96, 0xf0, 0x04, 0x81,
  0xe8, 0xe8, 0x73, 0x73, 0x00, 0x03, 0x00, 0x9a, 0xff, 0xe5, 0x05, 0x3f, 0x07, 0x08, 0x00, 0x13,
  0x00, 0x17, 0x00, 0x1b, 0x00, 0x5c, 0x00, 0xb2, 0x0f, 0x00, 0x00, 0x2b, 0xb1, 0x06, 0x03, 0xe9,
  0xb2, 0x01, 0x02, 0x00, 0x2b, 0xb0, 0x0a, 0x33, 0xb0, 0x14, 0x2f, 0xb0, 0x18, 0x33, 0xb1, 0x15,
  0x0b, 0xe9, 0xb0, 0x19, 0x32, 0x01, 0xb0, 0x1c, 0x2f, 0xb0, 0x00, 0xd6, 0xb1, 0x03, 0x0d, 0xe9,
  0xb0, 0x03, 0x10, 0xb1, 0x14, 0x01, 0x2b, 0xb1, 0x17, 0x10, 0xe9, 0xb0, 0x17, 0x10, 0xb1, 0x18,
  0x01, 0x2b, 0xb1, 0x1b, 0x10, 0xe9, 0xb0, 0x1b, 0x10, 0xb1, 0x09, 0x01, 0x2b, 0xb1, 0x0c, 0x0d,
  0xe9, 0xb1, 0x1d, 0x01, 0x2b, 0xb1, 0x18, 0x17, 0x11, 0x12, 0xb1, 0x0f, 0x06, 0x39, 0x39, 0x00,
  0x30, 0x31, 0x13, 0x11, 0x33, 0x11, 0x14, 0x16, 0x33, 0x32, 0x36, 0x35, 0x11, 0x33, 0x11, 0x10,
  0x00, 0x21, 0x22, 0x2e, 0x02, 0x01, 0x35, 0x33, 0x15, 0x21, 0x35, 0x33, 0x15, 0x9a, 0xd0, 0xb1,
  0xce, 0xd0, 0xb6, 0xd0, 0xfe, 0xe8, 0xfe, 0xc2, 0x9d, 0xdb, 0x93, 0x44, 0x01, 0x0a, 0xba, 0x01,
  0x1b, 0xbc, 0x02, 0x5c, 0x03, 0x71, 0xfc, 0x79, 0xde, 0xce, 0xdf, 0xe3, 0x03, 0x71, 0xfc, 0xa0,
  0xfe, 0xb4, 0xfe, 0xc4, 0x43, 0x96, 0xf0, 0x04, 0x8f, 0xcb, 0xcb, 0xcb, 0xcb, 0x00, 0x00, 0x00,
  0x00, 0x02, 0x00, 0x00, 0x00, 0x00, 0x04, 0xfe, 0x07, 0x17, 0x00, 0x08, 0x00, 0x0c, 0x00, 0x34,
  0x00, 0xb2, 0x07, 0x00, 0x00, 0x2b, 0xb2, 0x00, 0x02, 0x00, 0x2b, 0xb0, 0x03, 0x33, 0x01, 0xb0,
  0x0d, 0x2f, 0xb0, 0x07, 0xd6, 0xb1, 0x06, 0x0d, 0xe9, 0xb1, 0x0e, 0x01, 0x2b, 0xb1, 0x06, 0x07,
  0x11, 0x12, 0xb2, 0x02, 0x0a, 0x0c, 0x39, 0x39, 0x39, 0x00, 0xb1, 0x00, 0x07, 0x11, 0x12, 0xb0,
  0x02, 0x39, 0x30, 0x31, 0x11, 0x33, 0x09, 0x01, 0x33, 0x01, 0x11, 0x23, 0x11, 0x03, 0x37, 0x21,
  0x05, 0xe5, 0x01, 0x96, 0x01, 0x9e, 0xe5, 0xfd, 0xdf, 0xd1, 0x12, 0xe1, 0x01, 0x08, 0xfe, 0xcf,
  0x05, 0xcd, 0xfd, 0x2b, 0x02, 0xd5, 0xfc, 0x72, 0xfd, 0xc1, 0x02, 0x44, 0x03, 0xeb, 0xe8, 0xe8,
  0x00, 0x02, 0x00, 0xb0, 0x00, 0x00, 0x04, 0xc9, 0x05, 0xcd, 0x00, 0x11, 0x00, 0x1f, 0x00, 0x4d,
  0x00, 0xb2, 0x00, 0x00, 0x00, 0x2b, 0xb2, 0x01, 0x02, 0x00, 0x2b, 0xb4, 0x10, 0x12, 0x00, 0x01,
  0x0d, 0x2b, 0xb1, 0x10, 0x03, 0xe9, 0xb4, 0x03, 0x1f, 0x00, 0x01, 0x0d, 0x2b, 0xb1, 0x03, 0x03,
  0xe9, 0x01, 0xb0, 0x20, 0x2f, 0xb0, 0x00, 0xd6, 0xb1, 0x11, 0x0d, 0xe9, 0xb1, 0x02, 0x12, 0x32,
  0x32, 0xb0, 0x11, 0x10, 0xb1, 0x19, 0x01, 0x2b, 0xb1, 0x0a, 0x15, 0xe9, 0xb1, 0x21, 0x01, 0x2b,
  0x00, 0xb1, 0x1f, 0x12, 0x11, 0x12, 0xb1, 0x0a, 0x09, 0x39, 0x39, 0x30, 0x31, 0x33, 0x11, 0x33,
  0x11, 0x33, 0x32, 0x1e, 0x03, 0x14, 0x0e, 0x03, 0x2b, 0x01, 0x19, 0x01, 0x33, 0x32, 0x3e, 0x03,
  0x34, 0x2e, 0x03, 0x2b, 0x01, 0xb0, 0xd1, 0xdf, 0x72, 0xb2, 0xa0, 0x68, 0x3d, 0x3d, 0x68, 0xa0,
  0xb2, 0x72, 0xdf, 0xee, 0x49, 0x69, 0x6a, 0x40, 0x29, 0x29, 0x40, 0x6a, 0x69, 0x49, 0xee, 0x05,
  0xcd, 0xfe, 0xfe, 0x19, 0x3f, 0x66, 0xa3, 0xd8, 0xa1, 0x66, 0x3f, 0x19, 0xfe, 0xcd, 0x01, 0xec,
  0x0a, 0x22, 0x3a, 0x65, 0x8e, 0x66, 0x3b, 0x22, 0x0a, 0x00, 0x00, 0x00, 0x00, 0x01, 0x00, 0x93,
  0xff, 0xe5, 0x04, 0xc5, 0x05, 0xe5, 0x00, 0x2c, 0x00, 0x7b, 0x00, 0xb2, 0x00, 0x00, 0x00, 0x2b,
  0xb0, 0x14, 0x33, 0xb2, 0x12, 0x00, 0x00, 0x2b, 0xb1, 0x17, 0x08, 0xe9, 0xb2, 0x05, 0x02, 0x00,
  0x2b, 0xb1, 0x27, 0x05, 0xe9, 0xb4, 0x20, 0x1f, 0x12, 0x05, 0x0d, 0x2b, 0xb1, 0x20, 0x09, 0xe9,
  0x01, 0xb0, 0x2d, 0x2f, 0xb0, 0x00, 0xd6, 0xb1, 0x2c, 0x10, 0xe9, 0xb0, 0x2c, 0x10, 0xb1, 0x1c,
  0x01, 0x2b, 0xb1, 0x0c, 0x13, 0xe9, 0xb0, 0x24, 0x20, 0xd6, 0x11, 0xb1, 0x08, 0x10, 0xe9, 0xb2,
  0x24, 0x08, 0x0a, 0x2b, 0xb3, 0x40, 0x24, 0x1f, 0x09, 0x2b, 0xb1, 0x2e, 0x01, 0x2b, 0xb1, 0x24,
  0x2c, 0x11, 0x12, 0xb4, 0x05, 0x12, 0x0a, 0x17, 0x14, 0x24, 0x17, 0x39, 0x00, 0xb1, 0x1f, 0x17,
  0x11, 0x12, 0xb1, 0x0c, 0x15, 0x39, 0x39, 0xb0, 0x20, 0x11, 0xb0, 0x0a, 0x39, 0xb0, 0x27, 0x12,
  0xb0, 0x08, 0x39, 0x30, 0x31, 0x33, 0x11, 0x34, 0x37, 0x36, 0x21, 0x32, 0x04, 0x15, 0x14, 0x07,
  0x04, 0x11, 0x14, 0x0e, 0x03, 0x23, 0x22, 0x27, 0x37, 0x16, 0x33, 0x32, 0x3e, 0x02, 0x35, 0x10,
  0x21, 0x23, 0x35, 0x33, 0x32, 0x36, 0x35, 0x34, 0x26, 0x23, 0x22, 0x07, 0x06, 0x15, 0x11, 0x93,
  0x71, 0x82, 0x01, 0x1a, 0xca, 0x01, 0x05, 0xe0, 0x01, 0x36, 0x3d, 0x66, 0x8e, 0x9b, 0x57, 0x6c,
  0x73, 0x29, 0x5f, 0x5f, 0x44, 0x74, 0x62, 0x38, 0xfe, 0x60, 0x06, 0x04, 0xa4, 0xb4, 0x99, 0x7b,
  0xc7, 0x4a, 0x3f, 0x03, 0xee, 0xf9, 0x71, 0x8d, 0xc0, 0xa0, 0xe5, 0x5c, 0x50, 0xfe, 0xc2, 0x65,
  0xa0, 0x69, 0x45, 0x1e, 0x17, 0xb0, 0x1f, 0x1e, 0x41, 0x77, 0x51, 0x01, 0x29, 0xaa, 0x7a, 0x6e,
  0x63, 0x7a, 0x65, 0x4c, 0xad, 0xfc, 0x12, 0x00, 0x00, 0x03, 0x00, 0x54, 0xff, 0xe5, 0x04, 0x12,
  0x05, 0xcd, 0x00, 0x20, 0x00, 0x24, 0x00, 0x34, 0x01, 0x19, 0x00, 0xb2, 0x1a, 0x00, 0x00, 0x2b,
  0xb2, 0x1e, 0x00, 0x00, 0x2b, 0xb1, 0x28, 0x04, 0xe9, 0xb2, 0x21, 0x02, 0x00, 0x2b, 0xb2, 0x13,
  0x01, 0x00, 0x2b, 0xb1, 0x0b, 0x04, 0xe9, 0xb2, 0x0b, 0x13, 0x0a, 0x2b, 0xb3, 0x40, 0x0b, 0x0f,
  0x09, 0x2b, 0x01, 0xb0, 0x35, 0x2f, 0xb0, 0x00, 0xd6, 0xb1, 0x25, 0x0d, 0xe9, 0xb0, 0x25, 0x10,
  0xb0, 0x0e, 0x20, 0xd6, 0x11, 0xb1, 0x0f, 0x11, 0xe9, 0xb0, 0x0f, 0x2f, 0xb1, 0x0e, 0x11, 0xe9,
  0xb0, 0x25, 0x10, 0xb1, 0x2d, 0x01, 0x2b, 0xb1, 0x1c, 0x2e, 0x32, 0x32, 0xb1, 0x17, 0x0f, 0xe9,
  0xb1, 0x36, 0x01, 0x2b, 0xb0, 0x36, 0x1a, 0xba, 0x0e, 0x42, 0xc1, 0x9c, 0x00, 0x15, 0x2b, 0x0a,
  0x0e, 0xb0, 0x04, 0x10, 0xb0, 0x06, 0xc0, 0xb1, 0x31, 0x1a, 0xf9, 0xb0, 0x2f, 0xc0, 0xba, 0x07,
  0x30, 0xc0, 0x68, 0x00, 0x15, 0x2b, 0x0a, 0x04, 0xb0, 0x2e, 0x2e, 0x0e, 0xb0, 0x30, 0xc0, 0xb1,
  0x07, 0x1a, 0xf9, 0xb0, 0x05, 0xc0, 0xb1, 0x05, 0x07, 0x08, 0xb0, 0x04, 0x10, 0xb3, 0x05, 0x04,
  0x06, 0x13, 0x2b, 0xb1, 0x04, 0x06, 0x08, 0xb0, 0x05, 0x10, 0xb3, 0x06, 0x05, 0x07, 0x13, 0x2b,
  0xb0, 0x30, 0x10, 0xb3, 0x2f, 0x30, 0x2e, 0x13, 0x2b, 0xb1, 0x30, 0x2e, 0x08, 0xb0, 0x31, 0x10,
  0xb3, 0x30, 0x31, 0x2f, 0x13, 0x2b, 0x00, 0xb7, 0x07, 0x2e, 0x04, 0x05, 0x06, 0x2f, 0x30, 0x31,
  0x2e, 0x2e, 0x2e, 0x2e, 0x2e, 0x2e, 0x2e, 0x2e, 0x01, 0xb6, 0x07, 0x04, 0x05, 0x06, 0x2f, 0x30,
  0x31, 0x2e, 0x2e, 0x2e, 0x2e, 0x2e, 0x2e, 0x2e, 0xb0, 0x40, 0x1a, 0x01, 0xb1, 0x25, 0x0f, 0x11,
  0x12, 0xb1, 0x10, 0x21, 0x39, 0x39, 0xb1, 0x2d, 0x0e, 0x11, 0x12, 0xb5, 0x13, 0x1e, 0x22, 0x23,
  0x24, 0x28, 0x24, 0x17, 0x39, 0xb0, 0x17, 0x11, 0xb0, 0x1a, 0x39, 0x00, 0xb1, 0x0b, 0x28, 0x11,
  0x12, 0xb3, 0x00, 0x16, 0x18, 0x1c, 0x24, 0x17, 0x39, 0xb1, 0x21, 0x13, 0x11, 0x12, 0xb0, 0x23,
  0x39, 0x30, 0x31, 0x13, 0x34, 0x3e, 0x04, 0x37, 0x35, 0x34, 0x26, 0x23, 0x22, 0x06, 0x07, 0x23,
  0x3e, 0x02, 0x33, 0x32, 0x16, 0x07, 0x03, 0x02, 0x17, 0x23, 0x26, 0x27, 0x06, 0x21, 0x22, 0x26,
  0x13, 0x33, 0x17, 0x23, 0x03, 0x14, 0x16, 0x33, 0x32, 0x3e, 0x02, 0x3d, 0x01, 0x0e, 0x05, 0x54,
  0x2e, 0x5f, 0x7a, 0xb1, 0xb7, 0x7a, 0x89, 0x77, 0x7d, 0x87, 0x06, 0xc0, 0x09, 0x86, 0xc8, 0x75,
  0xe6, 0xd4, 0x01, 0x02, 0x03, 0x1f, 0xbc, 0x0b, 0x03, 0x70, 0xfe, 0xf7, 0xa1, 0xda, 0x9a, 0xed,
  0xbb, 0x9e, 0xd5, 0x72, 0x63, 0x46, 0x73, 0x63, 0x38, 0x5c, 0x86, 0x86, 0x58, 0x48, 0x21, 0x01,
  0x1f, 0x41, 0x68, 0x4d, 0x3a, 0x2c, 0x1d, 0x0e, 0x1f, 0x91, 0x77, 0x73, 0x68, 0x73, 0xab, 0x54,
  0xd7, 0xeb, 0xfe, 0xfe, 0xff, 0x00, 0xa0, 0x4e, 0x54, 0xbd, 0xa9, 0x05, 0x3f, 0xee, 0xfc, 0x48,
  0x4f, 0x5f, 0x24, 0x50, 0x97, 0x6a, 0x24, 0x0a, 0x12, 0x1b, 0x22, 0x2e, 0x3e, 0x00, 0x00, 0x00,
  0x00, 0x03, 0x00, 0x54, 0xff, 0xe5, 0x04, 0x12, 0x05, 0xcd, 0x00, 0x20, 0x00, 0x30, 0x00, 0x34,
  0x01, 0x19, 0x00, 0xb2, 0x1a, 0x00, 0x00, 0x2b, 0xb2, 0x1e, 0x00, 0x00, 0x2b, 0xb1, 0x24, 0x04,
  0xe9, 0xb2, 0x32, 0x02, 0x00, 0x2b, 0xb2, 0x13, 0x01, 0x00, 0x2b, 0xb1, 0x0b, 0x04, 0xe9, 0xb2,
  0x0b, 0x13, 0x0a, 0x2b, 0xb3, 0x40, 0x0b, 0x0f, 0x09, 0x2b, 0x01, 0xb0, 0x35, 0x2f, 0xb0, 0x00,
  0xd6, 0xb1, 0x21, 0x0d, 0xe9, 0xb0, 0x21, 0x10, 0xb0, 0x0e, 0x20, 0xd6, 0x11, 0xb1, 0x0f, 0x11,
  0xe9, 0xb0, 0x0f, 0x2f, 0xb1, 0x0e, 0x11, 0xe9, 0xb0, 0x21, 0x10, 0xb1, 0x29, 0x01, 0x2b, 0xb1,
  0x1c, 0x2a, 0x32, 0x32, 0xb1, 0x17, 0x0f, 0xe9, 0xb1, 0x36, 0x01, 0x2b, 0xb0, 0x36, 0x1a, 0xba,
  0x0e, 0x42, 0xc1, 0x9c, 0x00, 0x15, 0x2b, 0x0a, 0x0e, 0xb0, 0x04, 0x10, 0xb0, 0x06, 0xc0, 0xb1,
  0x2d, 0x1a, 0xf9, 0xb0, 0x2b, 0xc0, 0xba, 0x07, 0x30, 0xc0, 0x68, 0x00, 0x15, 0x2b, 0x0a, 0x04,
  0xb0, 0x2a, 0x2e, 0x0e, 0xb0, 0x2c, 0xc0, 0xb1, 0x07, 0x1a, 0xf9, 0xb0, 0x05, 0xc0, 0xb1, 0x05,
  0x07, 0x08, 0xb0, 0x04, 0x10, 0xb3, 0x05, 0x04, 0x06, 0x13, 0x2b, 0xb1, 0x04, 0x06, 0x08, 0xb0,
  0x05, 0x10, 0xb3, 0x06, 0x05, 0x07, 0x13, 0x2b, 0xb0, 0x2c, 0x10, 0xb3, 0x2b, 0x2c, 0x2a, 0x13,
  0x2b, 0xb1, 0x2c, 0x2a, 0x08, 0xb0, 0x2d, 0x10, 0xb3, 0x2c, 0x2d, 0x2b, 0x13, 0x2b, 0x00, 0xb7,
  0x07, 0x2a, 0x04, 0x05, 0x06, 0x2b, 0x2c, 0x2d, 0x2e, 0x2e, 0x2e, 0x2e, 0x2e, 0x2e, 0x2e, 0x2e,
  0x01, 0xb6, 0x07, 0x04, 0x05, 0x06, 0x2b, 0x2c, 0x2d, 0x2e, 0x2e, 0x2e, 0x2e, 0x2e, 0x2e, 0x2e,
  0xb0, 0x40, 0x1a, 0x01, 0xb1, 0x21, 0x0f, 0x11, 0x12, 0xb0, 0x10, 0x39, 0xb1, 0x29, 0x0e, 0x11,
  0x12, 0xb5, 0x13, 0x1e, 0x24, 0x31, 0x32, 0x34, 0x24, 0x17, 0x39, 0xb0, 0x17, 0x11, 0xb1, 0x1a,
  0x33, 0x39, 0x39, 0x00, 0xb1, 0x0b, 0x24, 0x11, 0x12, 0xb3, 0x00, 0x16, 0x18, 0x1c, 0x24, 0x17,
  0x39, 0xb1, 0x32, 0x13, 0x11, 0x12, 0xb0, 0x31, 0x39, 0x30, 0x31, 0x13, 0x34, 0x3e, 0x04, 0x37,
  0x35, 0x34, 0x26, 0x23, 0x22, 0x06, 0x07, 0x23, 0x3e, 0x02, 0x33, 0x32, 0x16, 0x07, 0x03, 0x02,
  0x17, 0x23, 0x26, 0x27, 0x06, 0x21, 0x22, 0x26, 0x37, 0x14, 0x16, 0x33, 0x32, 0x3e, 0x02, 0x3d,
  0x01, 0x0e, 0x05, 0x13, 0x37, 0x33, 0x05, 0x54, 0x2e, 0x5f, 0x7a, 0xb1, 0xb7, 0x7a, 0x89, 0x77,
  0x7d, 0x87, 0x06, 0xc0, 0x09, 0x86, 0xc8, 0x75, 0xe6, 0xd4, 0x01, 0x02, 0x03, 0x1f, 0xbc, 0x0b,
  0x03, 0x70, 0xfe, 0xf7, 0xa1, 0xda, 0xcf, 0x72, 0x63, 0x46, 0x73, 0x63, 0x38, 0x5c, 0x86, 0x86,
  0x58, 0x48, 0x21, 0xc0, 0xb9, 0xef, 0xfe, 0xf4, 0x01, 0x1f, 0x41, 0x68, 0x4d, 0x3a, 0x2c, 0x1d,
  0x0e, 0x1f, 0x91, 0x77, 0x73, 0x68, 0x73, 0xab, 0x54, 0xd7, 0xeb, 0xfe, 0xfe, 0xff, 0x00, 0xa0,
  0x4e, 0x54, 0xbd, 0xa9, 0x99, 0x4f, 0x5f, 0x24, 0x50, 0x97, 0x6a, 0x24, 0x0a, 0x12, 0x1b, 0x22,
  0x2e, 0x3e, 0x03, 0x92, 0xee, 0xee, 0x00, 0x00, 0x00, 0x03, 0x00, 0x54, 0xff, 0xe5, 0x04, 0x12,
  0x05, 0xcd, 0x00, 0x20, 0x00, 0x27, 0x00, 0x37, 0x01, 0x1c, 0x00, 0xb2, 0x1a, 0x00, 0x00, 0x2b,
  0xb2, 0x1e, 0x00, 0x00, 0x2b, 0xb1, 0x2b, 0x04, 0xe9, 0xb2, 0x22, 0x02, 0x00, 0x2b, 0xb2, 0x13,
  0x01, 0x00, 0x2b, 0xb1, 0x0b, 0x04, 0xe9, 0xb2, 0x0b, 0x13, 0x0a, 0x2b, 0xb3, 0x40, 0x0b, 0x0f,
  0x09, 0x2b, 0x01, 0xb0, 0x38, 0x2f, 0xb0, 0x00, 0xd6, 0xb1, 0x28, 0x0d, 0xe9, 0xb0, 0x28, 0x10,
  0xb0, 0x0e, 0x20, 0xd6, 0x11, 0xb1, 0x0f, 0x11, 0xe9, 0xb0, 0x0f, 0x2f, 0xb1, 0x0e, 0x11, 0xe9,
  0xb0, 0x28, 0x10, 0xb1, 0x30, 0x01, 0x2b, 0xb1, 0x1c, 0x31, 0x32, 0x32, 0xb1, 0x17, 0x0f, 0xe9,
  0xb1, 0x39, 0x01, 0x2b, 0xb0, 0x36, 0x1a, 0xba, 0x0e, 0x42, 0xc1, 0x9c, 0x00, 0x15, 0x2b, 0x0a,
  0x0e, 0xb0, 0x04, 0x10, 0xb0, 0x06, 0xc0, 0xb1, 0x34, 0x1a, 0xf9, 0xb0, 0x32, 0xc0, 0xba, 0x07,
  0x30, 0xc0, 0x68, 0x00, 0x15, 0x2b, 0x0a, 0x04, 0xb0, 0x31, 0x2e, 0x0e, 0xb0, 0x33, 0xc0, 0xb1,
  0x07, 0x1a, 0xf9, 0xb0, 0x05, 0xc0, 0xb1, 0x05, 0x07, 0x08, 0xb0, 0x04, 0x10, 0xb3, 0x05, 0x04,
  0x06, 0x13, 0x2b, 0xb1, 0x04, 0x06, 0x08, 0xb0, 0x05, 0x10, 0xb3, 0x06, 0x05, 0x07, 0x13, 0x2b,
  0xb0, 0x33, 0x10, 0xb3, 0x32, 0x33, 0x31, 0x13, 0x2b, 0xb1, 0x33, 0x31, 0x08, 0xb0, 0x34, 0x10,
  0xb3, 0x33, 0x34, 0x32, 0x13, 0x2b, 0x00, 0xb7, 0x07, 0x31, 0x04, 0x05, 0x06, 0x32, 0x33, 0x34,
  0x2e, 0x2e, 0x2e, 0x2e, 0x2e, 0x2e, 0x2e, 0x2e, 0x01, 0xb6, 0x07, 0x04, 0x05, 0x06, 0x32, 0x33,
  0x34, 0x2e, 0x2e, 0x2e, 0x2e, 0x2e, 0x2e, 0x2e, 0xb0, 0x40, 0x1a, 0x01, 0xb1, 0x28, 0x0f, 0x11,
  0x12, 0xb1, 0x10, 0x21, 0x39, 0x39, 0xb1, 0x30, 0x0e, 0x11, 0x12, 0xb6, 0x13, 0x1e, 0x22, 0x23,
  0x25, 0x27, 0x2b, 0x24, 0x17, 0x39, 0xb0, 0x17, 0x11, 0xb1, 0x1a, 0x24, 0x39, 0x39, 0x00, 0xb1,
  0x0b, 0x2b, 0x11, 0x12, 0xb3, 0x00, 0x16, 0x18, 0x1c, 0x24, 0x17, 0x39, 0xb1, 0x22, 0x13, 0x11,
  0x12, 0xb0, 0x21, 0x39, 0x30, 0x31, 0x13, 0x34, 0x3e, 0x04, 0x37, 0x35, 0x34, 0x26, 0x23, 0x22,
  0x06, 0x07, 0x23, 0x3e, 0x02, 0x33, 0x32, 0x16, 0x07, 0x03, 0x02, 0x17, 0x23, 0x26, 0x27, 0x06,
  0x21, 0x22, 0x26, 0x13, 0x25, 0x33, 0x05, 0x23, 0x27, 0x07, 0x03, 0x14, 0x16, 0x33, 0x32, 0x3e,
  0x02, 0x3d, 0x01, 0x0e, 0x05, 0x54, 0x2e, 0x5f, 0x7a, 0xb1, 0xb7, 0x7a, 0x89, 0x77, 0x7d, 0x87,
  0x06, 0xc0, 0x09, 0x86, 0xc8, 0x75, 0xe6, 0xd4, 0x01, 0x02, 0x03, 0x1f, 0xbc, 0x0b, 0x03, 0x70,
  0xfe, 0xf7, 0xa1, 0xda, 0x8b, 0x01, 0x0f, 0xb6, 0x01, 0x08, 0xc5, 0xa1, 0xa2, 0x81, 0x72, 0x63,
  0x46, 0x73, 0x63, 0x38, 0x5c, 0x86, 0x86, 0x58, 0x48, 0x21, 0x01, 0x1f, 0x41, 0x68, 0x4d, 0x3a,
  0x2c, 0x1d, 0x0e, 0x1f, 0x91, 0x77, 0x73, 0x68, 0x73, 0xab, 0x54, 0xd7, 0xeb, 0xfe, 0xfe, 0xff,
  0x00, 0xa0, 0x4e, 0x54, 0xbd, 0xa9, 0x04, 0x51, 0xee, 0xee, 0x6f, 0x6f, 0xfc, 0x48, 0x4f, 0x5f,
  0x24, 0x50, 0x97, 0x6a, 0x24, 0x0a, 0x12, 0x1b, 0x22, 0x2e, 0x3e, 0x00, 0x00, 0x03, 0x00, 0x54,
  0xff, 0xe5, 0x04, 0x12, 0x05, 0xd3, 0x00, 0x20, 0x00, 0x37, 0x00, 0x47, 0x01, 0x53, 0x00, 0xb2,
  0x1a, 0x00, 0x00, 0x2b, 0xb2, 0x1e, 0x00, 0x00, 0x2b, 0xb1, 0x3b, 0x04, 0xe9, 0xb2, 0x24, 0x02,
  0x00, 0x2b, 0xb0, 0x2b, 0x33, 0xb1, 0x34, 0x04, 0xe9, 0xb3, 0x28, 0x24, 0x34, 0x08, 0x2b, 0xb1,
  0x2f, 0x04, 0xe9, 0xb2, 0x13, 0x01, 0x00, 0x2b, 0xb1, 0x0b, 0x04, 0xe9, 0xb2, 0x0b, 0x13, 0x0a,
  0x2b, 0xb3, 0x40, 0x0b, 0x0f, 0x09, 0x2b, 0x01, 0xb0, 0x48, 0x2f, 0xb0, 0x00, 0xd6, 0xb1, 0x38,
  0x0d, 0xe9, 0xb0, 0x38, 0x10, 0xb0, 0x0e, 0x20, 0xd6, 0x11, 0xb1, 0x0f, 0x11, 0xe9, 0xb0, 0x0f,
  0x2f, 0xb1, 0x0e, 0x11, 0xe9, 0xb0, 0x38, 0x10, 0xb0, 0x37, 0x20, 0xd6, 0x11, 0xb4, 0x21, 0x0e,
  0x00, 0x61, 0x04, 0x2b, 0xb0, 0x21, 0x2f, 0xb4, 0x37, 0x0e, 0x00, 0x61, 0x04, 0x2b, 0xb0, 0x38,
  0x10, 0xb1, 0x40, 0x01, 0x2b, 0xb1, 0x1c, 0x41, 0x32, 0x32, 0xb1, 0x17, 0x0f, 0xe9, 0xb0, 0x2b,
  0x20, 0xd6, 0x11, 0xb4, 0x2c, 0x0e, 0x00, 0x61, 0x04, 0x2b, 0xb1, 0x49, 0x01, 0x2b, 0xb0, 0x36,
  0x1a, 0xba, 0x0e, 0x42, 0xc1, 0x9c, 0x00, 0x15, 0x2b, 0x0a, 0x0e, 0xb0, 0x04, 0x10, 0xb0, 0x06,
  0xc0, 0xb1, 0x44, 0x1a, 0xf9, 0xb0, 0x42, 0xc0, 0xba, 0x07, 0x30, 0xc0, 0x68, 0x00, 0x15, 0x2b,
  0x0a, 0x04, 0xb0, 0x41, 0x2e, 0x0e, 0xb0, 0x43, 0xc0, 0xb1, 0x07, 0x1a, 0xf9, 0xb0, 0x05, 0xc0,
  0xb1, 0x05, 0x07, 0x08, 0xb0, 0x04, 0x10, 0xb3, 0x05, 0x04, 0x06, 0x13, 0x2b, 0xb1, 0x04, 0x06,
  0x08, 0xb0, 0x05, 0x10, 0xb3, 0x06, 0x05, 0x07, 0x13, 0x2b, 0xb0, 0x43, 0x10, 0xb3, 0x42, 0x43,
  0x41, 0x13, 0x2b, 0xb1, 0x43, 0x41, 0x08, 0xb0, 0x44, 0x10, 0xb3, 0x43, 0x44, 0x42, 0x13, 0x2b,
  0x00, 0xb7, 0x07, 0x41, 0x04, 0x05, 0x06, 0x42, 0x43, 0x44, 0x2e, 0x2e, 0x2e, 0x2e, 0x2e, 0x2e,
  0x2e, 0x2e, 0x01, 0xb6, 0x07, 0x04, 0x05, 0x06, 0x42, 0x43, 0x44, 0x2e, 0x2e, 0x2e, 0x2e, 0x2e,
  0x2e, 0x2e, 0xb0, 0x40, 0x1a, 0x01, 0xb1, 0x21, 0x0f, 0x11, 0x12, 0xb0, 0x10, 0x39, 0xb1, 0x2b,
  0x37, 0x11, 0x12, 0xb5, 0x13, 0x1e, 0x24, 0x0b, 0x2f, 0x3b, 0x24, 0x17, 0x39, 0xb0, 0x40, 0x11,
  0xb0, 0x08, 0x39, 0xb0, 0x2c, 0x12, 0xb0, 0x1a, 0x39, 0x00, 0xb1, 0x0b, 0x3b, 0x11, 0x12, 0xb3,
  0x00, 0x16, 0x18, 0x1c, 0x24, 0x17, 0x39, 0xb1, 0x34, 0x2f, 0x11, 0x12, 0xb0, 0x21, 0x39, 0x30,
  0x31, 0x13, 0x34, 0x3e, 0x04, 0x37, 0x35, 0x34, 0x26, 0x23, 0x22, 0x06, 0x07, 0x23, 0x3e, 0x02,
  0x33, 0x32, 0x16, 0x07, 0x03, 0x02, 0x17, 0x23, 0x26, 0x27, 0x06, 0x21, 0x22, 0x26, 0x13, 0x3e,
  0x01, 0x33, 0x32, 0x1e, 0x01, 0x33, 0x32, 0x36, 0x37, 0x33, 0x0e, 0x01, 0x23, 0x22, 0x2e, 0x02,
  0x23, 0x22, 0x06, 0x07, 0x03, 0x14, 0x16, 0x33, 0x32, 0x3e, 0x02, 0x3d, 0x01, 0x0e, 0x05, 0x54,
  0x2e, 0x5f, 0x7a, 0xb1, 0xb7, 0x7a, 0x89, 0x77, 0x7d, 0x87, 0x06, 0xc0, 0x09, 0x86, 0xc8, 0x75,
  0xe6, 0xd4, 0x01, 0x02, 0x03, 0x1f, 0xbc, 0x0b, 0x03, 0x70, 0xfe, 0xf7, 0xa1, 0xda, 0x64, 0x14,
  0x7d, 0x5b, 0x35, 0x62, 0x57, 0x26, 0x27, 0x34, 0x06, 0x91, 0x15, 0x81, 0x58, 0x29, 0x54, 0x38,
  0x45, 0x1c, 0x28, 0x2f, 0x05, 0x27, 0x72, 0x63, 0x46, 0x73, 0x63, 0x38, 0x5c, 0x86, 0x86, 0x58,
  0x48, 0x21, 0x01, 0x1f, 0x41, 0x68, 0x4d, 0x3a, 0x2c, 0x1d, 0x0e, 0x1f, 0x91, 0x77, 0x73, 0x68,
  0x73, 0xab, 0x54, 0xd7, 0xeb, 0xfe, 0xfe, 0xff, 0x00, 0xa0, 0x4e, 0x54, 0xbd, 0xa9, 0x04, 0x60,
  0x73, 0x72, 0x31, 0x31, 0x2f, 0x2d, 0x77, 0x71, 0x1f, 0x25, 0x1f, 0x2f, 0x2b, 0xfc, 0x39, 0x4f,
  0x5f, 0x24, 0x50, 0x97, 0x6a, 0x24, 0x0a, 0x12, 0x1b, 0x22, 0x2e, 0x3e, 0x00, 0x04, 0x00, 0x54,
  0xff, 0xe5, 0x04, 0x12, 0x05, 0xcd, 0x00, 0x20, 0x00, 0x24, 0x00, 0x34, 0x00, 0x38, 0x01, 0x38,
  0x00, 0xb2, 0x1a, 0x00, 0x00, 0x2b, 0xb2, 0x1e, 0x00, 0x00, 0x2b, 0xb1, 0x28, 0x04, 0xe9, 0xb2,
  0x22, 0x02, 0x00, 0x2b, 0xb0, 0x36, 0x33, 0xb1, 0x21, 0x0b, 0xe9, 0xb0, 0x35, 0x32, 0xb2, 0x13,
  0x01, 0x00, 0x2b, 0xb1, 0x0b, 0x04, 0xe9, 0xb2, 0x0b, 0x13, 0x0a, 0x2b, 0xb3, 0x40, 0x0b, 0x0f,
  0x09, 0x2b, 0x01, 0xb0, 0x39, 0x2f, 0xb0, 0x00, 0xd6, 0xb1, 0x25, 0x0d, 0xe9, 0xb0, 0x25, 0x10,
  0xb0, 0x0e, 0x20, 0xd6, 0x11, 0xb1, 0x0f, 0x11, 0xe9, 0xb0, 0x0f, 0x2f, 0xb1, 0x0e, 0x11, 0xe9,
  0xb3, 0x21, 0x25, 0x00, 0x08, 0x2b, 0xb1, 0x24, 0x10, 0xe9, 0xb0, 0x25, 0x10, 0xb1, 0x2d, 0x01,
  0x2b, 0xb1, 0x1c, 0x2e, 0x32, 0x32, 0xb1, 0x17, 0x0f, 0xe9, 0xb3, 0x38, 0x17, 0x2d, 0x08, 0x2b,
  0xb1, 0x35, 0x10, 0xe9, 0xb0, 0x35, 0x2f, 0xb1, 0x38, 0x10, 0xe9, 0xb1, 0x3a, 0x01, 0x2b, 0xb0,
  0x36, 0x1a, 0xba, 0x0e, 0x42, 0xc1, 0x9c, 0x00, 0x15, 0x2b, 0x0a, 0x0e, 0xb0, 0x04, 0x10, 0xb0,
  0x06, 0xc0, 0xb1, 0x31, 0x1a, 0xf9, 0xb0, 0x2f, 0xc0, 0xba, 0x07, 0x30, 0xc0, 0x68, 0x00, 0x15,
  0x2b, 0x0a, 0x04, 0xb0, 0x2e, 0x2e, 0x0e, 0xb0, 0x30, 0xc0, 0xb1, 0x07, 0x1a, 0xf9, 0xb0, 0x05,
  0xc0, 0xb1, 0x05, 0x07, 0x08, 0xb0, 0x04, 0x10, 0xb3, 0x05, 0x04, 0x06, 0x13, 0x2b, 0xb1, 0x04,
  0x06, 0x08, 0xb0, 0x05, 0x10, 0xb3, 0x06, 0x05, 0x07, 0x13, 0x2b, 0xb0, 0x30, 0x10, 0xb3, 0x2f,
  0x30, 0x2e, 0x13, 0x2b, 0xb1, 0x30, 0x2e, 0x08, 0xb0, 0x31, 0x10, 0xb3, 0x30, 0x31, 0x2f, 0x13,
  0x2b, 0x00, 0xb7, 0x07, 0x2e, 0x04, 0x05, 0x06, 0x2f, 0x30, 0x31, 0x2e, 0x2e, 0x2e, 0x2e, 0x2e,
  0x2e, 0x2e, 0x2e, 0x01, 0xb6, 0x07, 0x04, 0x05, 0x06, 0x2f, 0x30, 0x31, 0x2e, 0x2e, 0x2e, 0x2e,
  0x2e, 0x2e, 0x2e, 0xb0, 0x40, 0x1a, 0x01, 0xb1, 0x21, 0x0f, 0x11, 0x12, 0xb0, 0x10, 0x39, 0xb1,
  0x35, 0x24, 0x11, 0x12, 0xb3, 0x13, 0x1e, 0x0b, 0x28, 0x24, 0x17, 0x39, 0xb0, 0x2d, 0x11, 0xb0,
  0x08, 0x39, 0xb0, 0x38, 0x12, 0xb0, 0x1a, 0x39, 0x00, 0xb1, 0x0b, 0x28, 0x11, 0x12, 0xb3, 0x00,
  0x16, 0x18, 0x1c, 0x24, 0x17, 0x39, 0x30, 0x31, 0x13, 0x34, 0x3e, 0x04, 0x37, 0x35, 0x34, 0x26,
  0x23, 0x22, 0x06, 0x07, 0x23, 0x3e, 0x02, 0x33, 0x32, 0x16, 0x07, 0x03, 0x02, 0x17, 0x23, 0x26,
  0x27, 0x06, 0x21, 0x22, 0x26, 0x13, 0x35, 0x33, 0x15, 0x03, 0x14, 0x16, 0x33, 0x32, 0x3e, 0x02,
  0x3d, 0x01, 0x0e, 0x05, 0x01, 0x35, 0x33, 0x15, 0x54, 0x2e, 0x5f, 0x7a, 0xb1, 0xb7, 0x7a, 0x89,
  0x77, 0x7d, 0x87, 0x06, 0xc0, 0x09, 0x86, 0xc8, 0x75, 0xe6, 0xd4, 0x01, 0x02, 0x03, 0x1f, 0xbc,
  0x0b, 0x03, 0x70, 0xfe, 0xf7, 0xa1, 0xda, 0x95, 0xbb, 0x81, 0x72, 0x63, 0x46, 0x73, 0x63, 0x38,
  0x5c, 0x86, 0x86, 0x58, 0x48, 0x21, 0x01, 0x9b, 0xbd, 0x01, 0x1f, 0x41, 0x68, 0x4d, 0x3a, 0x2c,
  0x1d, 0x0e, 0x1f, 0x91, 0x77, 0x73, 0x68, 0x73, 0xab, 0x54, 0xd7, 0xeb, 0xfe, 0xfe, 0xff, 0x00,
  0xa0, 0x4e, 0x54, 0xbd, 0xa9, 0x04, 0x74, 0xcb, 0xcb, 0xfc, 0x25, 0x4f, 0x5f, 0x24, 0x50, 0x97,
  0x6a, 0x24, 0x0a, 0x12, 0x1b, 0x22, 0x2e, 0x3e, 0x03, 0xb5, 0xcb, 0xcb, 0x00, 0x04, 0x00, 0x54,
  0xff, 0xe5, 0x04, 0x12, 0x06, 0x29, 0x00, 0x20, 0x00, 0x30, 0x00, 0x3b, 0x00, 0x47, 0x01, 0x59,
  0x00, 0xb2, 0x1a, 0x00, 0x00, 0x2b, 0xb2, 0x1e, 0x00, 0x00, 0x2b, 0xb1, 0x24, 0x04, 0xe9, 0xb2,
  0x45, 0x02, 0x00, 0x2b, 0xb4, 0x34, 0x04, 0x00, 0x11, 0x04, 0x2b, 0xb2, 0x13, 0x01, 0x00, 0x2b,
  0xb1, 0x0b, 0x04, 0xe9, 0xb2, 0x0b, 0x13, 0x0a, 0x2b, 0xb3, 0x40, 0x0b, 0x0f, 0x09, 0x2b, 0xb4,
  0x3f, 0x39, 0x0f, 0x34, 0x0d, 0x2b, 0xb4, 0x3f, 0x04, 0x00, 0x11, 0x04, 0x2b, 0x01, 0xb0, 0x48,
  0x2f, 0xb0, 0x00, 0xd6, 0xb1, 0x21, 0x0d, 0xe9, 0xb0, 0x21, 0x10, 0xb0, 0x0e, 0x20, 0xd6, 0x11,
  0xb1, 0x0f, 0x11, 0xe9, 0xb0, 0x0f, 0x2f, 0xb1, 0x0e, 0x11, 0xe9, 0xb0, 0x21, 0x10, 0xb1, 0x31,
  0x01, 0x2b, 0xb4, 0x3c, 0x0e, 0x00, 0x0f, 0x04, 0x2b, 0xb0, 0x3c, 0x10, 0xb1, 0x42, 0x01, 0x2b,
  0xb4, 0x37, 0x0e, 0x00, 0x0f, 0x04, 0x2b, 0xb0, 0x37, 0x10, 0xb1, 0x29, 0x01, 0x2b, 0xb1, 0x1c,
  0x2a, 0x32, 0x32, 0xb1, 0x17, 0x0f, 0xe9, 0xb1, 0x49, 0x01, 0x2b, 0xb0, 0x36, 0x1a, 0xba, 0x0e,
  0x42, 0xc1, 0x9c, 0x00, 0x15, 0x2b, 0x0a, 0x0e, 0xb0, 0x04, 0x10, 0xb0, 0x06, 0xc0, 0xb1, 0x2d,
  0x1a, 0xf9, 0xb0, 0x2b, 0xc0, 0xba, 0x07, 0x30, 0xc0, 0x68, 0x00, 0x15, 0x2b, 0x0a, 0x04, 0xb0,
  0x2a, 0x2e, 0x0e, 0xb0, 0x2c, 0xc0, 0xb1, 0x07, 0x1a, 0xf9, 0xb0, 0x05, 0xc0, 0xb1, 0x05, 0x07,
  0x08, 0xb0, 0x04, 0x10, 0xb3, 0x05, 0x04, 0x06, 0x13, 0x2b, 0xb1, 0x04, 0x06, 0x08, 0xb0, 0x05,
  0x10, 0xb3, 0x06, 0x05, 0x07, 0x13, 0x2b, 0xb0, 0x2c, 0x10, 0xb3, 0x2b, 0x2c, 0x2a, 0x13, 0x2b,
  0xb1, 0x2c, 0x2a, 0x08, 0xb0, 0x2d, 0x10, 0xb3, 0x2c, 0x2d, 0x2b, 0x13, 0x2b, 0x00, 0xb7, 0x07,
  0x2a, 0x04, 0x05, 0x06, 0x2b, 0x2c, 0x2d, 0x2e, 0x2e, 0x2e, 0x2e, 0x2e, 0x2e, 0x2e, 0x2e, 0x01,
  0xb6, 0x07, 0x04, 0x05, 0x06, 0x2b, 0x2c, 0x2d, 0x2e, 0x2e, 0x2e, 0x2e, 0x2e, 0x2e, 0x2e, 0xb0,
  0x40, 0x1a, 0x01, 0xb1, 0x21, 0x0f, 0x11, 0x12, 0xb0, 0x10, 0x39, 0xb1, 0x3c, 0x31, 0x11, 0x12,
  0xb0, 0x1e, 0x39, 0xb0, 0x42, 0x11, 0xb4, 0x0b, 0x24, 0x13, 0x39, 0x34, 0x24, 0x17, 0x39, 0xb1,
  0x29, 0x37, 0x11, 0x12, 0xb0, 0x08, 0x39, 0xb0, 0x17, 0x11, 0xb0, 0x1a, 0x39, 0x00, 0xb1, 0x0b,
  0x24, 0x11, 0x12, 0xb3, 0x00, 0x16, 0x18, 0x1c, 0x24, 0x17, 0x39, 0xb1, 0x45, 0x3f, 0x11, 0x12,
  0xb2, 0x36, 0x37, 0x31, 0x39, 0x39, 0x39, 0x30, 0x31, 0x13, 0x34, 0x3e, 0x04, 0x37, 0x35, 0x34,
  0x26, 0x23, 0x22, 0x06, 0x07, 0x23, 0x3e, 0x02, 0x33, 0x32, 0x16, 0x07, 0x03, 0x02, 0x17, 0x23,
  0x26, 0x27, 0x06, 0x21, 0x22, 0x26, 0x37, 0x14, 0x16, 0x33, 0x32, 0x3e, 0x02, 0x3d, 0x01, 0x0e,
  0x05, 0x13, 0x34, 0x36, 0x33, 0x32, 0x16, 0x14, 0x06, 0x23, 0x22, 0x26, 0x37, 0x14, 0x16, 0x33,
  0x32, 0x36, 0x35, 0x34, 0x26, 0x23, 0x22, 0x06, 0x54, 0x2e, 0x5f, 0x7a, 0xb1, 0xb7, 0x7a, 0x89,
  0x77, 0x7d, 0x87, 0x06, 0xc0, 0x09, 0x86, 0xc8, 0x75, 0xe6, 0xd4, 0x01, 0x02, 0x03, 0x1f, 0xbc,
  0x0b, 0x03, 0x70, 0xfe, 0xf7, 0xa1, 0xda, 0xcf, 0x72, 0x63, 0x46, 0x73, 0x63, 0x38, 0x5c, 0x86,
  0x86, 0x58, 0x48, 0x21, 0x6a, 0x6d, 0x4c, 0x4e, 0x6c, 0x6b, 0x4f, 0x4d, 0x6c, 0x61, 0x35, 0x23,
  0x24, 0x34, 0x34, 0x24, 0x23, 0x35, 0x01, 0x1f, 0x41, 0x68, 0x4d, 0x3a, 0x2c, 0x1d, 0x0e, 0x1f,
  0x91, 0x77, 0x73, 0x68, 0x73, 0xab, 0x54, 0xd7, 0xeb, 0xfe, 0xfe, 0xff, 0x00, 0xa0, 0x4e, 0x54,
  0xbd, 0xa9, 0x99, 0x4f, 0x5f, 0x24, 0x50, 0x97, 0x6a, 0x24, 0x0a, 0x12, 0x1b, 0x22, 0x2e, 0x3e,
  0x04, 0x2e, 0x4b, 0x63, 0x63, 0x96, 0x63, 0x64, 0x4a, 0x24, 0x32, 0x32, 0x24, 0x26, 0x32, 0x33,
  0x00, 0x03, 0x00, 0x58, 0xff, 0xe5, 0x07, 0x39, 0x04, 0x64, 0x00, 0x2b, 0x00, 0x3d, 0x00, 0x44,
  0x01, 0x61, 0x00, 0xb2, 0x29, 0x00, 0x00, 0x2b, 0xb0, 0x25, 0x33, 0xb1, 0x2f, 0x04, 0xe9, 0xb0,
  0x1e, 0x32, 0xb2, 0x2f, 0x29, 0x0a, 0x2b, 0xb3, 0x40, 0x2f, 0x22, 0x09, 0x2b, 0xb2, 0x12, 0x01,
  0x00, 0x2b, 0xb0, 0x16, 0x33, 0xb1, 0x0a, 0x04, 0xe9, 0xb0, 0x42, 0x32, 0xb2, 0x0a, 0x12, 0x0a,
  0x2b, 0xb3, 0x40, 0x0a, 0x0e, 0x09, 0x2b, 0xb4, 0x3e, 0x1b, 0x29, 0x12, 0x0d, 0x2b, 0xb1, 0x3e,
  0x05, 0xe9, 0x01, 0xb0, 0x45, 0x2f, 0xb0, 0x00, 0xd6, 0xb1, 0x2c, 0x12, 0xe9, 0xb0, 0x2c, 0x10,
  0xb0, 0x0d, 0x20, 0xd6, 0x11, 0xb1, 0x0e, 0x10, 0xe9, 0xb0, 0x0e, 0x2f, 0xb1, 0x0d, 0x10, 0xe9,
  0xb0, 0x2c, 0x10, 0xb1, 0x34, 0x01, 0x2b, 0xb0, 0x35, 0x32, 0xb1, 0x1b, 0x0f, 0xe9, 0xb0, 0x3e,
  0x32, 0xb0, 0x1b, 0x10, 0xb1, 0x07, 0x10, 0xe9, 0xb0, 0x07, 0x2f, 0xb0, 0x1b, 0x10, 0xb1, 0x3f,
  0x01, 0x2b, 0xb1, 0x1a, 0x11, 0xe9, 0xb1, 0x46, 0x01, 0x2b, 0xb0, 0x36, 0x1a, 0xba, 0x0c, 0xb3,
  0xc1, 0x46, 0x00, 0x15, 0x2b, 0x0a, 0x04, 0xb0, 0x07, 0x2e, 0x0e, 0xb0, 0x04, 0xc0, 0x04, 0xb1,
  0x35, 0x1b, 0xf9, 0x0e, 0xb0, 0x3a, 0xc0, 0xb0, 0x04, 0x10, 0xb3, 0x05, 0x04, 0x07, 0x13, 0x2b,
  0xb3, 0x06, 0x04, 0x07, 0x13, 0x2b, 0xb0, 0x3a, 0x10, 0xb3, 0x36, 0x3a, 0x35, 0x13, 0x2b, 0xb3,
  0x37, 0x3a, 0x35, 0x13, 0x2b, 0xb3, 0x38, 0x3a, 0x35, 0x13, 0x2b, 0xb3, 0x39, 0x3a, 0x35, 0x13,
  0x2b, 0xb2, 0x05, 0x04, 0x07, 0x20, 0x8a, 0x20, 0x8a, 0x23, 0x06, 0x0e, 0x11, 0x12, 0x39, 0xb0,
  0x06, 0x39, 0xb2, 0x39, 0x3a, 0x35, 0x11, 0x12, 0x39, 0xb0, 0x38, 0x39, 0xb0, 0x36, 0x39, 0xb0,
  0x37, 0x39, 0x00, 0x40, 0x0a, 0x07, 0x35, 0x38, 0x04, 0x05, 0x06, 0x36, 0x37, 0x39, 0x3a, 0x2e,
  0x2e, 0x2e, 0x2e, 0x2e, 0x2e, 0x2e, 0x2e, 0x2e, 0x2e, 0x01, 0xb7, 0x38, 0x04, 0x05, 0x06, 0x36,
  0x37, 0x39, 0x3a, 0x2e, 0x2e, 0x2e, 0x2e, 0x2e, 0x2e, 0x2e, 0x2e, 0xb0, 0x40, 0x1a, 0x01, 0xb1,
  0x2c, 0x0e, 0x11, 0x12, 0xb0, 0x0f, 0x39, 0xb1, 0x07, 0x0d, 0x11, 0x12, 0xb2, 0x12, 0x29, 0x2f,
  0x39, 0x39, 0x39, 0xb1, 0x1b, 0x34, 0x11, 0x12, 0xb1, 0x14, 0x27, 0x39, 0x39, 0xb0, 0x3f, 0x11,
  0xb3, 0x1e, 0x21, 0x25, 0x16, 0x24, 0x17, 0x39, 0xb0, 0x1a, 0x12, 0xb0, 0x22, 0x39, 0x00, 0xb1,
  0x1b, 0x2f, 0x11, 0x12, 0xb1, 0x00, 0x27, 0x39, 0x39, 0xb1, 0x0a, 0x3e, 0x11, 0x12, 0xb0, 0x14,
  0x39, 0x30, 0x31, 0x13, 0x34, 0x3e, 0x04, 0x37, 0x35, 0x34, 0x21, 0x22, 0x06, 0x07, 0x23, 0x3e,
  0x02, 0x33, 0x20, 0x17, 0x36, 0x33, 0x32, 0x16, 0x12, 0x07, 0x21, 0x06, 0x16, 0x33, 0x32, 0x36,
  0x37, 0x33, 0x0e, 0x01, 0x23, 0x20, 0x27, 0x06, 0x21, 0x22, 0x26, 0x37, 0x14, 0x16, 0x33, 0x32,
  0x3e, 0x02, 0x3d, 0x01, 0x0e, 0x01, 0x07, 0x0e, 0x04, 0x01, 0x21, 0x2e, 0x01, 0x23, 0x22, 0x06,
  0x58, 0x24, 0x54, 0x70, 0xb1, 0xc2, 0x8a, 0xff, 0x00, 0x7d, 0x88, 0x09, 0xbc, 0x09, 0x86, 0xc8,
  0x75, 0x01, 0x28, 0x5a, 0x83, 0xf9, 0xa6, 0xf2, 0x71, 0x0d, 0xfc, 0xbf, 0x01, 0xbc, 0x8c, 0x7a,
  0x8b, 0x26, 0xc1, 0x29, 0xfc, 0xc2, 0xfe, 0xd7, 0x7f, 0x93, 0xfe, 0xcc, 0xaa, 0xd3, 0xc7, 0x75,
  0x60, 0x46, 0x74, 0x65, 0x39, 0x34, 0xaa, 0x06, 0x42, 0x58, 0x5a, 0x34, 0x21, 0x02, 0xdb, 0x02,
  0x7b, 0x03, 0xa7, 0x8e, 0x8f, 0xae, 0x01, 0x19, 0x40, 0x63, 0x4e, 0x39, 0x2f, 0x23, 0x13, 0x2d,
  0xf8, 0x73, 0x68, 0x73, 0xab, 0x54, 0xb8, 0xb4, 0xa7, 0xfe, 0xe5, 0xae, 0xa2, 0xc7, 0x5f, 0x59,
  0x98, 0xc2, 0xe6, 0xe6, 0xa5, 0x9b, 0x4d, 0x5b, 0x24, 0x50, 0x98, 0x69, 0x2d, 0x0b, 0x1f, 0x01,
  0x0d, 0x17, 0x22, 0x29, 0x3b, 0x01, 0x3f, 0x7f, 0xbb, 0xa6, 0x00, 0x00, 0x00, 0x01, 0x00, 0x48,
  0xfe, 0x71, 0x04, 0x29, 0x04, 0x60, 0x00, 0x35, 0x00, 0x86, 0x00, 0xb2, 0x1b, 0x00, 0x00, 0x2b,
  0xb1, 0x13, 0x07, 0xe9, 0xb2, 0x13, 0x1b, 0x0a, 0x2b, 0xb3, 0x40, 0x13, 0x17, 0x09, 0x2b, 0xb2,
  0x33, 0x00, 0x00, 0x2b, 0xb2, 0x04, 0x01, 0x00, 0x2b, 0xb1, 0x0d, 0x07, 0xe9, 0xb2, 0x0d, 0x04,
  0x0a, 0x2b, 0xb3, 0x40, 0x0d, 0x0a, 0x09, 0x2b, 0xb0, 0x24, 0x2f, 0xb4, 0x29, 0x04, 0x00, 0x11,
  0x04, 0x2b, 0x01, 0xb0, 0x36, 0x2f, 0xb0, 0x00, 0xd6, 0xb1, 0x10, 0x13, 0xe9, 0xb0, 0x10, 0x10,
  0xb1, 0x2c, 0x01, 0x2b, 0xb4, 0x21, 0x0e, 0x00, 0x0f, 0x04, 0x2b, 0xb1, 0x37, 0x01, 0x2b, 0xb1,
  0x2c, 0x10, 0x11, 0x12, 0x40, 0x0a, 0x04, 0x0d, 0x13, 0x1b, 0x1c, 0x1e, 0x24, 0x26, 0x32, 0x33,
  0x24, 0x17, 0x39, 0x00, 0xb1, 0x29, 0x24, 0x11, 0x12, 0xb0, 0x26, 0x39, 0xb0, 0x1b, 0x11, 0xb2,
  0x21, 0x27, 0x32, 0x39, 0x39, 0x39, 0xb1, 0x0d, 0x13, 0x11, 0x12, 0xb0, 0x00, 0x39, 0x30, 0x31,
  0x13, 0x34, 0x12, 0x36, 0x33, 0x32, 0x1e, 0x02, 0x17, 0x23, 0x2e, 0x01, 0x23, 0x22, 0x06, 0x15,
  0x14, 0x16, 0x33, 0x32, 0x36, 0x37, 0x33, 0x0e, 0x02, 0x0f, 0x01, 0x36, 0x33, 0x32, 0x16, 0x15,
  0x14, 0x06, 0x23, 0x22, 0x27, 0x37, 0x16, 0x33, 0x32, 0x36, 0x35, 0x34, 0x26, 0x23, 0x22, 0x07,
  0x27, 0x37, 0x26, 0x02, 0x48, 0x7b, 0xf1, 0xa2, 0x62, 0xa7, 0x6f, 0x45, 0x0a, 0xbd, 0x15, 0x93,
  0x6e, 0x89, 0xaf, 0xb1, 0x87, 0x73, 0x95, 0x16, 0xc1, 0x13, 0x7a, 0xc9, 0x79, 0x2d, 0x1e, 0x1f,
  0x49, 0x53, 0x88, 0x55, 0x6f, 0x50, 0x21, 0x3d, 0x3a, 0x33, 0x4a, 0x33, 0x27, 0x33, 0x1b, 0x3d,
  0x58, 0xc8, 0xe2, 0x02, 0x25, 0xa5, 0x01, 0x01, 0x95, 0x44, 0x70, 0x87, 0x48, 0x65, 0x7a, 0xcf,
  0xc6, 0xc9, 0xd5, 0x7f, 0x5e, 0x66, 0xa9, 0x6d, 0x05, 0x47, 0x06, 0x4b, 0x40, 0x4d, 0x5b, 0x27,
  0x51, 0x1c, 0x1f, 0x22, 0x1e, 0x20, 0x13, 0x23, 0x90, 0x1b, 0x01, 0x35, 0x00, 0x03, 0x00, 0x48,
  0xff, 0xe5, 0x04, 0x54, 0x05, 0xcd, 0x00, 0x16, 0x00, 0x1a, 0x00, 0x21, 0x00, 0x79, 0x00, 0xb2,
  0x12, 0x00, 0x00, 0x2b, 0xb1, 0x0b, 0x07, 0xe9, 0xb2, 0x0b, 0x12, 0x0a, 0x2b, 0xb3, 0x40, 0x0b,
  0x0f, 0x09, 0x2b, 0xb2, 0x17, 0x02, 0x00, 0x2b, 0xb2, 0x03, 0x01, 0x00, 0x2b, 0xb1, 0x1f, 0x06,
  0xe9, 0xb4, 0x1b, 0x08, 0x12, 0x03, 0x0d, 0x2b, 0xb1, 0x1b, 0x06, 0xe9, 0x01, 0xb0, 0x22, 0x2f,
  0xb0, 0x00, 0xd6, 0xb1, 0x08, 0x13, 0xe9, 0xb0, 0x1b, 0x32, 0xb0, 0x08, 0x10, 0xb1, 0x1c, 0x01,
  0x2b, 0xb1, 0x07, 0x12, 0xe9, 0xb1, 0x23, 0x01, 0x2b, 0xb1, 0x08, 0x00, 0x11, 0x12, 0xb0, 0x17,
  0x39, 0xb0, 0x1c, 0x11, 0xb5, 0x03, 0x0e, 0x12, 0x18, 0x19, 0x1a, 0x24, 0x17, 0x39, 0xb0, 0x07,
  0x12, 0xb0, 0x0f, 0x39, 0x00, 0xb1, 0x1b, 0x08, 0x11, 0x12, 0xb0, 0x00, 0x39, 0xb1, 0x17, 0x03,
  0x11, 0x12, 0xb0, 0x19, 0x39, 0x30, 0x31, 0x13, 0x10, 0x00, 0x33, 0x32, 0x16, 0x12, 0x07, 0x21,
  0x14, 0x16, 0x33, 0x32, 0x36, 0x37, 0x33, 0x0e, 0x01, 0x23, 0x22, 0x2e, 0x02, 0x13, 0x33, 0x17,
  0x23, 0x03, 0x21, 0x2e, 0x01, 0x23, 0x22, 0x06, 0x48, 0x01, 0x28, 0xe8, 0xa6, 0xf2, 0x71, 0x0d,
  0xfc, 0xbe, 0xbd, 0x8b, 0x7a, 0x8b, 0x26, 0xc1, 0x29, 0xfc, 0xc3, 0x81, 0xcd, 0x83, 0x45, 0xae,
  0xed, 0xbb, 0x9e, 0xec, 0x02, 0x7b, 0x03, 0xa6, 0x8e, 0x8f, 0xaf, 0x02, 0x25, 0x01, 0x02, 0x01,
  0x39, 0xab, 0xfe, 0xe3, 0xaf, 0xa0, 0xc0, 0x5d, 0x59, 0x98, 0xc2, 0x58, 0x9c, 0xd1, 0x04, 0x23,
  0xee, 0xfd, 0xaa, 0x7f, 0xb9, 0xa5, 0x00, 0x00, 0x00, 0x03, 0x00, 0x48, 0xff, 0xe5, 0x04, 0x54,
  0x05, 0xcd, 0x00, 0x16, 0x00, 0x1d, 0x00, 0x21, 0x00, 0x75, 0x00, 0xb2, 0x12, 0x00, 0x00, 0x2b,
  0xb1, 0x0b, 0x07, 0xe9, 0xb2, 0x0b, 0x12, 0x0a, 0x2b, 0xb3, 0x40, 0x0b, 0x0f, 0x09, 0x2b, 0xb2,
  0x1f, 0x02, 0x00, 0x2b, 0xb2, 0x03, 0x01, 0x00, 0x2b, 0xb1, 0x1b, 0x06, 0xe9, 0xb4, 0x17, 0x08,
  0x12, 0x03, 0x0d, 0x2b, 0xb1, 0x17, 0x06, 0xe9, 0x01, 0xb0, 0x22, 0x2f, 0xb0, 0x00, 0xd6, 0xb1,
  0x08, 0x13, 0xe9, 0xb0, 0x17, 0x32, 0xb0, 0x08, 0x10, 0xb1, 0x18, 0x01, 0x2b, 0xb1, 0x07, 0x12,
  0xe9, 0xb1, 0x23, 0x01, 0x2b, 0xb1, 0x18, 0x08, 0x11, 0x12, 0xb5, 0x03, 0x0e, 0x12, 0x1e, 0x1f,
  0x21, 0x24, 0x17, 0x39, 0xb0, 0x07, 0x11, 0xb1, 0x0f, 0x20, 0x39, 0x39, 0x00, 0xb1, 0x17, 0x08,
  0x11, 0x12, 0xb0, 0x00, 0x39, 0xb1, 0x1f, 0x03, 0x11, 0x12, 0xb0, 0x1e, 0x39, 0x30, 0x31, 0x13,
  0x10, 0x00, 0x33, 0x32, 0x16, 0x12, 0x07, 0x21, 0x14, 0x16, 0x33, 0x32, 0x36, 0x37, 0x33, 0x0e,
  0x01, 0x23, 0x22, 0x2e, 0x02, 0x37, 0x21, 0x2e, 0x01, 0x23, 0x22, 0x06, 0x13, 0x37, 0x33, 0x05,
  0x48, 0x01, 0x28, 0xe8, 0xa6, 0xf2, 0x71, 0x0d, 0xfc, 0xbe, 0xbd, 0x8b, 0x7a, 0x8b, 0x26, 0xc1,
  0x29, 0xfc, 0xc3, 0x81, 0xcd, 0x83, 0x45, 0xcc, 0x02, 0x7b, 0x03, 0xa6, 0x8e, 0x8f, 0xaf, 0xe6,
  0xb8, 0xf0, 0xfe, 0xf4, 0x02, 0x25, 0x01, 0x02, 0x01, 0x39, 0xab, 0xfe, 0xe3, 0xaf, 0xa0, 0xc0,
  0x5d, 0x59, 0x98, 0xc2, 0x58, 0x9c, 0xd1, 0xdf, 0x7f, 0xb9, 0xa5, 0x01, 0xc3, 0xee, 0xee, 0x00,
  0x00, 0x03, 0x00, 0x48, 0xff, 0xe5, 0x04, 0x54, 0x05, 0xcd, 0x00, 0x16, 0x00, 0x1d, 0x00, 0x24,
  0x00, 0x7c, 0x00, 0xb2, 0x12, 0x00, 0x00, 0x2b, 0xb1, 0x0b, 0x07, 0xe9, 0xb2, 0x0b, 0x12, 0x0a,
  0x2b, 0xb3, 0x40, 0x0b, 0x0f, 0x09, 0x2b, 0xb2, 0x18, 0x02, 0x00, 0x2b, 0xb2, 0x03, 0x01, 0x00,
  0x2b, 0xb1, 0x22, 0x06, 0xe9, 0xb4, 0x1e, 0x08, 0x12, 0x03, 0x0d, 0x2b, 0xb1, 0x1e, 0x06, 0xe9,
  0x01, 0xb0, 0x25, 0x2f, 0xb0, 0x00, 0xd6, 0xb1, 0x08, 0x13, 0xe9, 0xb0, 0x1e, 0x32, 0xb0, 0x08,
  0x10, 0xb1, 0x1f, 0x01, 0x2b, 0xb1, 0x07, 0x12, 0xe9, 0xb1, 0x26, 0x01, 0x2b, 0xb1, 0x08, 0x00,
  0x11, 0x12, 0xb0, 0x17, 0x39, 0xb0, 0x1f, 0x11, 0xb6, 0x03, 0x0e, 0x12, 0x18, 0x19, 0x1b, 0x1d,
  0x24, 0x17, 0x39, 0xb0, 0x07, 0x12, 0xb1, 0x0f, 0x1a, 0x39, 0x39, 0x00, 0xb1, 0x1e, 0x08, 0x11,
  0x12, 0xb0, 0x00, 0x39, 0xb1, 0x18, 0x03, 0x11, 0x12, 0xb0, 0x17, 0x39, 0x30, 0x31, 0x13, 0x10,
  0x00, 0x33, 0x32, 0x16, 0x12, 0x07, 0x21, 0x14, 0x16, 0x33, 0x32, 0x36, 0x37, 0x33, 0x0e, 0x01,
  0x23, 0x22, 0x2e, 0x02, 0x13, 0x25, 0x33, 0x05, 0x23, 0x27, 0x07, 0x03, 0x21, 0x2e, 0x01, 0x23,
  0x22, 0x06, 0x48, 0x01, 0x28, 0xe8, 0xa6, 0xf2, 0x71, 0x0d, 0xfc, 0xbe, 0xbd, 0x8b, 0x7a, 0x8b,
  0x26, 0xc1, 0x29, 0xfc, 0xc3, 0x81, 0xcd, 0x83, 0x45, 0x9f, 0x01, 0x0f, 0xb6, 0x01, 0x08, 0xc4,
  0xa2, 0xa2, 0x98, 0x02, 0x7b, 0x03, 0xa6, 0x8e, 0x8f, 0xaf, 0x02, 0x25, 0x01, 0x02, 0x01, 0x39,
  0xab, 0xfe, 0xe3, 0xaf, 0xa0, 0xc0, 0x5d, 0x59, 0x98, 0xc2, 0x58, 0x9c, 0xd1, 0x03, 0x35, 0xee,
  0xee, 0x6f, 0x6f, 0xfd, 0xaa, 0x7f, 0xb9, 0xa5, 0x00, 0x04, 0x00, 0x48, 0xff, 0xe5, 0x04, 0x54,
  0x05, 0xcd, 0x00, 0x16, 0x00, 0x1a, 0x00, 0x21, 0x00, 0x25, 0x00, 0x95, 0x00, 0xb2, 0x12, 0x00,
  0x00, 0x2b, 0xb1, 0x0b, 0x07, 0xe9, 0xb2, 0x0b, 0x12, 0x0a, 0x2b, 0xb3, 0x40, 0x0b, 0x0f, 0x09,
  0x2b, 0xb2, 0x18, 0x02, 0x00, 0x2b, 0xb0, 0x23, 0x33, 0xb1, 0x17, 0x0b, 0xe9, 0xb0, 0x22, 0x32,
  0xb2, 0x03, 0x01, 0x00, 0x2b, 0xb1, 0x1f, 0x06, 0xe9, 0xb4, 0x1b, 0x08, 0x12, 0x03, 0x0d, 0x2b,
  0xb1, 0x1b, 0x06, 0xe9, 0x01, 0xb0, 0x26, 0x2f, 0xb0, 0x00, 0xd6, 0xb1, 0x08, 0x13, 0xe9, 0xb0,
  0x1b, 0x32, 0xb3, 0x17, 0x08, 0x00, 0x08, 0x2b, 0xb1, 0x1a, 0x10, 0xe9, 0xb0, 0x08, 0x10, 0xb1,
  0x22, 0x01, 0x2b, 0xb1, 0x25, 0x10, 0xe9, 0xb3, 0x1c, 0x25, 0x22, 0x08, 0x2b, 0xb1, 0x07, 0x12,
  0xe9, 0xb1, 0x27, 0x01, 0x2b, 0xb1, 0x1a, 0x08, 0x11, 0x12, 0xb0, 0x21, 0x39, 0xb0, 0x22, 0x11,
  0xb3, 0x0b, 0x12, 0x03, 0x1f, 0x24, 0x17, 0x39, 0xb0, 0x1c, 0x12, 0xb0, 0x0e, 0x39, 0xb1, 0x07,
  0x25, 0x11, 0x12, 0xb0, 0x0f, 0x39, 0x00, 0xb1, 0x1b, 0x08, 0x11, 0x12, 0xb0, 0x00, 0x39, 0x30,
  0x31, 0x13, 0x10, 0x00, 0x33, 0x32, 0x16, 0x12, 0x07, 0x21, 0x14, 0x16, 0x33, 0x32, 0x36, 0x37,
  0x33, 0x0e, 0x01, 0x23, 0x22, 0x2e, 0x02, 0x13, 0x35, 0x33, 0x15, 0x03, 0x21, 0x2e, 0x01, 0x23,
  0x22, 0x06, 0x01, 0x35, 0x33, 0x15, 0x48, 0x01, 0x28, 0xe8, 0xa6, 0xf2, 0x71, 0x0d, 0xfc, 0xbe,
  0xbd, 0x8b, 0x7a, 0x8b, 0x26, 0xc1, 0x29, 0xfc, 0xc3, 0x81, 0xcd, 0x83, 0x45, 0xbe, 0xbb, 0xad,
  0x02, 0x7b, 0x03, 0xa6, 0x8e, 0x8f, 0xaf, 0x01, 0xc1, 0xbd, 0x02, 0x25, 0x01, 0x02, 0x01, 0x39,
  0xab, 0xfe, 0xe3, 0xaf, 0xa0, 0xc0, 0x5d, 0x59, 0x98, 0xc2, 0x58, 0x9c, 0xd1, 0x03, 0x58, 0xcb,
  0xcb, 0xfd, 0x87, 0x7f, 0xb9, 0xa5, 0x01, 0xe6, 0xcb, 0xcb, 0x00, 0x00, 0x00, 0x02, 0xff, 0x98,
  0x00, 0x00, 0x01, 0x4e, 0x05, 0xcd, 0x00, 0x03, 0x00, 0x07, 0x00, 0x34, 0x00, 0xb2, 0x04, 0x00,
  0x00, 0x2b, 0xb2, 0x00, 0x02, 0x00, 0x2b, 0xb2, 0x05, 0x01, 0x00, 0x2b, 0x01, 0xb0, 0x08, 0x2f,
  0xb0, 0x04, 0xd6, 0xb1, 0x07, 0x10, 0xe9, 0xb1, 0x09, 0x01, 0x2b, 0xb1, 0x07, 0x04, 0x11, 0x12,
  0xb1, 0x03, 0x02, 0x39, 0x39, 0x00, 0xb1, 0x00, 0x05, 0x11, 0x12, 0xb0, 0x02, 0x39, 0x30, 0x31,
  0x03, 0x33, 0x17, 0x23, 0x03, 0x11, 0x33, 0x11, 0x68, 0xed, 0xba, 0x9d, 0x0f, 0xbb, 0x05, 0xcd,
  0xee, 0xfb, 0x21, 0x04, 0x4e, 0xfb, 0xb2, 0x00, 0x00, 0x02, 0x00, 0x93, 0x00, 0x00, 0x02, 0x4a,
  0x05, 0xcd, 0x00, 0x03, 0x00, 0x07, 0x00, 0x34, 0x00, 0xb2, 0x00, 0x00, 0x00, 0x2b, 0xb2, 0x05,
  0x02, 0x00, 0x2b, 0xb2, 0x01, 0x01, 0x00, 0x2b, 0x01, 0xb0, 0x08, 0x2f, 0xb0, 0x00, 0xd6, 0xb1,
  0x03, 0x10, 0xe9, 0xb1, 0x09, 0x01, 0x2b, 0xb1, 0x03, 0x00, 0x11, 0x12, 0xb1, 0x04, 0x07, 0x39,
  0x39, 0x00, 0xb1, 0x05, 0x01, 0x11, 0x12, 0xb0, 0x04, 0x39, 0x30, 0x31, 0x33, 0x11, 0x33, 0x11,
  0x03, 0x37, 0x33, 0x05, 0x93, 0xbb, 0xac, 0xb8, 0xf0, 0xfe, 0xf3, 0x04, 0x4e, 0xfb, 0xb2, 0x04,
  0xdf, 0xee, 0xee, 0x00, 0x00, 0x02, 0xff, 0x89, 0x00, 0x00, 0x02, 0x56, 0x05, 0xcd, 0x00, 0x06,
  0x00, 0x0a, 0x00, 0x36, 0x00, 0xb2, 0x07, 0x00, 0x00, 0x2b, 0xb2, 0x01, 0x02, 0x00, 0x2b, 0xb2,
  0x08, 0x01, 0x00, 0x2b, 0x01, 0xb0, 0x0b, 0x2f, 0xb0, 0x07, 0xd6, 0xb1, 0x0a, 0x10, 0xe9, 0xb1,
  0x0c, 0x01, 0x2b, 0xb1, 0x0a, 0x07, 0x11, 0x12, 0xb2, 0x02, 0x01, 0x05, 0x39, 0x39, 0x39, 0x00,
  0xb1, 0x01, 0x08, 0x11, 0x12, 0xb0, 0x00, 0x39, 0x30, 0x31, 0x03, 0x25, 0x33, 0x05, 0x23, 0x27,
  0x07, 0x13, 0x11, 0x33, 0x11, 0x77, 0x01, 0x0f, 0xb6, 0x01, 0x08, 0xc5, 0xa1, 0xa2, 0x45, 0xbb,
  0x04, 0xdf, 0xee, 0xee, 0x6f, 0x6f, 0xfb, 0x21, 0x04, 0x4e, 0xfb, 0xb2, 0x00, 0x03, 0xff, 0xa8,
  0x00, 0x00, 0x02, 0x39, 0x05, 0xcd, 0x00, 0x03, 0x00, 0x07, 0x00, 0x0b, 0x00, 0x42, 0x00, 0xb2,
  0x04, 0x00, 0x00, 0x2b, 0xb2, 0x01, 0x02, 0x00, 0x2b, 0xb0, 0x09, 0x33, 0xb1, 0x00, 0x0b, 0xe9,
  0xb0, 0x08, 0x32, 0xb2, 0x05, 0x01, 0x00, 0x2b, 0x01, 0xb0, 0x0c, 0x2f, 0xb0, 0x00, 0xd6, 0xb1,
  0x03, 0x10, 0xe9, 0xb0, 0x03, 0x10, 0xb1, 0x04, 0x01, 0x2b, 0xb1, 0x07, 0x10, 0xe9, 0xb0, 0x07,
  0x10, 0xb1, 0x08, 0x01, 0x2b, 0xb1, 0x0b, 0x10, 0xe9, 0xb1, 0x0d, 0x01, 0x2b, 0x00, 0x30, 0x31,
  0x03, 0x35, 0x33, 0x15, 0x13, 0x11, 0x33, 0x11, 0x13, 0x35, 0x33, 0x15, 0x58, 0xba, 0x31, 0xbb,
  0x2f, 0xbc, 0x05, 0x02, 0xcb, 0xcb, 0xfa, 0xfe, 0x04, 0x4e, 0xfb, 0xb2, 0x05, 0x02, 0xcb, 0xcb,
  0x00, 0x02, 0x00, 0x48, 0xff, 0xe5, 0x04, 0x3f, 0x06, 0x0c, 0x00, 0x1a, 0x00, 0x26, 0x00, 0x52,
  0x00, 0xb2, 0x18, 0x00, 0x00, 0x2b, 0xb1, 0x1e, 0x06, 0xe9, 0xb2, 0x03, 0x01, 0x00, 0x2b, 0xb1,
  0x24, 0x06, 0xe9, 0x01, 0xb0, 0x27, 0x2f, 0xb0, 0x00, 0xd6, 0xb1, 0x1b, 0x13, 0xe9, 0xb0, 0x1b,
  0x10, 0xb1, 0x21, 0x01, 0x2b, 0xb1, 0x15, 0x13, 0xe9, 0xb1, 0x28, 0x01, 0x2b, 0xb1, 0x21, 0x1b,
  0x11, 0x12, 0xb5, 0x03, 0x06, 0x0d, 0x11, 0x13, 0x18, 0x24, 0x17, 0x39, 0xb0, 0x15, 0x11, 0xb0,
  0x12, 0x39, 0x00, 0xb1, 0x24, 0x1e, 0x11, 0x12, 0xb3, 0x00, 0x06, 0x15, 0x05, 0x24, 0x17, 0x39,
  0x30, 0x31, 0x13, 0x10, 0x00, 0x33, 0x32, 0x17, 0x37, 0x26, 0x27, 0x07, 0x27, 0x37, 0x26, 0x27,
  0x37, 0x16, 0x17, 0x37, 0x17, 0x07, 0x00, 0x11, 0x10, 0x00, 0x23, 0x22, 0x00, 0x13, 0x14, 0x16,
  0x33, 0x32, 0x36, 0x35, 0x34, 0x26, 0x23, 0x22, 0x06, 0x48, 0x01, 0x0a, 0xd1, 0xc7, 0x74, 0x02,
  0x54, 0xc4, 0x98, 0x5c, 0xa0, 0x40, 0x62, 0x87, 0x68, 0x50, 0x90, 0x5e, 0x9c, 0x01, 0x5c, 0xfe,
  0xe9, 0xed, 0xe8, 0xfe, 0xf5, 0xca, 0x99, 0x92, 0x8b, 0xad, 0xb0, 0x88, 0x91, 0x9a, 0x02, 0x25,
  0x01, 0x04, 0x01, 0x37, 0xa2, 0x03, 0xbf, 0x88, 0x5c, 0x31, 0x62, 0x26, 0x2c, 0x7b, 0x33, 0x35,
  0x58, 0x35, 0x61, 0xfe, 0xe5, 0xfe, 0x3c, 0xfe, 0xb7, 0xfe, 0xa7, 0x01, 0x35, 0x01, 0x0b, 0xc2,
  0xde, 0xd5, 0xcb, 0xc8, 0xd4, 0xde, 0x00, 0x00, 0x00, 0x02, 0x00, 0x93, 0x00, 0x00, 0x04, 0x1d,
  0x05, 0xd3, 0x00, 0x14, 0x00, 0x2c, 0x00, 0x8d, 0x00, 0xb2, 0x00, 0x00, 0x00, 0x2b, 0xb0, 0x08,
  0x33, 0xb2, 0x18, 0x02, 0x00, 0x2b, 0xb0, 0x20, 0x33, 0xb1, 0x29, 0x04, 0xe9, 0xb3, 0x1d, 0x18,
  0x29, 0x08, 0x2b, 0xb1, 0x24, 0x04, 0xe9, 0xb2, 0x01, 0x01, 0x00, 0x2b, 0xb2, 0x05, 0x01, 0x00,
  0x2b, 0xb1, 0x10, 0x07, 0xe9, 0x01, 0xb0, 0x2d, 0x2f, 0xb0, 0x00, 0xd6, 0xb1, 0x14, 0x10, 0xe9,
  0xb0, 0x02, 0x32, 0xb0, 0x14, 0x10, 0xb0, 0x2c, 0x20, 0xd6, 0x11, 0xb4, 0x15, 0x0e, 0x00, 0x61,
  0x04, 0x2b, 0xb0, 0x15, 0x2f, 0xb4, 0x2c, 0x0e, 0x00, 0x61, 0x04, 0x2b, 0xb0, 0x14, 0x10, 0xb1,
  0x09, 0x01, 0x2b, 0xb0, 0x20, 0x32, 0xb1, 0x08, 0x10, 0xe9, 0xb4, 0x21, 0x0e, 0x00, 0x61, 0x04,
  0x2b, 0xb1, 0x2e, 0x01, 0x2b, 0xb1, 0x09, 0x2c, 0x11, 0x12, 0xb3, 0x05, 0x18, 0x10, 0x24, 0x24,
  0x17, 0x39, 0x00, 0xb1, 0x10, 0x00, 0x11, 0x12, 0xb0, 0x03, 0x39, 0xb1, 0x29, 0x24, 0x11, 0x12,
  0xb0, 0x15, 0x39, 0x30, 0x31, 0x33, 0x11, 0x33, 0x15, 0x36, 0x33, 0x20, 0x19, 0x01, 0x23, 0x11,
  0x34, 0x2e, 0x03, 0x23, 0x22, 0x06, 0x15, 0x11, 0x03, 0x3e, 0x01, 0x33, 0x32, 0x1e, 0x02, 0x33,
  0x32, 0x36, 0x37, 0x33, 0x0e, 0x01, 0x23, 0x22, 0x2e, 0x02, 0x23, 0x22, 0x06, 0x07, 0x93, 0xbb,
  0x6f, 0xf5, 0x01, 0x6b, 0xbb, 0x09, 0x1d, 0x34, 0x59, 0x3e, 0x89, 0x9a, 0x5a, 0x14, 0x7c, 0x5b,
  0x2a, 0x51, 0x36, 0x45, 0x1f, 0x27, 0x33, 0x06, 0x91, 0x15, 0x80, 0x58, 0x29, 0x54, 0x39, 0x45,
  0x1c, 0x28, 0x2f, 0x05, 0x04, 0x4e, 0xa6, 0xb8, 0xfe, 0x58, 0xfd, 0x48, 0x02, 0x81, 0x39, 0x54,
  0x57, 0x36, 0x23, 0xb9, 0xaf, 0xfd, 0xaa, 0x04, 0xee, 0x73, 0x72, 0x1f, 0x24, 0x1f, 0x2f, 0x2d,
  0x77, 0x71, 0x1f, 0x25, 0x1f, 0x2f, 0x2b, 0x00, 0x00, 0x03, 0x00, 0x4c, 0xff, 0xe5, 0x04, 0x60,
  0x05, 0xcd, 0x00, 0x0f, 0x00, 0x13, 0x00, 0x23, 0x00, 0x60, 0x00, 0xb2, 0x0d, 0x00, 0x00, 0x2b,
  0xb1, 0x19, 0x07, 0xe9, 0xb2, 0x10, 0x02, 0x00, 0x2b, 0xb2, 0x05, 0x01, 0x00, 0x2b, 0xb1, 0x21,
  0x07, 0xe9, 0x01, 0xb0, 0x24, 0x2f, 0xb0, 0x01, 0xd6, 0xb1, 0x14, 0x12, 0xe9, 0xb0, 0x14, 0x10,
  0xb1, 0x1c, 0x01, 0x2b, 0xb1, 0x09, 0x12, 0xe9, 0xb1, 0x25, 0x01, 0x2b, 0xb1, 0x14, 0x01, 0x11,
  0x12, 0xb0, 0x10, 0x39, 0xb0, 0x1c, 0x11, 0xb6, 0x05, 0x0c, 0x0d, 0x04, 0x11, 0x13, 0x12, 0x24,
  0x17, 0x39, 0x00, 0xb1, 0x21, 0x19, 0x11, 0x12, 0xb3, 0x01, 0x08, 0x09, 0x00, 0x24, 0x17, 0x39,
  0xb1, 0x10, 0x05, 0x11, 0x12, 0xb0, 0x12, 0x39, 0x30, 0x31, 0x12, 0x10, 0x3e, 0x02, 0x32, 0x1e,
  0x02, 0x10, 0x0e, 0x02, 0x22, 0x2e, 0x01, 0x13, 0x33, 0x17, 0x23, 0x03, 0x14, 0x1e, 0x02, 0x33,
  0x32, 0x36, 0x35, 0x34, 0x2e, 0x02, 0x23, 0x22, 0x06, 0x4c, 0x58, 0x95, 0xb7, 0xcc, 0xb7, 0x95,
  0x58, 0x58, 0x95, 0xb7, 0xcc, 0xb7, 0x95, 0x5a, 0xee, 0xba, 0x9e, 0xf6, 0x33, 0x5b, 0x72, 0x44,
  0x8d, 0xb7, 0x33, 0x5b, 0x72, 0x44, 0x90, 0xb4, 0x01, 0x93, 0x01, 0x20, 0xe2, 0x86, 0x45, 0x45,
  0x86, 0xe2, 0xfe, 0xe0, 0xe2, 0x87, 0x45, 0x45, 0x87, 0x05, 0x1c, 0xee, 0xfd, 0x44, 0x6a, 0xa2,
  0x5f, 0x2f, 0xd0, 0xca, 0x6a, 0xa1, 0x5f, 0x2f, 0xc5, 0x00, 0x00, 0x00, 0x00, 0x03, 0x00, 0x4c,
  0xff, 0xe5, 0x04, 0x60, 0x05, 0xcd, 0x00, 0x0f, 0x00, 0x1f, 0x00, 0x23, 0x00, 0x60, 0x00, 0xb2,
  0x0d, 0x00, 0x00, 0x2b, 0xb1, 0x15, 0x07, 0xe9, 0xb2, 0x21, 0x02, 0x00, 0x2b, 0xb2, 0x05, 0x01,
  0x00, 0x2b, 0xb1, 0x1d, 0x07, 0xe9, 0x01, 0xb0, 0x24, 0x2f, 0xb0, 0x01, 0xd6, 0xb1, 0x10, 0x12,
  0xe9, 0xb0, 0x10, 0x10, 0xb1, 0x18, 0x01, 0x2b, 0xb1, 0x09, 0x12, 0xe9, 0xb1, 0x25, 0x01, 0x2b,
  0xb1, 0x18, 0x10, 0x11, 0x12, 0xb6, 0x05, 0x0c, 0x0d, 0x04, 0x20, 0x21, 0x23, 0x24, 0x17, 0x39,
  0xb0, 0x09, 0x11, 0xb0, 0x22, 0x39, 0x00, 0xb1, 0x1d, 0x15, 0x11, 0x12, 0xb3, 0x01, 0x08, 0x09,
  0x00, 0x24, 0x17, 0x39, 0xb1, 0x21, 0x05, 0x11, 0x12, 0xb0, 0x20, 0x39, 0x30, 0x31, 0x12, 0x10,
  0x3e, 0x02, 0x32, 0x1e, 0x02, 0x10, 0x0e, 0x02, 0x22, 0x2e, 0x01, 0x13, 0x14, 0x1e, 0x02, 0x33,
  0x32, 0x36, 0x35, 0x34, 0x2e, 0x02, 0x23, 0x22, 0x06, 0x13, 0x37, 0x33, 0x05, 0x4c, 0x58, 0x95,
  0xb7, 0xcc, 0xb7, 0x95, 0x58, 0x58, 0x95, 0xb7, 0xcc, 0xb7, 0x95, 0x6e, 0x33, 0x5b, 0x72, 0x44,
  0x8d, 0xb7, 0x33, 0x5b, 0x72, 0x44, 0x90, 0xb4, 0xf6, 0xb9, 0xef, 0xfe, 0xf4, 0x01, 0x93, 0x01,
  0x20, 0xe2, 0x86, 0x45, 0x45, 0x86, 0xe2, 0xfe, 0xe0, 0xe2, 0x87, 0x45, 0x45, 0x87, 0x01, 0x72,
  0x6a, 0xa2, 0x5f, 0x2f, 0xd0, 0xca, 0x6a, 0xa1, 0x5f, 0x2f, 0xc5, 0x01, 0xe8, 0xee, 0xee, 0x00,
  0x00, 0x03, 0x00, 0x4c, 0xff, 0xe5, 0x04, 0x60, 0x05, 0xcd, 0x00, 0x0f, 0x00, 0x16, 0x00, 0x26,
  0x00, 0x67, 0x00, 0xb2, 0x0d, 0x00, 0x00, 0x2b, 0xb1, 0x1c, 0x07, 0xe9, 0xb2, 0x11, 0x02, 0x00,
  0x2b, 0xb2, 0x05, 0x01, 0x00, 0x2b, 0xb1, 0x24, 0x07, 0xe9, 0x01, 0xb0, 0x27, 0x2f, 0xb0, 0x01,
  0xd6, 0xb1, 0x17, 0x12, 0xe9, 0xb0, 0x17, 0x10, 0xb1, 0x1f, 0x01, 0x2b, 0xb1, 0x09, 0x12, 0xe9,
  0xb1, 0x28, 0x01, 0x2b, 0xb1, 0x17, 0x01, 0x11, 0x12, 0xb0, 0x10, 0x39, 0xb0, 0x1f, 0x11, 0xb7,
  0x05, 0x0c, 0x0d, 0x04, 0x12, 0x14, 0x11, 0x16, 0x24, 0x17, 0x39, 0xb0, 0x09, 0x12, 0xb0, 0x13,
  0x39, 0x00, 0xb1, 0x24, 0x1c, 0x11, 0x12, 0xb3, 0x01, 0x08, 0x09, 0x00, 0x24, 0x17, 0x39, 0xb1,
  0x11, 0x05, 0x11, 0x12, 0xb0, 0x10, 0x39, 0x30, 0x31, 0x12, 0x10, 0x3e, 0x02, 0x32, 0x1e, 0x02,
  0x10, 0x0e, 0x02, 0x22, 0x2e, 0x01, 0x13, 0x25, 0x33, 0x05, 0x23, 0x27, 0x07, 0x03, 0x14, 0x1e,
  0x02, 0x33, 0x32, 0x36, 0x35, 0x34, 0x2e, 0x02, 0x23, 0x22, 0x06, 0x4c, 0x58, 0x95, 0xb7, 0xcc,
  0xb7, 0x95, 0x58, 0x58, 0x95, 0xb7, 0xcc, 0xb7, 0x95, 0x4c, 0x01, 0x0e, 0xb6, 0x01, 0x08, 0xc4,
  0xa2, 0xa2, 0xa2, 0x33, 0x5b, 0x72, 0x44, 0x8d, 0xb7, 0x33, 0x5b, 0x72, 0x44, 0x90, 0xb4, 0x01,
  0x93, 0x01, 0x20, 0xe2, 0x86, 0x45, 0x45, 0x86, 0xe2, 0xfe, 0xe0, 0xe2, 0x87, 0x45, 0x45, 0x87,
  0x04, 0x2e, 0xee, 0xee, 0x6f, 0x6f, 0xfd, 0x44, 0x6a, 0xa2, 0x5f, 0x2f, 0xd0, 0xca, 0x6a, 0xa1,
  0x5f, 0x2f, 0xc5, 0x00, 0x00, 0x03, 0x00, 0x4c, 0xff, 0xe5, 0x04, 0x60, 0x05, 0xd3, 0x00, 0x0f,
  0x00, 0x26, 0x00, 0x36, 0x00, 0x90, 0x00, 0xb2, 0x0d, 0x00, 0x00, 0x2b, 0xb1, 0x2c, 0x07, 0xe9,
  0xb2, 0x13, 0x02, 0x00, 0x2b, 0xb0, 0x1a, 0x33, 0xb1, 0x23, 0x04, 0xe9, 0xb3, 0x17, 0x13, 0x23,
  0x08, 0x2b, 0xb1, 0x1e, 0x04, 0xe9, 0xb2, 0x05, 0x01, 0x00, 0x2b, 0xb1, 0x34, 0x07, 0xe9, 0x01,
  0xb0, 0x37, 0x2f, 0xb0, 0x01, 0xd6, 0xb1, 0x27, 0x12, 0xe9, 0xb3, 0x10, 0x27, 0x01, 0x08, 0x2b,
  0xb4, 0x26, 0x0e, 0x00, 0x61, 0x04, 0x2b, 0xb0, 0x27, 0x10, 0xb1, 0x2f, 0x01, 0x2b, 0xb1, 0x09,
  0x12, 0xe9, 0xb3, 0x1b, 0x09, 0x2f, 0x08, 0x2b, 0xb4, 0x1a, 0x0e, 0x00, 0x61, 0x04, 0x2b, 0xb0,
  0x1a, 0x2f, 0xb4, 0x1b, 0x0e, 0x00, 0x61, 0x04, 0x2b, 0xb1, 0x38, 0x01, 0x2b, 0xb1, 0x1a, 0x26,
  0x11, 0x12, 0xb7, 0x05, 0x0c, 0x0d, 0x04, 0x13, 0x1e, 0x2c, 0x34, 0x24, 0x17, 0x39, 0x00, 0xb1,
  0x34, 0x2c, 0x11, 0x12, 0xb3, 0x01, 0x08, 0x09, 0x00, 0x24, 0x17, 0x39, 0xb1, 0x23, 0x1e, 0x11,
  0x12, 0xb0, 0x10, 0x39, 0x30, 0x31, 0x12, 0x10, 0x3e, 0x02, 0x32, 0x1e, 0x02, 0x10, 0x0e, 0x02,
  0x22, 0x2e, 0x01, 0x13, 0x3e, 0x01, 0x33, 0x32, 0x1e, 0x01, 0x33, 0x32, 0x36, 0x37, 0x33, 0x0e,
  0x01, 0x23, 0x22, 0x2e, 0x02, 0x23, 0x22, 0x06, 0x07, 0x03, 0x14, 0x1e, 0x02, 0x33, 0x32, 0x36,
  0x35, 0x34, 0x2e, 0x02, 0x23, 0x22, 0x06, 0x4c, 0x58, 0x95, 0xb7, 0xcc, 0xb7, 0x95, 0x58, 0x58,
  0x95, 0xb7, 0xcc, 0xb7, 0x95, 0x39, 0x14, 0x7d, 0x5b, 0x35, 0x62, 0x57, 0x26, 0x27, 0x33, 0x06,
  0x92, 0x15, 0x81, 0x58, 0x29, 0x54, 0x38, 0x45, 0x1c, 0x28, 0x2f, 0x05, 0x5d, 0x33, 0x5b, 0x72,
  0x44, 0x8d, 0xb7, 0x33, 0x5b, 0x72, 0x44, 0x90, 0xb4, 0x01, 0x93, 0x01, 0x20, 0xe2, 0x86, 0x45,
  0x45, 0x86, 0xe2, 0xfe, 0xe0, 0xe2, 0x87, 0x45, 0x45, 0x87, 0x04, 0x3d, 0x73, 0x72, 0x31, 0x31,
  0x2f, 0x2d, 0x77, 0x71, 0x1f, 0x25, 0x1f, 0x2f, 0x2b, 0xfd, 0x35, 0x6a, 0xa2, 0x5f, 0x2f, 0xd0,
  0xca, 0x6a, 0xa1, 0x5f, 0x2f, 0xc5, 0x00, 0x00, 0x00, 0x04, 0x00, 0x4c, 0xff, 0xe5, 0x04, 0x60,
  0x05, 0xcd, 0x00, 0x0f, 0x00, 0x13, 0x00, 0x23, 0x00, 0x27, 0x00, 0x76, 0x00, 0xb2, 0x0d, 0x00,
  0x00, 0x2b, 0xb1, 0x19, 0x07, 0xe9, 0xb2, 0x11, 0x02, 0x00, 0x2b, 0xb0, 0x25, 0x33, 0xb1, 0x10,
  0x0b, 0xe9, 0xb0, 0x24, 0x32, 0xb2, 0x05, 0x01, 0x00, 0x2b, 0xb1, 0x21, 0x07, 0xe9, 0x01, 0xb0,
  0x28, 0x2f, 0xb0, 0x01, 0xd6, 0xb1, 0x14, 0x12, 0xe9, 0xb3, 0x10, 0x14, 0x01, 0x08, 0x2b, 0xb1,
  0x13, 0x10, 0xe9, 0xb0, 0x14, 0x10, 0xb1, 0x1c, 0x01, 0x2b, 0xb1, 0x09, 0x12, 0xe9, 0xb3, 0x27,
  0x09, 0x1c, 0x08, 0x2b, 0xb1, 0x24, 0x10, 0xe9, 0xb0, 0x24, 0x2f, 0xb1, 0x27, 0x10, 0xe9, 0xb1,
  0x29, 0x01, 0x2b, 0xb1, 0x24, 0x13, 0x11, 0x12, 0xb5, 0x05, 0x0c, 0x0d, 0x04, 0x19, 0x21, 0x24,
  0x17, 0x39, 0x00, 0xb1, 0x21, 0x19, 0x11, 0x12, 0xb3, 0x01, 0x08, 0x09, 0x00, 0x24, 0x17, 0x39,
  0x30, 0x31, 0x12, 0x10, 0x3e, 0x02, 0x32, 0x1e, 0x02, 0x10, 0x0e, 0x02, 0x22, 0x2e, 0x01, 0x13,
  0x35, 0x33, 0x15, 0x03, 0x14, 0x1e, 0x02, 0x33, 0x32, 0x36, 0x35, 0x34, 0x2e, 0x02, 0x23, 0x22,
  0x06, 0x01, 0x35, 0x33, 0x15, 0x4c, 0x58, 0x95, 0xb7, 0xcc, 0xb7, 0x95, 0x58, 0x58, 0x95, 0xb7,
  0xcc, 0xb7, 0x95, 0x6a, 0xbb, 0xb7, 0x33, 0x5b, 0x72, 0x44, 0x8d, 0xb7, 0x33, 0x5b, 0x72, 0x44,
  0x90, 0xb4, 0x01, 0xd1, 0xbd, 0x01, 0x93, 0x01, 0x20, 0xe2, 0x86, 0x45, 0x45, 0x86, 0xe2, 0xfe,
  0xe0, 0xe2, 0x87, 0x45, 0x45, 0x87, 0x04, 0x51, 0xcb, 0xcb, 0xfd, 0x21, 0x6a, 0xa2, 0x5f, 0x2f,
  0xd0, 0xca, 0x6a, 0xa1, 0x5f, 0x2f, 0xc5, 0x02, 0x0b, 0xcb, 0xcb, 0x00, 0x00, 0x03, 0x00, 0xa0,
  0x00, 0x42, 0x04, 0xcd, 0x03, 0xf6, 0x00, 0x03, 0x00, 0x07, 0x00, 0x0b, 0x00, 0x2e, 0x00, 0xb0,
  0x04, 0x2f, 0xb1, 0x05, 0x0c, 0xe9, 0xb0, 0x00, 0x2f, 0xb1, 0x01, 0x0a, 0xe9, 0xb0, 0x08, 0x2f,
  0xb1, 0x09, 0x0c, 0xe9, 0x01, 0xb0, 0x0c, 0x2f, 0xb0, 0x04, 0xd6, 0xb0, 0x08, 0x32, 0xb1, 0x07,
  0x17, 0xe9, 0xb0, 0x0a, 0x32, 0xb1, 0x0d, 0x01, 0x2b, 0x00, 0x30, 0x31, 0x13, 0x35, 0x21, 0x15,
  0x01, 0x35, 0x33, 0x15, 0x03, 0x35, 0x33, 0x15, 0xa0, 0x04, 0x2d, 0xfd, 0x79, 0xeb, 0xeb, 0xeb,
  0x01, 0xb8, 0xb0, 0xb0, 0xfe, 0x8a, 0xeb, 0xeb, 0x02, 0xc8, 0xec, 0xec, 0x00, 0x03, 0x00, 0x4c,
  0xff, 0xe5, 0x04, 0x60, 0x04, 0x60, 0x00, 0x17, 0x00, 0x1f, 0x00, 0x27, 0x00, 0x6d, 0x00, 0xb2,
  0x11, 0x00, 0x00, 0x2b, 0xb0, 0x14, 0x33, 0xb1, 0x22, 0x07, 0xe9, 0xb2, 0x05, 0x01, 0x00, 0x2b,
  0xb1, 0x1d, 0x07, 0xe9, 0x01, 0xb0, 0x28, 0x2f, 0xb0, 0x00, 0xd6, 0xb1, 0x18, 0x12, 0xe9, 0xb0,
  0x18, 0x10, 0xb1, 0x25, 0x01, 0x2b, 0xb1, 0x0c, 0x12, 0xe9, 0xb1, 0x29, 0x01, 0x2b, 0xb1, 0x18,
  0x00, 0x11, 0x12, 0xb0, 0x13, 0x39, 0xb0, 0x25, 0x11, 0xb3, 0x11, 0x05, 0x1b, 0x20, 0x24, 0x17,
  0x39, 0xb0, 0x0c, 0x12, 0xb0, 0x07, 0x39, 0x00, 0xb1, 0x22, 0x11, 0x11, 0x12, 0xb1, 0x13, 0x15,
  0x39, 0x39, 0xb0, 0x1d, 0x11, 0xb5, 0x0a, 0x0c, 0x16, 0x00, 0x1a, 0x27, 0x24, 0x17, 0x39, 0xb0,
  0x05, 0x12, 0xb2, 0x07, 0x08, 0x09, 0x39, 0x39, 0x39, 0x30, 0x31, 0x13, 0x34, 0x3e, 0x02, 0x33,
  0x32, 0x17, 0x37, 0x17, 0x07, 0x16, 0x15, 0x14, 0x0e, 0x02, 0x23, 0x22, 0x27, 0x07, 0x27, 0x37,
  0x26, 0x37, 0x14, 0x17, 0x01, 0x26, 0x23, 0x22, 0x06, 0x13, 0x16, 0x33, 0x32, 0x36, 0x35, 0x34,
  0x27, 0x4c, 0x58, 0x95, 0xb7, 0x66, 0xc2, 0x88, 0x50, 0x54, 0x56, 0x72, 0x58, 0x95, 0xb7, 0x66,
  0xc4, 0x86, 0x60, 0x50, 0x62, 0x72, 0xc6, 0x2d, 0x01, 0xec, 0x55, 0x80, 0x90, 0xb4, 0x6d, 0x53,
  0x84, 0x8d, 0xb7, 0x2d, 0x02, 0x23, 0x90, 0xe2, 0x86, 0x45, 0x70, 0x5c, 0x48, 0x62, 0x96, 0xe9,
  0x90, 0xe2, 0x87, 0x45, 0x6f, 0x6f, 0x4a, 0x73, 0x96, 0xeb, 0x92, 0x5c, 0x02, 0x35, 0x52, 0xc5,
  0xfd, 0xe2, 0x50, 0xd0, 0xca, 0x85, 0x66, 0x00, 0x00, 0x02, 0x00, 0x83, 0xff, 0xe5, 0x03, 0xf8,
  0x05, 0xcd, 0x00, 0x14, 0x00, 0x18, 0x00, 0x5d, 0x00, 0xb2, 0x10, 0x00, 0x00, 0x2b, 0xb2, 0x13,
  0x00, 0x00, 0x2b, 0xb1, 0x09, 0x07, 0xe9, 0xb2, 0x15, 0x02, 0x00, 0x2b, 0xb2, 0x01, 0x01, 0x00,
  0x2b, 0xb0, 0x0d, 0x33, 0x01, 0xb0, 0x19, 0x2f, 0xb0, 0x00, 0xd6, 0xb1, 0x03, 0x10, 0xe9, 0xb0,
  0x03, 0x10, 0xb1, 0x10, 0x01, 0x2b, 0xb0, 0x0c, 0x32, 0xb1, 0x0f, 0x10, 0xe9, 0xb1, 0x1a, 0x01,
  0x2b, 0xb1, 0x03, 0x00, 0x11, 0x12, 0xb0, 0x15, 0x39, 0xb0, 0x10, 0x11, 0xb3, 0x13, 0x16, 0x17,
  0x18, 0x24, 0x17, 0x39, 0x00, 0xb1, 0x01, 0x09, 0x11, 0x12, 0xb0, 0x11, 0x39, 0xb0, 0x15, 0x11,
  0xb0, 0x17, 0x39, 0x30, 0x31, 0x13, 0x11, 0x33, 0x11, 0x14, 0x1e, 0x03, 0x33, 0x32, 0x36, 0x35,
  0x11, 0x33, 0x11, 0x23, 0x35, 0x06, 0x23, 0x20, 0x13, 0x33, 0x17, 0x23, 0x83, 0xba, 0x09, 0x1d,
  0x31, 0x56, 0x3b, 0x85, 0x93, 0xbb, 0xbb, 0x70, 0xea, 0xfe, 0xa0, 0x91, 0xee, 0xba, 0x9d, 0x01,
  0x8d, 0x02, 0xc1, 0xfd, 0x77, 0x39, 0x54, 0x57, 0x37, 0x23, 0xba, 0xaf, 0x02, 0x5e, 0xfb, 0xb2,
  0x9e, 0xb9, 0x05, 0xe8, 0xee, 0x00, 0x00, 0x00, 0x00, 0x02, 0x00, 0x83, 0xff, 0xe5, 0x03, 0xf8,
  0x05, 0xcd, 0x00, 0x14, 0x00, 0x18, 0x00, 0x5d, 0x00, 0xb2, 0x10, 0x00, 0x00, 0x2b, 0xb2, 0x13,
  0x00, 0x00, 0x2b, 0xb1, 0x09, 0x07, 0xe9, 0xb2, 0x16, 0x02, 0x00, 0x2b, 0xb2, 0x01, 0x01, 0x00,
  0x2b, 0xb0, 0x0d, 0x33, 0x01, 0xb0, 0x19, 0x2f, 0xb0, 0x00, 0xd6, 0xb1, 0x03, 0x10, 0xe9, 0xb0,
  0x03, 0x10, 0xb1, 0x10, 0x01, 0x2b, 0xb0, 0x0c, 0x32, 0xb1, 0x0f, 0x10, 0xe9, 0xb1, 0x1a, 0x01,
  0x2b, 0xb1, 0x10, 0x03, 0x11, 0x12, 0xb3, 0x13, 0x15, 0x16, 0x18, 0x24, 0x17, 0x39, 0xb0, 0x0f,
  0x11, 0xb0, 0x17, 0x39, 0x00, 0xb1, 0x01, 0x09, 0x11, 0x12, 0xb0, 0x11, 0x39, 0xb0, 0x16, 0x11,
  0xb0, 0x15, 0x39, 0x30, 0x31, 0x13, 0x11, 0x33, 0x11, 0x14, 0x1e, 0x03, 0x33, 0x32, 0x36, 0x35,
  0x11, 0x33, 0x11, 0x23, 0x35, 0x06, 0x23, 0x20, 0x01, 0x37, 0x33, 0x05, 0x83, 0xba, 0x09, 0x1d,
  0x31, 0x56, 0x3b, 0x85, 0x93, 0xbb, 0xbb, 0x70, 0xea, 0xfe, 0xa0, 0x01, 0x73, 0xb8, 0xf0, 0xfe,
  0xf3, 0x01, 0x8d, 0x02, 0xc1, 0xfd, 0x77, 0x39, 0x54, 0x57, 0x37, 0x23, 0xba, 0xaf, 0x02, 0x5e,
  0xfb, 0xb2, 0x9e, 0xb9, 0x04, 0xfa, 0xee, 0xee, 0x00, 0x02, 0x00, 0x83, 0xff, 0xe5, 0x03, 0xf8,
  0x05, 0xcd, 0x00, 0x14, 0x00, 0x1b, 0x00, 0x64, 0x00, 0xb2, 0x10, 0x00, 0x00, 0x2b, 0xb2, 0x13,
  0x00, 0x00, 0x2b, 0xb1, 0x09, 0x07, 0xe9, 0xb2, 0x16, 0x02, 0x00, 0x2b, 0xb2, 0x01, 0x01, 0x00,
  0x2b, 0xb0, 0x0d, 0x33, 0x01, 0xb0, 0x1c, 0x2f, 0xb0, 0x00, 0xd6, 0xb1, 0x03, 0x10, 0xe9, 0xb0,
  0x03, 0x10, 0xb1, 0x10, 0x01, 0x2b, 0xb0, 0x0c, 0x32, 0xb1, 0x0f, 0x10, 0xe9, 0xb1, 0x1d, 0x01,
  0x2b, 0xb1, 0x03, 0x00, 0x11, 0x12, 0xb0, 0x15, 0x39, 0xb0, 0x10, 0x11, 0xb4, 0x13, 0x16, 0x17,
  0x19, 0x1b, 0x24, 0x17, 0x39, 0xb0, 0x0f, 0x12, 0xb0, 0x18, 0x39, 0x00, 0xb1, 0x01, 0x09, 0x11,
  0x12, 0xb0, 0x11, 0x39, 0xb0, 0x16, 0x11, 0xb0, 0x15, 0x39, 0x30, 0x31, 0x13, 0x11, 0x33, 0x11,
  0x14, 0x1e, 0x03, 0x33, 0x32, 0x36, 0x35, 0x11, 0x33, 0x11, 0x23, 0x35, 0x06, 0x23, 0x20, 0x13,
  0x25, 0x33, 0x05, 0x23, 0x27, 0x07, 0x83, 0xba, 0x09, 0x1d, 0x31, 0x56, 0x3b, 0x85, 0x93, 0xbb,
  0xbb, 0x70, 0xea, 0xfe, 0xa0, 0x5a, 0x01, 0x0f, 0xb6, 0x01, 0x08, 0xc5, 0xa1, 0xa2, 0x01, 0x8d,
  0x02, 0xc1, 0xfd, 0x77, 0x39, 0x54, 0x57, 0x37, 0x23, 0xba, 0xaf, 0x02, 0x5e, 0xfb, 0xb2, 0x9e,
  0xb9, 0x04, 0xfa, 0xee, 0xee, 0x6f, 0x6f, 0x00, 0x00, 0x03, 0x00, 0x83, 0xff, 0xe5, 0x03, 0xf8,
  0x05, 0xcd, 0x00, 0x14, 0x00, 0x18, 0x00, 0x1c, 0x00, 0x73, 0x00, 0xb2, 0x10, 0x00, 0x00, 0x2b,
  0xb2, 0x13, 0x00, 0x00, 0x2b, 0xb1, 0x09, 0x07, 0xe9, 0xb2, 0x16, 0x02, 0x00, 0x2b, 0xb0, 0x1a,
  0x33, 0xb1, 0x15, 0x0b, 0xe9, 0xb0, 0x19, 0x32, 0xb2, 0x01, 0x01, 0x00, 0x2b, 0xb0, 0x0d, 0x33,
  0x01, 0xb0, 0x1d, 0x2f, 0xb0, 0x00, 0xd6, 0xb1, 0x03, 0x10, 0xe9, 0xb3, 0x15, 0x03, 0x00, 0x08,
  0x2b, 0xb1, 0x18, 0x10, 0xe9, 0xb0, 0x03, 0x10, 0xb1, 0x10, 0x01, 0x2b, 0xb0, 0x0c, 0x32, 0xb1,
  0x0f, 0x10, 0xe9, 0xb3, 0x1c, 0x0f, 0x10, 0x08, 0x2b, 0xb1, 0x19, 0x10, 0xe9, 0xb0, 0x19, 0x2f,
  0xb1, 0x1c, 0x10, 0xe9, 0xb1, 0x1e, 0x01, 0x2b, 0xb1, 0x19, 0x18, 0x11, 0x12, 0xb1, 0x13, 0x09,
  0x39, 0x39, 0x00, 0xb1, 0x01, 0x09, 0x11, 0x12, 0xb0, 0x11, 0x39, 0x30, 0x31, 0x13, 0x11, 0x33,
  0x11, 0x14, 0x1e, 0x03, 0x33, 0x32, 0x36, 0x35, 0x11, 0x33, 0x11, 0x23, 0x35, 0x06, 0x23, 0x20,
  0x13, 0x35, 0x33, 0x15, 0x21, 0x35, 0x33, 0x15, 0x83, 0xba, 0x09, 0x1d, 0x31, 0x56, 0x3b, 0x85,
  0x93, 0xbb, 0xbb, 0x70, 0xea, 0xfe, 0xa0, 0x79, 0xba, 0x01, 0x1b, 0xbc, 0x01, 0x8d, 0x02, 0xc1,
  0xfd, 0x77, 0x39, 0x54, 0x57, 0x37, 0x23, 0xba, 0xaf, 0x02, 0x5e, 0xfb, 0xb2, 0x9e, 0xb9, 0x05,
  0x1d, 0xcb, 0xcb, 0xcb, 0xcb, 0x00, 0x00, 0x00, 0x00, 0x02, 0x00, 0x00, 0xfe, 0x9a, 0x03, 0xba,
  0x05, 0xcd, 0x00, 0x15, 0x00, 0x19, 0x00, 0x3d, 0x00, 0xb2, 0x17, 0x02, 0x00, 0x2b, 0xb2, 0x00,
  0x01, 0x00, 0x2b, 0xb0, 0x03, 0x33, 0xb0, 0x0c, 0x2f, 0xb1, 0x0d, 0x05, 0xe9, 0x01, 0xb0, 0x1a,
  0x2f, 0xb0, 0x03, 0xd6, 0xb1, 0x04, 0x11, 0xe9, 0xb1, 0x1b, 0x01, 0x2b, 0xb1, 0x04, 0x03, 0x11,
  0x12, 0xb0, 0x18, 0x39, 0x00, 0xb1, 0x00, 0x0d, 0x11, 0x12, 0xb0, 0x02, 0x39, 0xb0, 0x17, 0x11,
  0xb0, 0x16, 0x39, 0x30, 0x31, 0x11, 0x33, 0x09, 0x01, 0x33, 0x01, 0x0e, 0x04, 0x2b, 0x01, 0x35,
  0x33, 0x32, 0x3e, 0x03, 0x3f, 0x01, 0x03, 0x37, 0x33, 0x05, 0xcf, 0x01, 0x18, 0x01, 0x11, 0xc2,
  0xfe, 0x77, 0x1a, 0x2b, 0x3a, 0x4d, 0x68, 0x4b, 0x60, 0x4c, 0x2b, 0x30, 0x39, 0x22, 0x22, 0x0f,
  0x08, 0x04, 0xb9, 0xef, 0xfe, 0xf4, 0x04, 0x4e, 0xfc, 0xae, 0x03, 0x52, 0xfb, 0x83, 0x4e, 0x5f,
  0x4f, 0x27, 0x14, 0x9b, 0x04, 0x13, 0x27, 0x43, 0x33, 0x17, 0x04, 0xdf, 0xee, 0xee, 0x00, 0x00,
  0x00, 0x02, 0x00, 0x93, 0xfe, 0x9a, 0x04, 0x83, 0x05, 0xcd, 0x00, 0x0e, 0x00, 0x1c, 0x00, 0x5c,
  0x00, 0xb2, 0x0b, 0x00, 0x00, 0x2b, 0xb1, 0x14, 0x06, 0xe9, 0xb2, 0x01, 0x02, 0x00, 0x2b, 0xb2,
  0x05, 0x01, 0x00, 0x2b, 0xb1, 0x19, 0x06, 0xe9, 0xb0, 0x00, 0x2f, 0x01, 0xb0, 0x1d, 0x2f, 0xb0,
  0x00, 0xd6, 0xb1, 0x0e, 0x10, 0xe9, 0xb0, 0x02, 0x32, 0xb0, 0x0e, 0x10, 0xb1, 0x17, 0x01, 0x2b,
  0xb1, 0x08, 0x12, 0xe9, 0xb1, 0x1e, 0x01, 0x2b, 0xb1, 0x0e, 0x00, 0x11, 0x12, 0xb1, 0x0f, 0x10,
  0x39, 0x39, 0xb0, 0x17, 0x11, 0xb3, 0x05, 0x0b, 0x14, 0x19, 0x24, 0x17, 0x39, 0x00, 0xb1, 0x19,
  0x14, 0x11, 0x12, 0xb2, 0x08, 0x0d, 0x03, 0x39, 0x39, 0x39, 0x30, 0x31, 0x13, 0x11, 0x33, 0x11,
  0x36, 0x33, 0x32, 0x00, 0x11, 0x10, 0x00, 0x23, 0x22, 0x27, 0x11, 0x02, 0x14, 0x1e, 0x02, 0x33,
  0x32, 0x36, 0x10, 0x26, 0x23, 0x22, 0x0e, 0x01, 0x93, 0xbb, 0x70, 0xf8, 0xc9, 0x01, 0x04, 0xfe,
  0xfc, 0xc9, 0xf8, 0x70, 0x08, 0x35, 0x5b, 0x71, 0x40, 0x95, 0xa0, 0xa0, 0x95, 0x40, 0x71, 0x5b,
  0xfe, 0x9a, 0x07, 0x33, 0xfd, 0xd3, 0xc0, 0xfe, 0xcc, 0xfe, 0xf7, 0xfe, 0xf5, 0xfe, 0xcd, 0xc1,
  0xfd, 0xf4, 0x03, 0xf2, 0xd2, 0xa3, 0x61, 0x31, 0xd9, 0x01, 0x8a, 0xd9, 0x31, 0x61, 0x00, 0x00,
  0x00, 0x03, 0x00, 0x00, 0xfe, 0x9a, 0x03, 0xba, 0x05, 0xcd, 0x00, 0x15, 0x00, 0x19, 0x00, 0x1d,
  0x00, 0x5e, 0x00, 0xb2, 0x17, 0x02, 0x00, 0x2b, 0xb0, 0x1b, 0x33, 0xb1, 0x16, 0x0b, 0xe9, 0xb0,
  0x1a, 0x32, 0xb2, 0x00, 0x01, 0x00, 0x2b, 0xb0, 0x03, 0x33, 0xb0, 0x0c, 0x2f, 0xb1, 0x0d, 0x05,
  0xe9, 0x01, 0xb0, 0x1e, 0x2f, 0xb0, 0x16, 0xd6, 0xb1, 0x19, 0x10, 0xe9, 0xb0, 0x19, 0x10, 0xb1,
  0x1a, 0x01, 0x2b, 0xb1, 0x1d, 0x10, 0xe9, 0xb3, 0x03, 0x1d, 0x1a, 0x08, 0x2b, 0xb1, 0x04, 0x11,
  0xe9, 0xb1, 0x1f, 0x01, 0x2b, 0xb1, 0x19, 0x16, 0x11, 0x12, 0xb0, 0x01, 0x39, 0xb0, 0x1a, 0x11,
  0xb1, 0x02, 0x15, 0x39, 0x39, 0x00, 0xb1, 0x00, 0x0d, 0x11, 0x12, 0xb0, 0x02, 0x39, 0x30, 0x31,
  0x11, 0x33, 0x09, 0x01, 0x33, 0x01, 0x0e, 0x04, 0x2b, 0x01, 0x35, 0x33, 0x32, 0x3e, 0x03, 0x3f,
  0x01, 0x03, 0x35, 0x33, 0x15, 0x21, 0x35, 0x33, 0x15, 0xcf, 0x01, 0x18, 0x01, 0x11, 0xc2, 0xfe,
  0x77, 0x1a, 0x2b, 0x3a, 0x4d, 0x68, 0x4b, 0x60, 0x4c, 0x2b, 0x30, 0x39, 0x22, 0x22, 0x0f, 0x08,
  0xf7, 0xba, 0x01, 0x1a, 0xbd, 0x04, 0x4e, 0xfc, 0xae, 0x03, 0x52, 0xfb, 0x83, 0x4e, 0x5f, 0x4f,
  0x27, 0x14, 0x9b, 0x04, 0x13, 0x27, 0x43, 0x33, 0x17, 0x05, 0x02, 0xcb, 0xcb, 0xcb, 0xcb, 0x00,
  0x00, 0x02, 0x00, 0x68, 0xff, 0xe5, 0x08, 0xcb, 0x05, 0xe7, 0x00, 0x19, 0x00, 0x27, 0x00, 0x8b,
  0x00, 0xb2, 0x13, 0x00, 0x00, 0x2b, 0xb1, 0x10, 0x03, 0xe9, 0xb2, 0x16, 0x00, 0x00, 0x2b, 0xb1,
  0x1d, 0x0a, 0xe9, 0xb2, 0x08, 0x02, 0x00, 0x2b, 0xb1, 0x0b, 0x03, 0xe9, 0xb2, 0x05, 0x02, 0x00,
  0x2b, 0xb1, 0x24, 0x0a, 0xe9, 0xb4, 0x0c, 0x0f, 0x16, 0x05, 0x0d, 0x2b, 0xb1, 0x0c, 0x03, 0xe9,
  0x01, 0xb0, 0x28, 0x2f, 0xb0, 0x00, 0xd6, 0xb1, 0x1a, 0x15, 0xe9, 0xb0, 0x1a, 0x10, 0xb1, 0x14,
  0x01, 0x2b, 0xb1, 0x07, 0x1f, 0x32, 0x32, 0xb1, 0x10, 0x0e, 0xe9, 0xb0, 0x0b, 0x32, 0xb2, 0x10,
  0x14, 0x0a, 0x2b, 0xb3, 0x40, 0x10, 0x12, 0x09, 0x2b, 0xb0, 0x09, 0x32, 0xb3, 0x40, 0x10, 0x0e,
  0x09, 0x2b, 0xb1, 0x29, 0x01, 0x2b, 0xb1, 0x14, 0x1a, 0x11, 0x12, 0xb1, 0x05, 0x16, 0x39, 0x39,
  0x00, 0xb1, 0x0f, 0x10, 0x11, 0x12, 0xb0, 0x14, 0x39, 0xb0, 0x0c, 0x11, 0xb2, 0x00, 0x1a, 0x1f,
  0x39, 0x39, 0x39, 0xb0, 0x0b, 0x12, 0xb0, 0x07, 0x39, 0x30, 0x31, 0x13, 0x34, 0x12, 0x36, 0x24,
  0x33, 0x20, 0x17, 0x35, 0x21, 0x15, 0x21, 0x11, 0x21, 0x15, 0x21, 0x11, 0x21, 0x15, 0x21, 0x35,
  0x06, 0x21, 0x22, 0x24, 0x02, 0x37, 0x10, 0x00, 0x20, 0x00, 0x11, 0x34, 0x2e, 0x02, 0x22, 0x0e,
  0x02, 0x68, 0x67, 0xb7, 0x01, 0x05, 0x98, 0x01, 0x3a, 0xab, 0x03, 0xc3, 0xfc, 0xe3, 0x02, 0xee,
  0xfd, 0x12, 0x03, 0x1d, 0xfc, 0x3d, 0xab, 0xfe, 0xc2, 0xd1, 0xfe, 0xc2, 0xa8, 0xd5, 0x01, 0x12,
  0x01, 0xa4, 0x01, 0x11, 0x4b, 0x83, 0xaf, 0xcc, 0xaf, 0x84, 0x4b, 0x02, 0xe7, 0xa5, 0x01, 0x1d,
  0xcb, 0x73, 0xe3, 0xc9, 0xb4, 0xfe, 0x3d, 0xb4, 0xfe, 0x12, 0xb4, 0xcb, 0xe6, 0xc6, 0x01, 0x5c,
  0xe0, 0xfe, 0xea, 0xfe, 0xc5, 0x01, 0x3b, 0x01, 0x16, 0x8b, 0xe3, 0x93, 0x4f, 0x4f, 0x93, 0xe3,
  0x00, 0x03, 0x00, 0x4c, 0xff, 0xe5, 0x07, 0x8f, 0x04, 0x60, 0x00, 0x22, 0x00, 0x30, 0x00, 0x37,
  0x00, 0x9d, 0x00, 0xb2, 0x1f, 0x00, 0x00, 0x2b, 0xb0, 0x1a, 0x33, 0xb1, 0x26, 0x06, 0xe9, 0xb0,
  0x13, 0x32, 0xb2, 0x26, 0x1f, 0x0a, 0x2b, 0xb3, 0x40, 0x26, 0x17, 0x09, 0x2b, 0xb2, 0x05, 0x01,
  0x00, 0x2b, 0xb0, 0x0b, 0x33, 0xb1, 0x2c, 0x06, 0xe9, 0xb0, 0x35, 0x32, 0xb4, 0x31, 0x10, 0x1f,
  0x05, 0x0d, 0x2b, 0xb1, 0x31, 0x05, 0xe9, 0x01, 0xb0, 0x38, 0x2f, 0xb0, 0x01, 0xd6, 0xb1, 0x23,
  0x12, 0xe9, 0xb0, 0x23, 0x10, 0xb1, 0x29, 0x01, 0x2b, 0xb1, 0x10, 0x10, 0xe9, 0xb0, 0x31, 0x32,
  0xb0, 0x10, 0x10, 0xb1, 0x32, 0x01, 0x2b, 0xb1, 0x0f, 0x11, 0xe9, 0xb1, 0x39, 0x01, 0x2b, 0xb1,
  0x29, 0x23, 0x11, 0x12, 0xb1, 0x1f, 0x05, 0x39, 0x39, 0xb0, 0x10, 0x11, 0xb1, 0x08, 0x1c, 0x39,
  0x39, 0xb0, 0x32, 0x12, 0xb3, 0x0b, 0x13, 0x16, 0x1a, 0x24, 0x17, 0x39, 0xb0, 0x0f, 0x11, 0xb0,
  0x17, 0x39, 0x00, 0xb1, 0x10, 0x26, 0x11, 0x12, 0xb1, 0x00, 0x1c, 0x39, 0x39, 0xb0, 0x31, 0x11,
  0xb1, 0x23, 0x29, 0x39, 0x39, 0xb0, 0x2c, 0x12, 0xb1, 0x01, 0x08, 0x39, 0x39, 0x30, 0x31, 0x12,
  0x10, 0x3e, 0x02, 0x33, 0x32, 0x16, 0x17, 0x3e, 0x01, 0x33, 0x32, 0x16, 0x12, 0x07, 0x21, 0x06,
  0x16, 0x33, 0x32, 0x36, 0x37, 0x33, 0x0e, 0x01, 0x23, 0x20, 0x27, 0x0e, 0x01, 0x23, 0x22, 0x2e,
  0x01, 0x13, 0x14, 0x16, 0x33, 0x32, 0x36, 0x35, 0x34, 0x26, 0x23, 0x22, 0x0e, 0x02, 0x05, 0x21,
  0x2e, 0x01, 0x23, 0x22, 0x06, 0x4c, 0x58, 0x95, 0xb7, 0x66, 0x82, 0xd9, 0x43, 0x41, 0xd5, 0x89,
  0xa6, 0xf2, 0x71, 0x0d, 0xfc, 0xbf, 0x01, 0xbd, 0x8c, 0x7a, 0x8b, 0x26, 0xc0, 0x29, 0xfc, 0xc2,
  0xfe, 0xdb, 0x83, 0x43, 0xd7, 0x82, 0x66, 0xb7, 0x95, 0x6e, 0xb6, 0x8e, 0x8d, 0xb7, 0xb6, 0x8e,
  0x44, 0x72, 0x5b, 0x33, 0x03, 0x3e, 0x02, 0x7b, 0x03, 0xa7, 0x8e, 0x8f, 0xae, 0x01, 0x93, 0x01,
  0x20, 0xe2, 0x86, 0x45, 0x6f, 0x70, 0x6b, 0x74, 0xa7, 0xfe, 0xe5, 0xae, 0xa2, 0xc7, 0x5f, 0x59,
  0x98, 0xc2, 0xd9, 0x6d, 0x6c, 0x45, 0x87, 0x01, 0x72, 0xd0, 0xce, 0xd4, 0xca, 0xd0, 0xce, 0x2e,
  0x5f, 0xa4, 0x07, 0x7f, 0xbb, 0xa6, 0x00, 0x00, 0x00, 0x03, 0x00, 0x00, 0x00, 0x00, 0x04, 0xfe,
  0x07, 0x08, 0x00, 0x08, 0x00, 0x0c, 0x00, 0x10, 0x00, 0x53, 0x00, 0xb2, 0x07, 0x00, 0x00, 0x2b,
  0xb2, 0x00, 0x02, 0x00, 0x2b, 0xb0, 0x03, 0x33, 0xb0, 0x09, 0x2f, 0xb0, 0x0d, 0x33, 0xb1, 0x0a,
  0x0b, 0xe9, 0xb0, 0x0e, 0x32, 0x01, 0xb0, 0x11, 0x2f, 0xb0, 0x09, 0xd6, 0xb1, 0x0c, 0x10, 0xe9,
  0xb0, 0x0c, 0x10, 0xb1, 0x07, 0x01, 0x2b, 0xb1, 0x06, 0x0d, 0xe9, 0xb0, 0x06, 0x10, 0xb1, 0x0d,
  0x01, 0x2b, 0xb1, 0x10, 0x10, 0xe9, 0xb1, 0x12, 0x01, 0x2b, 0xb1, 0x06, 0x07, 0x11, 0x12, 0xb0,
  0x02, 0x39, 0x00, 0xb1, 0x00, 0x07, 0x11, 0x12, 0xb0, 0x02, 0x39, 0x30, 0x31, 0x11, 0x33, 0x09,
  0x01, 0x33, 0x01, 0x11, 0x23, 0x11, 0x03, 0x35, 0x33, 0x15, 0x21, 0x35, 0x33, 0x15, 0xe5, 0x01,
  0x96, 0x01, 0x9e, 0xe5, 0xfd, 0xdf, 0xd1, 0xd5, 0xbb, 0x01, 0x1a, 0xbd, 0x05, 0xcd, 0xfd, 0x2b,
  0x02, 0xd5, 0xfc, 0x72, 0xfd, 0xc1, 0x02, 0x44, 0x03, 0xf9, 0xcb, 0xcb, 0xcb, 0xcb, 0x00, 0x00,
  0x00, 0x01, 0x00, 0x2d, 0x04, 0xdf, 0x02, 0xfa, 0x05, 0xcd, 0x00, 0x06, 0x00, 0x20, 0x00, 0xb2,
  0x01, 0x02, 0x00, 0x2b, 0xb1, 0x00, 0x0c, 0xe9, 0xb0, 0x03, 0x32, 0x01, 0xb0, 0x07, 0x2f, 0xb1,
  0x08, 0x01, 0x2b, 0x00, 0xb1, 0x01, 0x00, 0x11, 0x12, 0xb0, 0x05, 0x39, 0x30, 0x31, 0x13, 0x25,
  0x33, 0x05, 0x23, 0x27, 0x07, 0x2d, 0x01, 0x0e, 0xb7, 0x01, 0x08, 0xc5, 0xa2, 0xa1, 0x04, 0xdf,
  0xee, 0xee, 0x6f, 0x6f, 0x00, 0x01, 0x00, 0x2d, 0x04, 0xe5, 0x03, 0x1f, 0x05, 0xd3, 0x00, 0x16,
  0x00, 0x4c, 0x00, 0xb2, 0x03, 0x02, 0x00, 0x2b, 0xb0, 0x0a, 0x33, 0xb1, 0x13, 0x04, 0xe9, 0xb3,
  0x07, 0x03, 0x13, 0x08, 0x2b, 0xb1, 0x0e, 0x04, 0xe9, 0x01, 0xb0, 0x17, 0x2f, 0xb0, 0x00, 0xd6,
  0xb4, 0x16, 0x0e, 0x00, 0x61, 0x04, 0x2b, 0xb0, 0x16, 0x10, 0xb1, 0x0a, 0x01, 0x2b, 0xb4, 0x0b,
  0x0e, 0x00, 0x61, 0x04, 0x2b, 0xb1, 0x18, 0x01, 0x2b, 0xb1, 0x0a, 0x16, 0x11, 0x12, 0xb1, 0x03,
  0x0e, 0x39, 0x39, 0x00, 0xb1, 0x13, 0x0e, 0x11, 0x12, 0xb0, 0x00, 0x39, 0x30, 0x31, 0x13, 0x3e,
  0x01, 0x33, 0x32, 0x1e, 0x01, 0x33, 0x32, 0x36, 0x37, 0x33, 0x0e, 0x01, 0x23, 0x22, 0x2e, 0x02,
  0x23, 0x22, 0x06, 0x07, 0x2d, 0x14, 0x7d, 0x5b, 0x35, 0x62, 0x57, 0x26, 0x27, 0x33, 0x06, 0x92,
  0x15, 0x81, 0x58, 0x29, 0x54, 0x38, 0x45, 0x1c, 0x28, 0x30, 0x05, 0x04, 0xee, 0x73, 0x72, 0x31,
  0x31, 0x2f, 0x2d, 0x77, 0x71, 0x1f, 0x25, 0x1f, 0x2f, 0x2b, 0x00, 0x00, 0x00, 0x01, 0x00, 0x58,
  0x01, 0xd9, 0x02, 0xe3, 0x02, 0x89, 0x00, 0x03, 0x00, 0x00, 0x13, 0x35, 0x21, 0x15, 0x58, 0x02,
  0x8b, 0x01, 0xd9, 0xb0, 0xb0, 0x00, 0x00, 0x00, 0x00, 0x01, 0x00, 0x58, 0x01, 0xd9, 0x02, 0xe3,
  0x02, 0x89, 0x00, 0x03, 0x00, 0x00, 0x13, 0x35, 0x21, 0x15, 0x58, 0x02, 0x8b, 0x01, 0xd9, 0xb0,
  0xb0, 0x00, 0x00, 0x00, 0x00, 0x01, 0x00, 0x58, 0x01, 0xd9, 0x02, 0xe3, 0x02, 0x89, 0x00, 0x03,
  0x00, 0x00, 0x13, 0x35, 0x21, 0x15, 0x58, 0x02, 0x8b, 0x01, 0xd9, 0xb0, 0xb0, 0x00, 0x00, 0x00,
  0x00, 0x01, 0x00, 0x4e, 0x01, 0xd9, 0x03, 0xcd, 0x02, 0x89, 0x00, 0x03, 0x00, 0x17, 0x00, 0xb0,
  0x00, 0x2f, 0xb1, 0x01, 0x0a, 0xe9, 0xb1, 0x01, 0x0a, 0xe9, 0x01, 0xb0, 0x04, 0x2f, 0xb1, 0x05,
  0x01, 0x2b, 0x00, 0x30, 0x31, 0x13, 0x35, 0x21, 0x15, 0x4e, 0x03, 0x7f, 0x01, 0xd9, 0xb0, 0xb0,
  0x00, 0x01, 0x00, 0x42, 0x01, 0xd9, 0x05, 0x87, 0x02, 0x89, 0x00, 0x03, 0x00, 0x17, 0x00, 0xb0,
  0x00, 0x2f, 0xb1, 0x01, 0x0a, 0xe9, 0xb1, 0x01, 0x0a, 0xe9, 0x01, 0xb0, 0x04, 0x2f, 0xb1, 0x05,
  0x01, 0x2b, 0x00, 0x30, 0x31, 0x13, 0x35, 0x21, 0x15, 0x42, 0x05, 0x45, 0x01, 0xd9, 0xb0, 0xb0,
  0x00, 0x01, 0x00, 0x85, 0x03, 0xc5, 0x01, 0x79, 0x05, 0xcd, 0x00, 0x06, 0x00, 0x31, 0x00, 0xb2,
  0x02, 0x02, 0x00, 0x2b, 0xb0, 0x06, 0x2f, 0xb1, 0x04, 0x0c, 0xe9, 0x01, 0xb0, 0x07, 0x2f, 0xb0,
  0x00, 0xd6, 0xb1, 0x06, 0x17, 0xe9, 0xb1, 0x08, 0x01, 0x2b, 0xb1, 0x06, 0x00, 0x11, 0x12, 0xb1,
  0x02, 0x04, 0x39, 0x39, 0x00, 0xb1, 0x02, 0x04, 0x11, 0x12, 0xb0, 0x01, 0x39, 0x30, 0x31, 0x13,
  0x35, 0x13, 0x33, 0x03, 0x33, 0x15, 0x85, 0x7d, 0x77, 0x6b, 0x63, 0x03, 0xc5, 0xfc, 0x01, 0x0c,
  0xfe, 0xe3, 0xeb, 0x00, 0x00, 0x01, 0x00, 0x7d, 0x03, 0xc5, 0x01, 0x71, 0x05, 0xcd, 0x00, 0x06,
  0x00, 0x31, 0x00, 0xb2, 0x03, 0x02, 0x00, 0x2b, 0xb1, 0x02, 0x0c, 0xe9, 0xb2, 0x02, 0x03, 0x0a,
  0x2b, 0xb3, 0x40, 0x02, 0x06, 0x09, 0x2b, 0x01, 0xb0, 0x07, 0x2f, 0xb0, 0x02, 0xd6, 0xb1, 0x05,
  0x17, 0xe9, 0xb1, 0x08, 0x01, 0x2b, 0xb1, 0x05, 0x02, 0x11, 0x12, 0xb1, 0x01, 0x06, 0x39, 0x39,
  0x00, 0x30, 0x31, 0x1b, 0x01, 0x23, 0x35, 0x33, 0x15, 0x03, 0x7d, 0x6c, 0x64, 0xec, 0x7d, 0x03,
  0xc5, 0x01, 0x1c, 0xec, 0xfc, 0xfe, 0xf4, 0x00, 0x00, 0x01, 0x00, 0x7d, 0xfe, 0xe3, 0x01, 0x71,
  0x00, 0xec, 0x00, 0x06, 0x00, 0x36, 0x00, 0xb2, 0x02, 0x00, 0x00, 0x2b, 0xb1, 0x03, 0x0c, 0xe9,
  0xb2, 0x02, 0x03, 0x0a, 0x2b, 0xb3, 0x40, 0x02, 0x06, 0x09, 0x2b, 0xb2, 0x05, 0x00, 0x00, 0x2b,
  0x01, 0xb0, 0x07, 0x2f, 0xb0, 0x02, 0xd6, 0xb1, 0x05, 0x17, 0xe9, 0xb1, 0x08, 0x01, 0x2b, 0xb1,
  0x05, 0x02, 0x11, 0x12, 0xb1, 0x01, 0x06, 0x39, 0x39, 0x00, 0x30, 0x31, 0x1b, 0x01, 0x23, 0x35,
  0x33, 0x15, 0x03, 0x7d, 0x6c, 0x64, 0xec, 0x7d, 0xfe, 0xe3, 0x01, 0x1d, 0xec, 0xfc, 0xfe, 0xf3,
  0x00, 0x02, 0x00, 0x85, 0x03, 0xc5, 0x02, 0xcf, 0x05, 0xcd, 0x00, 0x06, 0x00, 0x0d, 0x00, 0x55,
  0x00, 0xb2, 0x02, 0x02, 0x00, 0x2b, 0xb0, 0x09, 0x33, 0xb0, 0x06, 0x2f, 0xb0, 0x07, 0x33, 0xb1,
  0x04, 0x0c, 0xe9, 0xb0, 0x0b, 0x32, 0x01, 0xb0, 0x0e, 0x2f, 0xb0, 0x00, 0xd6, 0xb1, 0x06, 0x17,
  0xe9, 0xb0, 0x06, 0x10, 0xb1, 0x07, 0x01, 0x2b, 0xb1, 0x0d, 0x17, 0xe9, 0xb1, 0x0f, 0x01, 0x2b,
  0xb1, 0x06, 0x00, 0x11, 0x12, 0xb1, 0x02, 0x04, 0x39, 0x39, 0xb0, 0x07, 0x11, 0xb0, 0x03, 0x39,
  0xb0, 0x0d, 0x12, 0xb1, 0x09, 0x0b, 0x39, 0x39, 0x00, 0xb1, 0x02, 0x04, 0x11, 0x12, 0xb1, 0x01,
  0x08, 0x39, 0x39, 0x30, 0x31, 0x13, 0x35, 0x13, 0x33, 0x03, 0x33, 0x15, 0x33, 0x35, 0x13, 0x33,
  0x03, 0x33, 0x15, 0x85, 0x7d, 0x77, 0x6b, 0x63, 0x6a, 0x7d, 0x77, 0x6b, 0x63, 0x03, 0xc5, 0xfc,
  0x01, 0x0c, 0xfe, 0xe3, 0xeb, 0xfc, 0x01, 0x0c, 0xfe, 0xe3, 0xeb, 0x00, 0x00, 0x02, 0x00, 0x7d,
  0x03, 0xc5, 0x02, 0xc7, 0x05, 0xcd, 0x00, 0x06, 0x00, 0x0d, 0x00, 0x53, 0x00, 0xb2, 0x03, 0x02,
  0x00, 0x2b, 0xb0, 0x0a, 0x33, 0xb1, 0x02, 0x0c, 0xe9, 0xb0, 0x08, 0x32, 0xb2, 0x02, 0x03, 0x0a,
  0x2b, 0xb3, 0x40, 0x02, 0x06, 0x09, 0x2b, 0xb0, 0x07, 0x32, 0x01, 0xb0, 0x0e, 0x2f, 0xb0, 0x02,
  0xd6, 0xb1, 0x05, 0x17, 0xe9, 0xb0, 0x05, 0x10, 0xb1, 0x09, 0x01, 0x2b, 0xb1, 0x0c, 0x17, 0xe9,
  0xb1, 0x0f, 0x01, 0x2b, 0xb1, 0x05, 0x02, 0x11, 0x12, 0xb1, 0x01, 0x06, 0x39, 0x39, 0xb0, 0x09,
  0x11, 0xb0, 0x07, 0x39, 0xb0, 0x0c, 0x12, 0xb1, 0x08, 0x0d, 0x39, 0x39, 0x00, 0x30, 0x31, 0x1b,
  0x01, 0x23, 0x35, 0x33, 0x15, 0x03, 0x33, 0x13, 0x23, 0x35, 0x33, 0x15, 0x03, 0x7d, 0x6c, 0x64,
  0xec, 0x7d, 0xdf, 0x6c, 0x64, 0xec, 0x7d, 0x03, 0xc5, 0x01, 0x1c, 0xec, 0xfc, 0xfe, 0xf4, 0x01,
  0x1c, 0xec, 0xfc, 0xfe, 0xf4, 0x00, 0x00, 0x00, 0x00, 0x02, 0x00, 0x7d, 0xfe, 0xe3, 0x02, 0xdb,
  0x00, 0xec, 0x00, 0x06, 0x00, 0x0d, 0x00, 0x5d, 0x00, 0xb2, 0x02, 0x00, 0x00, 0x2b, 0xb0, 0x08,
  0x33, 0xb1, 0x03, 0x0c, 0xe9, 0xb0, 0x0a, 0x32, 0xb2, 0x02, 0x03, 0x0a, 0x2b, 0xb3, 0x40, 0x02,
  0x06, 0x09, 0x2b, 0xb0, 0x07, 0x32, 0xb2, 0x05, 0x00, 0x00, 0x2b, 0xb2, 0x0c, 0x00, 0x00, 0x2b,
  0x01, 0xb0, 0x0e, 0x2f, 0xb0, 0x02, 0xd6, 0xb1, 0x05, 0x17, 0xe9, 0xb0, 0x05, 0x10, 0xb1, 0x09,
  0x01, 0x2b, 0xb1, 0x0c, 0x17, 0xe9, 0xb1, 0x0f, 0x01, 0x2b, 0xb1, 0x05, 0x02, 0x11, 0x12, 0xb1,
  0x01, 0x06, 0x39, 0x39, 0xb0, 0x09, 0x11, 0xb0, 0x07, 0x39, 0xb0, 0x0c, 0x12, 0xb1, 0x08, 0x0d,
  0x39, 0x39, 0x00, 0x30, 0x31, 0x1b, 0x01, 0x23, 0x35, 0x33, 0x15, 0x03, 0x33, 0x13, 0x23, 0x35,
  0x33, 0x15, 0x03, 0x7d, 0x6c, 0x64, 0xec, 0x7d, 0xf3, 0x6d, 0x64, 0xeb, 0x7d, 0xfe, 0xe3, 0x01,
  0x1d, 0xec, 0xfc, 0xfe, 0xf3, 0x01, 0x1d, 0xec, 0xfc, 0xfe, 0xf3, 0x00, 0x00, 0x01, 0x00, 0x58,
  0x00, 0xc5, 0x03, 0x39, 0x03, 0xa6, 0x00, 0x0b, 0x00, 0x2e, 0x00, 0xb0, 0x09, 0x2f, 0xb4, 0x03,
  0x0c, 0x00, 0x07, 0x04, 0x2b, 0xb4, 0x03, 0x0c, 0x00, 0x07, 0x04, 0x2b, 0x01, 0xb0, 0x0c, 0x2f,
  0xb0, 0x00, 0xd6, 0xb4, 0x06, 0x17, 0x00, 0x07, 0x04, 0x2b, 0xb4, 0x06, 0x17, 0x00, 0x07, 0x04,
  0x2b, 0xb1, 0x0d, 0x01, 0x2b, 0x00, 0x30, 0x31, 0x13, 0x34, 0x36, 0x33, 0x32, 0x16, 0x15, 0x14,
  0x06, 0x23, 0x22, 0x26, 0x58, 0xd5, 0x94, 0xa0, 0xd8, 0xd7, 0xa1, 0x95, 0xd4, 0x02, 0x3b, 0x96,
  0xd5, 0xd3, 0x98, 0xa0, 0xd6, 0xd8, 0x00, 0x00, 0x00, 0x03, 0x00, 0x85, 0x00, 0x00, 0x05, 0x5c,
  0x00, 0xec, 0x00, 0x03, 0x00, 0x07, 0x00, 0x0b, 0x00, 0x45, 0x00, 0xb2, 0x00, 0x00, 0x00, 0x2b,
  0xb1, 0x04, 0x08, 0x33, 0x33, 0xb1, 0x01, 0x0c, 0xe9, 0xb1, 0x05, 0x09, 0x32, 0x32, 0xb2, 0x00,
  0x00, 0x00, 0x2b, 0xb1, 0x01, 0x0c, 0xe9, 0x01, 0xb0, 0x0c, 0x2f, 0xb0, 0x00, 0xd6, 0xb1, 0x03,
  0x17, 0xe9, 0xb0, 0x03, 0x10, 0xb1, 0x04, 0x01, 0x2b, 0xb1, 0x07, 0x17, 0xe9, 0xb0, 0x07, 0x10,
  0xb1, 0x08, 0x01, 0x2b, 0xb1, 0x0b, 0x17, 0xe9, 0xb1, 0x0d, 0x01, 0x2b, 0x00, 0x30, 0x31, 0x33,
  0x35, 0x33, 0x15, 0x21, 0x35, 0x33, 0x15, 0x21, 0x35, 0x33, 0x15, 0x85, 0xec, 0x01, 0x0a, 0xeb,
  0x01, 0x0b, 0xeb, 0xec, 0xec, 0xec, 0xec, 0xec, 0xec, 0x00, 0x00, 0x00, 0x00, 0x01, 0x00, 0x14,
  0x00, 0x5a, 0x02, 0x23, 0x04, 0x02, 0x00, 0x05, 0x00, 0x16, 0x00, 0x01, 0xb0, 0x06, 0x2f, 0xb0,
  0x00, 0xd6, 0xb4, 0x02, 0x17, 0x00, 0x08, 0x04, 0x2b, 0xb1, 0x07, 0x01, 0x2b, 0x00, 0x30, 0x31,
  0x13, 0x01, 0x33, 0x09, 0x01, 0x23, 0x14, 0x01, 0x46, 0xc9, 0xfe, 0xcd, 0x01, 0x33, 0xc9, 0x02,
  0x2f, 0x01, 0xd3, 0xfe, 0x2d, 0xfe, 0x2b, 0x00, 0x00, 0x01, 0x00, 0x2d, 0x00, 0x5a, 0x02, 0x3b,
  0x04, 0x02, 0x00, 0x05, 0x00, 0x21, 0x00, 0x01, 0xb0, 0x06, 0x2f, 0xb0, 0x00, 0xd6, 0xb0, 0x02,
  0x32, 0xb4, 0x04, 0x17, 0x00, 0x08, 0x04, 0x2b, 0xb1, 0x07, 0x01, 0x2b, 0xb1, 0x04, 0x00, 0x11,
  0x12, 0xb0, 0x01, 0x39, 0x00, 0x30, 0x31, 0x37, 0x09, 0x01, 0x33, 0x09, 0x01, 0x2d, 0x01, 0x35,
  0xfe, 0xcb, 0xc9, 0x01, 0x45, 0xfe, 0xbb, 0x5a, 0x01, 0xd5, 0x01, 0xd3, 0xfe, 0x2d, 0xfe, 0x2b,
  0x00, 0x01, 0xff, 0xe1, 0xff, 0xe5, 0x05, 0x73, 0x05, 0xe7, 0x00, 0x2d, 0x00, 0x86, 0x00, 0xb2,
  0x2a, 0x00, 0x00, 0x2b, 0xb1, 0x23, 0x05, 0xe9, 0xb2, 0x23, 0x2a, 0x0a, 0x2b, 0xb3, 0x40, 0x23,
  0x27, 0x09, 0x2b, 0xb2, 0x0c, 0x02, 0x00, 0x2b, 0xb1, 0x13, 0x05, 0xe9, 0xb2, 0x13, 0x0c, 0x0a,
  0x2b, 0xb3, 0x40, 0x13, 0x10, 0x09, 0x2b, 0xb4, 0x00, 0x01, 0x2a, 0x0c, 0x0d, 0x2b, 0xb0, 0x1d,
  0x33, 0xb4, 0x00, 0x04, 0x00, 0x1d, 0x04, 0x2b, 0xb0, 0x1f, 0x32, 0xb4, 0x08, 0x07, 0x2a, 0x0c,
  0x0d, 0x2b, 0xb0, 0x18, 0x33, 0xb4, 0x08, 0x04, 0x00, 0x1d, 0x04, 0x2b, 0xb0, 0x16, 0x32, 0x01,
  0xb0, 0x2e, 0x2f, 0xb0, 0x04, 0xd6, 0xb1, 0x1b, 0x13, 0xe9, 0xb0, 0x1b, 0x10, 0xb1, 0x26, 0x01,
  0x2b, 0xb0, 0x10, 0x32, 0xb1, 0x27, 0x11, 0xe9, 0xb0, 0x0f, 0x32, 0xb1, 0x2f, 0x01, 0x2b, 0xb1,
  0x1b, 0x04, 0x11, 0x12, 0xb1, 0x09, 0x2d, 0x39, 0x39, 0xb0, 0x26, 0x11, 0xb1, 0x0c, 0x2a, 0x39,
  0x39, 0x00, 0x30, 0x31, 0x03, 0x37, 0x33, 0x26, 0x35, 0x34, 0x37, 0x23, 0x37, 0x33, 0x12, 0x00,
  0x33, 0x32, 0x00, 0x17, 0x23, 0x2e, 0x01, 0x23, 0x22, 0x06, 0x07, 0x21, 0x07, 0x21, 0x06, 0x15,
  0x14, 0x17, 0x21, 0x07, 0x21, 0x1e, 0x01, 0x33, 0x32, 0x36, 0x37, 0x33, 0x06, 0x00, 0x23, 0x22,
  0x00, 0x03, 0x1f, 0x58, 0x79, 0x02, 0x02, 0xd1, 0x58, 0x8a, 0x32, 0x01, 0x4a, 0xf8, 0xe1, 0x01,
  0x3d, 0x1a, 0xc3, 0x15, 0xd1, 0x9b, 0x9c, 0xdb, 0x27, 0x02, 0x40, 0x58, 0xfe, 0x06, 0x02, 0x02,
  0x01, 0xac, 0x58, 0xfe, 0xbe, 0x28, 0xd9, 0x9d, 0x9c, 0xd2, 0x17, 0xc3, 0x1a, 0xfe, 0xbd, 0xe5,
  0xfc, 0xfe, 0xbe, 0x30, 0x02, 0x10, 0x83, 0x1d, 0x3e, 0x37, 0x1d, 0x81, 0x01, 0x02, 0x01, 0x22,
  0xfe, 0xf4, 0xdf, 0xa2, 0xae, 0xcb, 0xbe, 0x81, 0x1d, 0x37, 0x3e, 0x1d, 0x83, 0xbf, 0xd0, 0xad,
  0xa3, 0xe2, 0xfe, 0xf6, 0x01, 0x24, 0x01, 0x07, 0x00, 0x02, 0x00, 0x0a, 0x02, 0x9c, 0x06, 0x87,
  0x05, 0xcd, 0x00, 0x07, 0x00, 0x14, 0x00, 0x6f, 0x00, 0xb2, 0x01, 0x02, 0x00, 0x2b, 0xb1, 0x09,
  0x0c, 0x33, 0x33, 0xb4, 0x00, 0x04, 0x00, 0x1d, 0x04, 0x2b, 0xb0, 0x03, 0x32, 0xb2, 0x00, 0x01,
  0x0a, 0x2b, 0xb3, 0x40, 0x00, 0x06, 0x09, 0x2b, 0xb2, 0x08, 0x0e, 0x11, 0x32, 0x32, 0x32, 0x01,
  0xb0, 0x15, 0x2f, 0xb0, 0x06, 0xd6, 0xb1, 0x05, 0x0e, 0xe9, 0xb2, 0x05, 0x06, 0x0a, 0x2b, 0xb3,
  0x40, 0x05, 0x03, 0x09, 0x2b, 0xb2, 0x06, 0x05, 0x0a, 0x2b, 0xb3, 0x40, 0x06, 0x00, 0x09, 0x2b,
  0xb0, 0x05, 0x10, 0xb1, 0x08, 0x01, 0x2b, 0xb1, 0x14, 0x0e, 0xe9, 0xb0, 0x14, 0x10, 0xb1, 0x0f,
  0x01, 0x2b, 0xb1, 0x0e, 0x0e, 0xe9, 0xb1, 0x16, 0x01, 0x2b, 0xb1, 0x0f, 0x14, 0x11, 0x12, 0xb1,
  0x0a, 0x0c, 0x39, 0x39, 0x00, 0x30, 0x31, 0x13, 0x35, 0x21, 0x15, 0x21, 0x11, 0x23, 0x11, 0x01,
  0x11, 0x33, 0x1b, 0x01, 0x33, 0x11, 0x23, 0x11, 0x03, 0x23, 0x03, 0x11, 0x0a, 0x02, 0xa2, 0xff,
  0x00, 0xa2, 0x01, 0xe8, 0xfc, 0xd5, 0xcc, 0xf8, 0xa2, 0xd7, 0xa1, 0xda, 0x05, 0x48, 0x85, 0x85,
  0xfd, 0x54, 0x02, 0xac, 0xfd, 0x54, 0x03, 0x31, 0xfd, 0x9b, 0x02, 0x65, 0xfc, 0xcf, 0x02, 0x5a,
  0xfd, 0xa6, 0x02, 0x5a, 0xfd, 0xa6, 0x00, 0x00, 0x00, 0x01, 0x00, 0x00, 0x00, 0x00, 0x04, 0x52,
  0x04, 0x52, 0x00, 0x03, 0x00, 0x27, 0x00, 0xb2, 0x00, 0x00, 0x00, 0x2b, 0xb2, 0x01, 0x01, 0x00,
  0x2b, 0x01, 0xb0, 0x04, 0x2f, 0xb0, 0x00, 0xd6, 0xb4, 0x03, 0x17, 0x00, 0x07, 0x04, 0x2b, 0xb4,
  0x03, 0x17, 0x00, 0x07, 0x04, 0x2b, 0xb1, 0x05, 0x01, 0x2b, 0x00, 0x30, 0x31, 0x31, 0x11, 0x21,
  0x11, 0x04, 0x52, 0x04, 0x52, 0xfb, 0xae, 0x00, 0x00, 0x03, 0x00, 0x29, 0x00, 0x00, 0x03, 0xcf,
  0x05, 0xcd, 0x00, 0x15, 0x00, 0x19, 0x00, 0x1d, 0x00, 0x71, 0x00, 0xb2, 0x14, 0x00, 0x00, 0x2b,
  0xb0, 0x16, 0x33, 0xb2, 0x1b, 0x02, 0x00, 0x2b, 0xb0, 0x08, 0x33, 0xb1, 0x1a, 0x0c, 0xe9, 0xb2,
  0x1b, 0x02, 0x00, 0x2b, 0xb1, 0x0b, 0x05, 0xe9, 0xb2, 0x01, 0x01, 0x00, 0x2b, 0xb1, 0x0f, 0x17,
  0x33, 0x33, 0xb1, 0x00, 0x04, 0xe9, 0xb0, 0x11, 0x32, 0x01, 0xb0, 0x1e, 0x2f, 0xb0, 0x14, 0xd6,
  0xb0, 0x02, 0x32, 0xb1, 0x13, 0x10, 0xe9, 0xb0, 0x0e, 0x32, 0xb2, 0x13, 0x14, 0x0a, 0x2b, 0xb3,
  0x40, 0x13, 0x11, 0x09, 0x2b, 0xb0, 0x09, 0x32, 0xb2, 0x14, 0x13, 0x0a, 0x2b, 0xb3, 0x40, 0x14,
  0x00, 0x09, 0x2b, 0xb0, 0x13, 0x10, 0xb1, 0x16, 0x01, 0x2b, 0xb0, 0x1a, 0x32, 0xb1, 0x19, 0x10,
  0xe9, 0xb0, 0x1c, 0x32, 0xb1, 0x1f, 0x01, 0x2b, 0x00, 0x30, 0x31, 0x13, 0x35, 0x33, 0x35, 0x34,
  0x3e, 0x02, 0x3b, 0x01, 0x15, 0x23, 0x22, 0x06, 0x1d, 0x01, 0x33, 0x15, 0x23, 0x11, 0x23, 0x11,
  0x01, 0x11, 0x33, 0x11, 0x03, 0x35, 0x33, 0x15, 0x29, 0x9a, 0x16, 0x42, 0x72, 0x5f, 0x60, 0x5c,
  0x49, 0x2a, 0xcf, 0xcf, 0xba, 0x02, 0x51, 0xbb, 0xbb, 0xbb, 0x03, 0xb8, 0x96, 0x50, 0x5b, 0x6c,
  0x4b, 0x1d, 0x9c, 0x32, 0x57, 0x5a, 0x96, 0xfc, 0x48, 0x03, 0xb8, 0xfc, 0x48, 0x04, 0x4e, 0xfb,
  0xb2, 0x04, 0xec, 0xe1, 0xe1, 0x00, 0x00, 0x00, 0x00, 0x02, 0x00, 0x29, 0x00, 0x00, 0x03, 0xcf,
  0x05, 0xcd, 0x00, 0x15, 0x00, 0x19, 0x00, 0x60, 0x00, 0xb2, 0x14, 0x00, 0x00, 0x2b, 0xb0, 0x16,
  0x33, 0xb2, 0x08, 0x02, 0x00, 0x2b, 0xb0, 0x17, 0x33, 0xb1, 0x0b, 0x05, 0xe9, 0xb2, 0x01, 0x01,
  0x00, 0x2b, 0xb0, 0x0f, 0x33, 0xb1, 0x00, 0x04, 0xe9, 0xb0, 0x11, 0x32, 0x01, 0xb0, 0x1a, 0x2f,
  0xb0, 0x14, 0xd6, 0xb0, 0x02, 0x32, 0xb1, 0x13, 0x10, 0xe9, 0xb0, 0x0e, 0x32, 0xb2, 0x13, 0x14,
  0x0a, 0x2b, 0xb3, 0x40, 0x13, 0x11, 0x09, 0x2b, 0xb0, 0x09, 0x32, 0xb2, 0x14, 0x13, 0x0a, 0x2b,
  0xb3, 0x40, 0x14, 0x00, 0x09, 0x2b, 0xb0, 0x13, 0x10, 0xb1, 0x16, 0x01, 0x2b, 0xb1, 0x19, 0x10,
  0xe9, 0xb1, 0x1b, 0x01, 0x2b, 0x00, 0x30, 0x31, 0x13, 0x35, 0x33, 0x35, 0x34, 0x3e, 0x02, 0x3b,
  0x01, 0x15, 0x23, 0x22, 0x06, 0x1d, 0x01, 0x33, 0x15, 0x23, 0x11, 0x23, 0x11, 0x01, 0x11, 0x33,
  0x11, 0x29, 0x9a, 0x16, 0x42, 0x72, 0x5f, 0x60, 0x5c, 0x49, 0x2a, 0xcf, 0xcf, 0xba, 0x02, 0x51,
  0xbb, 0x03, 0xb8, 0x96, 0x50, 0x5b, 0x6c, 0x4b, 0x1d, 0x9c, 0x32, 0x57, 0x5a, 0x96, 0xfc, 0x48,
  0x03, 0xb8, 0xfc, 0x48, 0x05, 0xcd, 0xfa, 0x33, 0x00, 0x00, 0x00, 0x1e, 0x01, 0x6e, 0x00, 0x01,
  0x00, 0x00, 0x00, 0x00, 0x00, 0x00, 0x00, 0x3d, 0x00, 0x7c, 0x00, 0x01, 0x00, 0x00, 0x00, 0x00,
  0x00, 0x01, 0x00, 0x0b, 0x00, 0xd2, 0x00, 0x01, 0x00, 0x00, 0x00, 0x00, 0x00, 0x02, 0x00, 0x07,
  0x00, 0xee, 0x00, 0x01, 0x00, 0x00, 0x00, 0x00, 0x00, 0x03, 0x00, 0x22, 0x01, 0x3c, 0x00, 0x01,
  0x00, 0x00, 0x00, 0x00, 0x00, 0x04, 0x00, 0x13, 0x01, 0x87, 0x00, 0x01, 0x00, 0x00, 0x00, 0x00,
  0x00, 0x05, 0x00, 0x0d, 0x01, 0xb7, 0x00, 0x01, 0x00, 0x00, 0x00, 0x00, 0x00, 0x06, 0x00, 0x0a,
  0x01, 0xdb, 0x00, 0x01, 0x00, 0x00, 0x00, 0x00, 0x00, 0x07, 0x00, 0x34, 0x02, 0x50, 0x00, 0x01,
  0x00, 0x00, 0x00, 0x00, 0x00, 0x09, 0x00, 0x0f, 0x02, 0xa5, 0x00, 0x01, 0x00, 0x00, 0x00, 0x00,
  0x00, 0x0b, 0x00, 0x1d, 0x02, 0xf1, 0x00, 0x01, 0x00, 0x00, 0x00, 0x00, 0x00, 0x0c, 0x00, 0x1d,
  0x03, 0x4b, 0x00, 0x01, 0x00, 0x00, 0x00, 0x00, 0x00, 0x0d, 0x00, 0x39, 0x03, 0xdd, 0x00, 0x01,
  0x00, 0x00, 0x00, 0x00, 0x00, 0x0e, 0x00, 0x31, 0x04, 0x7b, 0x00, 0x01, 0x00, 0x00, 0x00, 0x00,
  0x00, 0x10, 0x00, 0x0c, 0x04, 0xc7, 0x00, 0x01, 0x00, 0x00, 0x00, 0x00, 0x00, 0x11, 0x00, 0x07,
  0x04, 0xe4, 0x00, 0x03, 0x00, 0x01, 0x04, 0x09, 0x00, 0x00, 0x00, 0x7a, 0x00, 0x00, 0x00, 0x03,
  0x00, 0x01, 0x04, 0x09, 0x00, 0x01, 0x00, 0x16, 0x00, 0xba, 0x00, 0x03, 0x00, 0x01, 0x04, 0x09,
  0x00, 0x02, 0x00, 0x0e, 0x00, 0xde, 0x00, 0x03, 0x00, 0x01, 0x04, 0x09, 0x00, 0x03, 0x00, 0x44,
  0x00, 0xf6, 0x00, 0x03, 0x00, 0x01, 0x04, 0x09, 0x00, 0x04, 0x00, 0x26, 0x01, 0x5f, 0x00, 0x03,
  0x00, 0x01, 0x04, 0x09, 0x00, 0x05, 0x00, 0x1a, 0x01, 0x9b, 0x00, 0x03, 0x00, 0x01, 0x04, 0x09,
  0x00, 0x06, 0x00, 0x14, 0x01, 0xc5, 0x00, 0x03, 0x00, 0x01, 0x04, 0x09, 0x00, 0x07, 0x00, 0x68,
  0x01, 0xe6, 0x00, 0x03, 0x00, 0x01, 0x04, 0x09, 0x00, 0x09, 0x00, 0x1e, 0x02, 0x85, 0x00, 0x03,
  0x00, 0x01, 0x04, 0x09, 0x00, 0x0b, 0x00, 0x3a, 0x02, 0xb5, 0x00, 0x03, 0x00, 0x01, 0x04, 0x09,
  0x00, 0x0c, 0x00, 0x3a, 0x03, 0x0f, 0x00, 0x03, 0x00, 0x01, 0x04, 0x09, 0x00, 0x0d, 0x00, 0x72,
  0x03, 0x69, 0x00, 0x03, 0x00, 0x01, 0x04, 0x09, 0x00, 0x0e, 0x00, 0x62, 0x04, 0x17, 0x00, 0x03,
  0x00, 0x01, 0x04, 0x09, 0x00, 0x10, 0x00, 0x18, 0x04, 0xad, 0x00, 0x03, 0x00, 0x01, 0x04, 0x09,
  0x00, 0x11, 0x00, 0x0e, 0x04, 0xd4, 0x00, 0x43, 0x00, 0x6f, 0x00, 0x70, 0x00, 0x79, 0x00, 0x72,
  0x00, 0x69, 0x00, 0x67, 0x00, 0x68, 0x00, 0x74, 0x00, 0x20, 0x00, 0x28, 0x00, 0x63, 0x00, 0x29,
  0x00, 0x20, 0x00, 0x32, 0x00, 0x30, 0x00, 0x31, 0x00, 0x33, 0x00, 0x20, 0x00, 0x53, 0x00, 0x77,
  0x00, 0x69, 0x00, 0x73, 0x00, 0x73, 0x00, 0x20, 0x00, 0x54, 0x00, 0x79, 0x00, 0x70, 0x00, 0x65,
  0x00, 0x66, 0x00, 0x61, 0x00, 0x63, 0x00, 0x65, 0x00, 0x73, 0x00, 0x20, 0x00, 0x53, 0x00, 0xe0,
  0x00, 0x72, 0x00, 0x6c, 0x00, 0x2e, 0x00, 0x20, 0x00, 0x41, 0x00, 0x6c, 0x00, 0x6c, 0x00, 0x20,
  0x00, 0x72, 0x00, 0x69, 0x00, 0x67, 0x00, 0x68, 0x00, 0x74, 0x00, 0x73, 0x00, 0x20, 0x00, 0x72,
  0x00, 0x65, 0x00, 0x73, 0x00, 0x65, 0x00, 0x72, 0x00, 0x76, 0x00, 0x65, 0x00, 0x64, 0x00, 0x2e,
  0x00, 0x00, 0x43, 0x6f, 0x70, 0x79, 0x72, 0x69, 0x67, 0x68, 0x74, 0x20, 0x28, 0x63, 0x29, 0x20,
  0x32, 0x30, 0x31, 0x33, 0x20, 0x53, 0x77, 0x69, 0x73, 0x73, 0x20, 0x54, 0x79, 0x70, 0x65, 0x66,
  0x61, 0x63, 0x65, 0x73, 0x20, 0x53, 0x88, 0x72, 0x6c, 0x2e, 0x20, 0x41, 0x6c, 0x6c, 0x20, 0x72,
  0x69, 0x67, 0x68, 0x74, 0x73, 0x20, 0x72, 0x65, 0x73, 0x65, 0x72, 0x76, 0x65, 0x64, 0x2e, 0x00,
  0x00, 0x53, 0x00, 0x75, 0x00, 0x69, 0x00, 0x73, 0x00, 0x73, 0x00, 0x65, 0x00, 0x20, 0x00, 0x49,
  0x00, 0x6e, 0x00, 0x74, 0x00, 0x6c, 0x00, 0x00, 0x53, 0x75, 0x69, 0x73, 0x73, 0x65, 0x20, 0x49,
  0x6e, 0x74, 0x6c, 0x00, 0x00, 0x52, 0x00, 0x65, 0x00, 0x67, 0x00, 0x75, 0x00, 0x6c, 0x00, 0x61,
  0x00, 0x72, 0x00, 0x00, 0x52, 0x65, 0x67, 0x75, 0x6c, 0x61, 0x72, 0x00, 0x00, 0x53, 0x00, 0x77,
  0x00, 0x69, 0x00, 0x73, 0x00, 0x73, 0x00, 0x54, 0x00, 0x79, 0x00, 0x70, 0x00, 0x65, 0x00, 0x66,
  0x00, 0x61, 0x00, 0x63, 0x00, 0x65, 0x00, 0x73, 0x00, 0x3a, 0x00, 0x20, 0x00, 0x53, 0x00, 0x75,
  0x00, 0x69, 0x00, 0x73, 0x00, 0x73, 0x00, 0x65, 0x00, 0x20, 0x00, 0x49, 0x00, 0x6e, 0x00, 0x74,
  0x00, 0x27, 0x00, 0x6c, 0x00, 0x3a, 0x00, 0x20, 0x00, 0x32, 0x00, 0x30, 0x00, 0x31, 0x00, 0x33,
  0x00, 0x00, 0x53, 0x77, 0x69, 0x73, 0x73, 0x54, 0x79, 0x70, 0x65, 0x66, 0x61, 0x63, 0x65, 0x73,
  0x3a, 0x20, 0x53, 0x75, 0x69, 0x73, 0x73, 0x65, 0x20, 0x49, 0x6e, 0x74, 0x27, 0x6c, 0x3a, 0x20,
  0x32, 0x30, 0x31, 0x33, 0x00, 0x00, 0x53, 0x00, 0x75, 0x00, 0x69, 0x00, 0x73, 0x00, 0x73, 0x00,
  0x65, 0x00, 0x20, 0x00, 0x49, 0x00, 0x6e, 0x00, 0x74, 0x00, 0x6c, 0x00, 0x20, 0x00, 0x52, 0x00,
  0x65, 0x00, 0x67, 0x00, 0x75, 0x00, 0x6c, 0x00, 0x61, 0x00, 0x72, 0x00, 0x00, 0x53, 0x75, 0x69,
  0x73, 0x73, 0x65, 0x20, 0x49, 0x6e, 0x74, 0x6c, 0x20, 0x52, 0x65, 0x67, 0x75, 0x6c, 0x61, 0x72,
  0x00, 0x00, 0x56, 0x00, 0x65, 0x00, 0x72, 0x00, 0x73, 0x00, 0x69, 0x00, 0x6f, 0x00, 0x6e, 0x00,
  0x20, 0x00, 0x32, 0x00, 0x2e, 0x00, 0x30, 0x00, 0x30, 0x00, 0x31, 0x00, 0x00, 0x56, 0x65, 0x72,
  0x73, 0x69, 0x6f, 0x6e, 0x20, 0x32, 0x2e, 0x30, 0x30, 0x31, 0x00, 0x00, 0x53, 0x00, 0x75, 0x00,
  0x69, 0x00, 0x73, 0x00, 0x73, 0x00, 0x65, 0x00, 0x49, 0x00, 0x6e, 0x00, 0x74, 0x00, 0x6c, 0x00,
  0x00, 0x53, 0x75, 0x69, 0x73, 0x73, 0x65, 0x49, 0x6e, 0x74, 0x6c, 0x00, 0x00, 0x53, 0x00, 0x75,
  0x00, 0x69, 0x00, 0x73, 0x00, 0x73, 0x00, 0x65, 0x00, 0x20, 0x00, 0x49, 0x00, 0x6e, 0x00, 0x74,
  0x00, 0x27, 0x00, 0x6c, 0x00, 0x20, 0x00, 0x69, 0x00, 0x73, 0x00, 0x20, 0x00, 0x61, 0x00, 0x20,
  0x00, 0x74, 0x00, 0x72, 0x00, 0x61, 0x00, 0x64, 0x00, 0x65, 0x00, 0x6d, 0x00, 0x61, 0x00, 0x72,
  0x00, 0x6b, 0x00, 0x20, 0x00, 0x6f, 0x00, 0x66, 0x00, 0x20, 0x00, 0x53, 0x00, 0x77, 0x00, 0x69,
  0x00, 0x73, 0x00, 0x73, 0x00, 0x20, 0x00, 0x54, 0x00, 0x79, 0x00, 0x70, 0x00, 0x65, 0x00, 0x66,
  0x00, 0x61, 0x00, 0x63, 0x00, 0x65, 0x00, 0x73, 0x00, 0x20, 0x00, 0x53, 0x00, 0xe0, 0x00, 0x72,
  0x00, 0x6c, 0x00, 0x2e, 0x00, 0x00, 0x53, 0x75, 0x69, 0x73, 0x73, 0x65, 0x20, 0x49, 0x6e, 0x74,
  0x27, 0x6c, 0x20, 0x69, 0x73, 0x20, 0x61, 0x20, 0x74, 0x72, 0x61, 0x64, 0x65, 0x6d, 0x61, 0x72,
  0x6b, 0x20, 0x6f, 0x66, 0x20, 0x53, 0x77, 0x69, 0x73, 0x73, 0x20, 0x54, 0x79, 0x70, 0x65, 0x66,
  0x61, 0x63, 0x65, 0x73, 0x20, 0x53, 0x88, 0x72, 0x6c, 0x2e, 0x00, 0x00, 0x53, 0x00, 0x77, 0x00,
  0x69, 0x00, 0x73, 0x00, 0x73, 0x00, 0x20, 0x00, 0x54, 0x00, 0x79, 0x00, 0x70, 0x00, 0x65, 0x00,
  0x66, 0x00, 0x61, 0x00, 0x63, 0x00, 0x65, 0x00, 0x73, 0x00, 0x00, 0x53, 0x77, 0x69, 0x73, 0x73,
  0x20, 0x54, 0x79, 0x70, 0x65, 0x66, 0x61, 0x63, 0x65, 0x73, 0x00, 0x00, 0x68, 0x00, 0x74, 0x00,
  0x74, 0x00, 0x70, 0x00, 0x3a, 0x00, 0x2f, 0x00, 0x2f, 0x00, 0x77, 0x00, 0x77, 0x00, 0x77, 0x00,
  0x2e, 0x00, 0x73, 0x00, 0x77, 0x00, 0x69, 0x00, 0x73, 0x00, 0x73, 0x00, 0x74, 0x00, 0x79, 0x00,
  0x70, 0x00, 0x65, 0x00, 0x66, 0x00, 0x61, 0x00, 0x63, 0x00, 0x65, 0x00, 0x73, 0x00, 0x2e, 0x00,
  0x63, 0x00, 0x6f, 0x00, 0x6d, 0x00, 0x00, 0x68, 0x74, 0x74, 0x70, 0x3a, 0x2f, 0x2f, 0x77, 0x77,
  0x77, 0x2e, 0x73, 0x77, 0x69, 0x73, 0x73, 0x74, 0x79, 0x70, 0x65, 0x66, 0x61, 0x63, 0x65, 0x73,
  0x2e, 0x63, 0x6f, 0x6d, 0x00, 0x00, 0x68, 0x00, 0x74, 0x00, 0x74, 0x00, 0x70, 0x00, 0x3a, 0x00,
  0x2f, 0x00, 0x2f, 0x00, 0x77, 0x00, 0x77, 0x00, 0x77, 0x00, 0x2e, 0x00, 0x73, 0x00, 0x77, 0x00,
  0x69, 0x00, 0x73, 0x00, 0x73, 0x00, 0x74, 0x00, 0x79, 0x00, 0x70, 0x00, 0x65, 0x00, 0x66, 0x00,
  0x61, 0x00, 0x63, 0x00, 0x65, 0x00, 0x73, 0x00, 0x2e, 0x00, 0x63, 0x00, 0x6f, 0x00, 0x6d, 0x00,
  0x00, 0x68, 0x74, 0x74, 0x70, 0x3a, 0x2f, 0x2f, 0x77, 0x77, 0x77, 0x2e, 0x73, 0x77, 0x69, 0x73,
  0x73, 0x74, 0x79, 0x70, 0x65, 0x66, 0x61, 0x63, 0x65, 0x73, 0x2e, 0x63, 0x6f, 0x6d, 0x00, 0x00,
  0x50, 0x00, 0x6c, 0x00, 0x65, 0x00, 0x61, 0x00, 0x73, 0x00, 0x65, 0x00, 0x20, 0x00, 0x72, 0x00,
  0x65, 0x00, 0x66, 0x00, 0x65, 0x00, 0x72, 0x00, 0x20, 0x00, 0x74, 0x00, 0x6f, 0x00, 0x20, 0x00,
  0x74, 0x00, 0x68, 0x00, 0x65, 0x00, 0x20, 0x00, 0x6c, 0x00, 0x69, 0x00, 0x63, 0x00, 0x65, 0x00,
  0x6e, 0x00, 0x73, 0x00, 0x65, 0x00, 0x20, 0x00, 0x79, 0x00, 0x6f, 0x00, 0x75, 0x00, 0x20, 0x00,
  0x61, 0x00, 0x63, 0x00, 0x63, 0x00, 0x65, 0x00, 0x70, 0x00, 0x74, 0x00, 0x65, 0x00, 0x64, 0x00,
  0x20, 0x00, 0x77, 0x00, 0x68, 0x00, 0x65, 0x00, 0x6e, 0x00, 0x20, 0x00, 0x70, 0x00, 0x75, 0x00,
  0x72, 0x00, 0x63, 0x00, 0x68, 0x00, 0x61, 0x00, 0x73, 0x00, 0x69, 0x00, 0x6e, 0x00, 0x67, 0x00,
  0x2e, 0x00, 0x00, 0x50, 0x6c, 0x65, 0x61, 0x73, 0x65, 0x20, 0x72, 0x65, 0x66, 0x65, 0x72, 0x20,
  0x74, 0x6f, 0x20, 0x74, 0x68, 0x65, 0x20, 0x6c, 0x69, 0x63, 0x65, 0x6e, 0x73, 0x65, 0x20, 0x79,
  0x6f, 0x75, 0x20, 0x61, 0x63, 0x63, 0x65, 0x70, 0x74, 0x65, 0x64, 0x20, 0x77, 0x68, 0x65, 0x6e,
  0x20, 0x70, 0x75, 0x72, 0x63, 0x68, 0x61, 0x73, 0x69, 0x6e, 0x67, 0x2e, 0x00, 0x00, 0x68, 0x00,
  0x74, 0x00, 0x74, 0x00, 0x70, 0x00, 0x3a, 0x00, 0x2f, 0x00, 0x2f, 0x00, 0x77, 0x00, 0x77, 0x00,
  0x77, 0x00, 0x2e, 0x00, 0x73, 0x00, 0x77, 0x00, 0x69, 0x00, 0x73, 0x00, 0x73, 0x00, 0x74, 0x00,
  0x79, 0x00, 0x70, 0x00, 0x65, 0x00, 0x66, 0x00, 0x61, 0x00, 0x63, 0x00, 0x65, 0x00, 0x73, 0x00,
  0x2e, 0x00, 0x63, 0x00, 0x6f, 0x00, 0x6d, 0x00, 0x2f, 0x00, 0x72, 0x00, 0x65, 0x00, 0x74, 0x00,
  0x61, 0x00, 0x69, 0x00, 0x6c, 0x00, 0x2d, 0x00, 0x6c, 0x00, 0x69, 0x00, 0x63, 0x00, 0x65, 0x00,
  0x6e, 0x00, 0x73, 0x00, 0x65, 0x00, 0x2e, 0x00, 0x68, 0x00, 0x74, 0x00, 0x6d, 0x00, 0x6c, 0x00,
  0x00, 0x68, 0x74, 0x74, 0x70, 0x3a, 0x2f, 0x2f, 0x77, 0x77, 0x77, 0x2e, 0x73, 0x77, 0x69, 0x73,
  0x73, 0x74, 0x79, 0x70, 0x65, 0x66, 0x61, 0x63, 0x65, 0x73, 0x2e, 0x63, 0x6f, 0x6d, 0x2f, 0x72,
  0x65, 0x74, 0x61, 0x69, 0x6c, 0x2d, 0x6c, 0x69, 0x63, 0x65, 0x6e, 0x73, 0x65, 0x2e, 0x68, 0x74,
  0x6d, 0x6c, 0x00, 0x00, 0x53, 0x00, 0x75, 0x00, 0x69, 0x00, 0x73, 0x00, 0x73, 0x00, 0x65, 0x00,
  0x20, 0x00, 0x49, 0x00, 0x6e, 0x00, 0x74, 0x00, 0x27, 0x00, 0x6c, 0x00, 0x00, 0x53, 0x75, 0x69,
  0x73, 0x73, 0x65, 0x20, 0x49, 0x6e, 0x74, 0x27, 0x6c, 0x00, 0x00, 0x52, 0x00, 0x65, 0x00, 0x67,
  0x00, 0x75, 0x00, 0x6c, 0x00, 0x61, 0x00, 0x72, 0x00, 0x00, 0x52, 0x65, 0x67, 0x75, 0x6c, 0x61,
  0x72, 0x00, 0x00, 0x00, 0x00, 0x02, 0x00, 0x00, 0x00, 0x00, 0x00, 0x00, 0xfc, 0xa0, 0x00, 0x8f,
  0x00, 0x00, 0x00, 0x00, 0x00, 0x00, 0x00, 0x00, 0x00, 0x00, 0x00, 0x00, 0x00, 0x00, 0x00, 0x00,
  0x00, 0x00, 0x00, 0x00, 0x00, 0xe8, 0x00, 0x00, 0x01, 0x02, 0x01, 0x03, 0x00, 0x03, 0x00, 0x04,
  0x00, 0x05, 0x00, 0x06, 0x00, 0x07, 0x00, 0x08, 0x00, 0x09, 0x00, 0x0a, 0x00, 0x0b, 0x00, 0x0c,
  0x00, 0x0d, 0x00, 0x0e, 0x00, 0x0f, 0x00, 0x10, 0x00, 0x11, 0x00, 0x12, 0x00, 0x13, 0x00, 0x14,
  0x00, 0x15, 0x00, 0x16, 0x00, 0x17, 0x00, 0x18, 0x00, 0x19, 0x00, 0x1a, 0x00, 0x1b, 0x00, 0x1c,
  0x00, 0x1d, 0x00, 0x1e, 0x00, 0x1f, 0x00, 0x20, 0x00, 0x21, 0x00, 0x22, 0x00, 0x23, 0x00, 0x24,
  0x00, 0x25, 0x00, 0x26, 0x00, 0x27, 0x00, 0x28, 0x00, 0x29, 0x00, 0x2a, 0x00, 0x2b, 0x00, 0x2c,
  0x00, 0x2d, 0x00, 0x2e, 0x00, 0x2f, 0x00, 0x30, 0x00, 0x31, 0x00, 0x32, 0x00, 0x33, 0x00, 0x34,
  0x00, 0x35, 0x00, 0x36, 0x00, 0x37, 0x00, 0x38, 0x00, 0x39, 0x00, 0x3a, 0x00, 0x3b, 0x00, 0x3c,
  0x00, 0x3d, 0x00, 0x3e, 0x00, 0x3f, 0x00, 0x40, 0x00, 0x41, 0x00, 0x42, 0x00, 0x43, 0x00, 0x44,
  0x00, 0x45, 0x00, 0x46, 0x00, 0x47, 0x00, 0x48, 0x00, 0x49, 0x00, 0x4a, 0x00, 0x4b, 0x00, 0x4c,
  0x00, 0x4d, 0x00, 0x4e, 0x00, 0x4f, 0x00, 0x50, 0x00, 0x51, 0x00, 0x52, 0x00, 0x53, 0x00, 0x54,
  0x00, 0x55, 0x00, 0x56, 0x00, 0x57, 0x00, 0x58, 0x00, 0x59, 0x00, 0x5a, 0x00, 0x5b, 0x00, 0x5c,
  0x00, 0x5d, 0x00, 0x5e, 0x00, 0x5f, 0x00, 0x60, 0x00, 0x61, 0x01, 0x04, 0x00, 0xa3, 0x00, 0x84,
  0x00, 0x85, 0x00, 0xbd, 0x00, 0x96, 0x00, 0xe8, 0x00, 0x86, 0x00, 0x8e, 0x00, 0x8b, 0x00, 0x9d,
  0x00, 0xa9, 0x00, 0xa4, 0x01, 0x05, 0x00, 0x8a, 0x00, 0xda, 0x00, 0x83, 0x00, 0x93, 0x01, 0x06,
  0x01, 0x07, 0x00, 0x8d, 0x00, 0x97, 0x00, 0x88, 0x00, 0xc3, 0x00, 0xde, 0x01, 0x08, 0x00, 0x9e,
  0x00, 0xaa, 0x00, 0xf5, 0x00, 0xf4, 0x00, 0xf6, 0x00, 0xa2, 0x00, 0xad, 0x00, 0xc9, 0x00, 0xc7,
  0x00, 0xae, 0x00, 0x62, 0x00, 0x63, 0x00, 0x90, 0x00, 0x64, 0x00, 0xcb, 0x00, 0x65, 0x00, 0xc8,
  0x00, 0xca, 0x00, 0xcf, 0x00, 0xcc, 0x00, 0xcd, 0x00, 0xce, 0x00, 0xe9, 0x00, 0x66, 0x00, 0xd3,
  0x00, 0xd0, 0x00, 0xd1, 0x00, 0xaf, 0x00, 0x67, 0x00, 0xf0, 0x00, 0x91, 0x00, 0xd6, 0x00, 0xd4,
  0x00, 0xd5, 0x00, 0x68, 0x00, 0xeb, 0x00, 0xed, 0x00, 0x89, 0x00, 0x6a, 0x00, 0x69, 0x00, 0x6b,
  0x00, 0x6d, 0x00, 0x6c, 0x00, 0x6e, 0x00, 0xa0, 0x00, 0x6f, 0x00, 0x71, 0x00, 0x70, 0x00, 0x72,
  0x00, 0x73, 0x00, 0x75, 0x00, 0x74, 0x00, 0x76, 0x00, 0x77, 0x00, 0xea, 0x00, 0x78, 0x00, 0x7a,
  0x00, 0x79, 0x00, 0x7b, 0x00, 0x7d, 0x00, 0x7c, 0x00, 0xb8, 0x00, 0xa1, 0x00, 0x7f, 0x00, 0x7e,
  0x00, 0x80, 0x00, 0x81, 0x00, 0xec, 0x00, 0xee, 0x00, 0xba, 0x00, 0xb0, 0x00, 0xb1, 0x00, 0xbb,
  0x00, 0xd8, 0x00, 0xd9, 0x01, 0x09, 0x01, 0x0a, 0x01, 0x0b, 0x01, 0x0c, 0x01, 0x0d, 0x01, 0x0e,
  0x01, 0x0f, 0x01, 0x10, 0x01, 0x11, 0x01, 0x12, 0x01, 0x13, 0x01, 0x14, 0x01, 0x15, 0x01, 0x16,
  0x00, 0xb2, 0x00, 0xb3, 0x00, 0xb6, 0x00, 0xb7, 0x00, 0xc4, 0x00, 0xb4, 0x00, 0xb5, 0x00, 0xc5,
  0x00, 0x87, 0x00, 0xab, 0x01, 0x17, 0x00, 0xbe, 0x00, 0xbf, 0x01, 0x18, 0x01, 0x19, 0x00, 0x8c,
  0x01, 0x1a, 0x01, 0x1b, 0x01, 0x1c, 0x06, 0x67, 0x6c, 0x79, 0x70, 0x68, 0x31, 0x06, 0x67, 0x6c,
  0x79, 0x70, 0x68, 0x32, 0x07, 0x75, 0x6e, 0x69, 0x30, 0x30, 0x41, 0x30, 0x07, 0x75, 0x6e, 0x69,
  0x30, 0x30, 0x41, 0x44, 0x07, 0x75, 0x6e, 0x69, 0x30, 0x30, 0x42, 0x32, 0x07, 0x75, 0x6e, 0x69,
  0x30, 0x30, 0x42, 0x33, 0x07, 0x75, 0x6e, 0x69, 0x30, 0x30, 0x42, 0x39, 0x07, 0x75, 0x6e, 0x69,
  0x32, 0x30, 0x30, 0x30, 0x07, 0x75, 0x6e, 0x69, 0x32, 0x30, 0x30, 0x31, 0x07, 0x75, 0x6e, 0x69,
  0x32, 0x30, 0x30, 0x32, 0x07, 0x75, 0x6e, 0x69, 0x32, 0x30, 0x30, 0x33, 0x07, 0x75, 0x6e, 0x69,
  0x32, 0x30, 0x30, 0x34, 0x07, 0x75, 0x6e, 0x69, 0x32, 0x30, 0x30, 0x35, 0x07, 0x75, 0x6e, 0x69,
  0x32, 0x30, 0x30, 0x36, 0x07, 0x75, 0x6e, 0x69, 0x32, 0x30, 0x30, 0x37, 0x07, 0x75, 0x6e, 0x69,
  0x32, 0x30, 0x30, 0x38, 0x07, 0x75, 0x6e, 0x69, 0x32, 0x30, 0x30, 0x39, 0x07, 0x75, 0x6e, 0x69,
  0x32, 0x30, 0x30, 0x41, 0x07, 0x75, 0x6e, 0x69, 0x32, 0x30, 0x31, 0x30, 0x07, 0x75, 0x6e, 0x69,
  0x32, 0x30, 0x31, 0x31, 0x0a, 0x66, 0x69, 0x67, 0x75, 0x72, 0x65, 0x64, 0x61, 0x73, 0x68, 0x07,
  0x75, 0x6e, 0x69, 0x32, 0x30, 0x32, 0x46, 0x07, 0x75, 0x6e, 0x69, 0x32, 0x30, 0x35, 0x46, 0x04,
  0x45, 0x75, 0x72, 0x6f, 0x07, 0x75, 0x6e, 0x69, 0x32, 0x35, 0x46, 0x43, 0x07, 0x75, 0x6e, 0x69,
  0x46, 0x42, 0x30, 0x31, 0x07, 0x75, 0x6e, 0x69, 0x46, 0x42, 0x30, 0x32, 0x00, 0x01, 0x00, 0x01,
  0xff, 0xff, 0x00, 0x0f, 0x00, 0x01, 0x00, 0x00, 0x00, 0x0e, 0x00, 0x00, 0x00, 0x18, 0x00, 0x00,
  0x00, 0x00, 0x00, 0x02, 0x00, 0x01, 0x00, 0x01, 0x00, 0xe7, 0x00, 0x01, 0x00, 0x04, 0x00, 0x00,
  0x00, 0x02, 0x00, 0x00, 0x00, 0x01, 0x00, 0x00, 0x00, 0x0a, 0x00, 0x7a, 0x00, 0xb6, 0x00, 0x04,
  0x20, 0x20, 0x20, 0x20, 0x00, 0x1a, 0x63, 0x79, 0x72, 0x6c, 0x00, 0x28, 0x67, 0x72, 0x65, 0x6b,
  0x00, 0x36, 0x6c, 0x61, 0x74, 0x6e, 0x00, 0x44, 0x00, 0x04, 0x00, 0x00, 0x00, 0x00, 0xff, 0xff,
  0x00, 0x02, 0x00, 0x00, 0x00, 0x02, 0x00, 0x04, 0x00, 0x00, 0x00, 0x00, 0xff, 0xff, 0x00, 0x02,
  0x00, 0x00, 0x00, 0x02, 0x00, 0x04, 0x00, 0x00, 0x00, 0x00, 0xff, 0xff, 0x00, 0x02, 0x00, 0x00,
  0x00, 0x02, 0x00, 0x16, 0x00, 0x03, 0x43, 0x41, 0x54, 0x20, 0x00, 0x20, 0x4d, 0x4f, 0x4c, 0x20,
  0x00, 0x16, 0x52, 0x4f, 0x4d, 0x20, 0x00, 0x16, 0x00, 0x00, 0xff, 0xff, 0x00, 0x02, 0x00, 0x00,
  0x00, 0x02, 0x00, 0x00, 0xff, 0xff, 0x00, 0x03, 0x00, 0x00, 0x00, 0x01, 0x00, 0x02, 0x00, 0x03,
  0x66, 0x72, 0x61, 0x63, 0x00, 0x14, 0x6c, 0x6f, 0x63, 0x6c, 0x00, 0x30, 0x73, 0x75, 0x70, 0x73,
  0x00, 0x36, 0x00, 0x00, 0x00, 0x0c, 0x00, 0x01, 0x00, 0x02, 0x00, 0x03, 0x00, 0x04, 0x00, 0x05,
  0x00, 0x06, 0x00, 0x07, 0x00, 0x08, 0x00, 0x09, 0x00, 0x0a, 0x00, 0x0b, 0x00, 0x0c, 0x00, 0x00,
  0x00, 0x01, 0x00, 0x00, 0x00, 0x00, 0x00, 0x01, 0x00, 0x0d, 0x00, 0x0e, 0x00, 0x1e, 0x00, 0x28,
  0x00, 0x58, 0x00, 0x60, 0x00, 0x68, 0x00, 0x70, 0x00, 0x78, 0x00, 0x80, 0x00, 0x88, 0x00, 0x90,
  0x00, 0x98, 0x00, 0xa0, 0x00, 0xa8, 0x00, 0xb0, 0x00, 0x06, 0x00, 0x00, 0x00, 0x02, 0x00, 0x9a,
  0x00, 0xbc, 0x00, 0x06, 0x00, 0x00, 0x00, 0x15, 0x00, 0xd4, 0x01, 0x66, 0x01, 0xf8, 0x02, 0x7e,
  0x03, 0x04, 0x03, 0x7e, 0x03, 0xf8, 0x04, 0x66, 0x04, 0xd4, 0x05, 0x36, 0x05, 0x98, 0x05, 0xee,
  0x06, 0x44, 0x06, 0x8e, 0x06, 0xd8, 0x07, 0x16, 0x07, 0x54, 0x07, 0x86, 0x07, 0xb8, 0x07, 0xde,
  0x08, 0x04, 0x00, 0x06, 0x00, 0x00, 0x00, 0x01, 0x07, 0xfe, 0x00, 0x06, 0x00, 0x00, 0x00, 0x01,
  0x08, 0x12, 0x00, 0x06, 0x00, 0x00, 0x00, 0x01, 0x08, 0x2c, 0x00, 0x06, 0x00, 0x00, 0x00, 0x01,
  0x08, 0x4c, 0x00, 0x06, 0x00, 0x00, 0x00, 0x01, 0x08, 0x72, 0x00, 0x06, 0x00, 0x00, 0x00, 0x01,
  0x08, 0x9e, 0x00, 0x06, 0x00, 0x00, 0x00, 0x01, 0x08, 0xd0, 0x00, 0x06, 0x00, 0x00, 0x00, 0x01,
  0x09, 0x08, 0x00, 0x06, 0x00, 0x00, 0x00, 0x01, 0x09, 0x46, 0x00, 0x06, 0x00, 0x00, 0x00, 0x01,
  0x09, 0x8a, 0x00, 0x06, 0x00, 0x00, 0x00, 0x01, 0x09, 0xd4, 0x00, 0x01, 0x00, 0x00, 0x00, 0x01,
  0x09, 0xe8, 0x00, 0x03, 0x00, 0x00, 0x00, 0x02, 0x00, 0x10, 0x00, 0x16, 0x00, 0x01, 0x00, 0x1c,
  0x00, 0x00, 0x00, 0x01, 0x00, 0x01, 0x00, 0x4f, 0x00, 0x01, 0x00, 0x01, 0x00, 0x79, 0x00, 0x01,
  0x00, 0x01, 0x00, 0x4f, 0x00, 0x03, 0x00, 0x00, 0x00, 0x02, 0x00, 0x10, 0x00, 0x16, 0x00, 0x01,
  0x00, 0x1c, 0x00, 0x00, 0x00, 0x01, 0x00, 0x01, 0x00, 0x2f, 0x00, 0x01, 0x00, 0x01, 0x00, 0x79,
  0x00, 0x01, 0x00, 0x01, 0x00, 0x2f, 0x00, 0x03, 0x00, 0x0b, 0x00, 0x28, 0x00, 0x32, 0x00, 0x3c,
  0x00, 0x46, 0x00, 0x50, 0x00, 0x5a, 0x00, 0x64, 0x00, 0x6e, 0x00, 0x78, 0x00, 0x82, 0x00, 0x8c,
  0x00, 0x01, 0x00, 0x22, 0x00, 0x00, 0x00, 0x00, 0x00, 0x01, 0x00, 0x01, 0x00, 0x12, 0x00, 0x02,
  0x00, 0x01, 0x00, 0x13, 0x00, 0x1c, 0x00, 0x00, 0x00, 0x02, 0x00, 0x01, 0x00, 0x13, 0x00, 0x1c,
  0x00, 0x00, 0x00, 0x02, 0x00, 0x01, 0x00, 0x13, 0x00, 0x1c, 0x00, 0x00, 0x00, 0x02, 0x00, 0x01,
  0x00, 0x13, 0x00, 0x1c, 0x00, 0x00, 0x00, 0x02, 0x00, 0x01, 0x00, 0x13, 0x00, 0x1c, 0x00, 0x00,
  0x00, 0x02, 0x00, 0x01, 0x00, 0x13, 0x00, 0x1c, 0x00, 0x00, 0x00, 0x02, 0x00, 0x01, 0x00, 0x13,
  0x00, 0x1c, 0x00, 0x00, 0x00, 0x02, 0x00, 0x01, 0x00, 0x13, 0x00, 0x1c, 0x00, 0x00, 0x00, 0x02,
  0x00, 0x01, 0x00, 0x13, 0x00, 0x1c, 0x00, 0x00, 0x00, 0x02, 0x00, 0x01, 0x00, 0x13, 0x00, 0x1c,
  0x00, 0x00, 0x00, 0x01, 0x00, 0x01, 0x00, 0x12, 0x00, 0x03, 0x00, 0x00, 0x00, 0x01, 0x00, 0x22,
  0x00, 0x0b, 0x00, 0x28, 0x00, 0x32, 0x00, 0x3c, 0x00, 0x46, 0x00, 0x50, 0x00, 0x5a, 0x00, 0x64,
  0x00, 0x6e, 0x00, 0x78, 0x00, 0x82, 0x00, 0x8c, 0x00, 0x00, 0x00, 0x01, 0x00, 0x01, 0x00, 0x12,
  0x00, 0x02, 0x00, 0x01, 0x00, 0x13, 0x00, 0x1c, 0x00, 0x00, 0x00, 0x02, 0x00, 0x01, 0x00, 0x13,
  0x00, 0x1c, 0x00, 0x00, 0x00, 0x02, 0x00, 0x01, 0x00, 0x13, 0x00, 0x1c, 0x00, 0x00, 0x00, 0x02,
  0x00, 0x01, 0x00, 0x13, 0x00, 0x1c, 0x00, 0x00, 0x00, 0x02, 0x00, 0x01, 0x00, 0x13, 0x00, 0x1c,
  0x00, 0x00, 0x00, 0x02, 0x00, 0x01, 0x00, 0x13, 0x00, 0x1c, 0x00, 0x00, 0x00, 0x02, 0x00, 0x01,
  0x00, 0x13, 0x00, 0x1c, 0x00, 0x00, 0x00, 0x02, 0x00, 0x01, 0x00, 0x13, 0x00, 0x1c, 0x00, 0x00,
  0x00, 0x02, 0x00, 0x01, 0x00, 0x13, 0x00, 0x1c, 0x00, 0x00, 0x00, 0x02, 0x00, 0x01, 0x00, 0x13,
  0x00, 0x1c, 0x00, 0x00, 0x00, 0x01, 0x00, 0x01, 0x00, 0x12, 0x00, 0x03, 0x00, 0x0a, 0x00, 0x26,
  0x00, 0x30, 0x00, 0x3a, 0x00, 0x44, 0x00, 0x4e, 0x00, 0x58, 0x00, 0x62, 0x00, 0x6c, 0x00, 0x76,
  0x00, 0x80, 0x00, 0x01, 0x00, 0x20, 0x00, 0x00, 0x00, 0x00, 0x00, 0x01, 0x00, 0x01, 0x00, 0x12,
  0x00, 0x02, 0x00, 0x01, 0x00, 0x13, 0x00, 0x1c, 0x00, 0x00, 0x00, 0x02, 0x00, 0x01, 0x00, 0x13,
  0x00, 0x1c, 0x00, 0x00, 0x00, 0x02, 0x00, 0x01, 0x00, 0x13, 0x00, 0x1c, 0x00, 0x00, 0x00, 0x02,
  0x00, 0x01, 0x00, 0x13, 0x00, 0x1c, 0x00, 0x00, 0x00, 0x02, 0x00, 0x01, 0x00, 0x13, 0x00, 0x1c,
  0x00, 0x00, 0x00, 0x02, 0x00, 0x01, 0x00, 0x13, 0x00, 0x1c, 0x00, 0x00, 0x00, 0x02, 0x00, 0x01,
  0x00, 0x13, 0x00, 0x1c, 0x00, 0x00, 0x00, 0x02, 0x00, 0x01, 0x00, 0x13, 0x00, 0x1c, 0x00, 0x00,
  0x00, 0x02, 0x00, 0x01, 0x00, 0x13, 0x00, 0x1c, 0x00, 0x00, 0x00, 0x01, 0x00, 0x01, 0x00, 0x12,
  0x00, 0x03, 0x00, 0x00, 0x00, 0x01, 0x00, 0x20, 0x00, 0x0a, 0x00, 0x26, 0x00, 0x30, 0x00, 0x3a,
  0x00, 0x44, 0x00, 0x4e, 0x00, 0x58, 0x00, 0x62, 0x00, 0x6c, 0x00, 0x76, 0x00, 0x80, 0x00, 0x00,
  0x00, 0x01, 0x00, 0x01, 0x00, 0x12, 0x00, 0x02, 0x00, 0x01, 0x00, 0x13, 0x00, 0x1c, 0x00, 0x00,
  0x00, 0x02, 0x00, 0x01, 0x00, 0x13, 0x00, 0x1c, 0x00, 0x00, 0x00, 0x02, 0x00, 0x01, 0x00, 0x13,
  0x00, 0x1c, 0x00, 0x00, 0x00, 0x02, 0x00, 0x01, 0x00, 0x13, 0x00, 0x1c, 0x00, 0x00, 0x00, 0x02,
  0x00, 0x01, 0x00, 0x13, 0x00, 0x1c, 0x00, 0x00, 0x00, 0x02, 0x00, 0x01, 0x00, 0x13, 0x00, 0x1c,
  0x00, 0x00, 0x00, 0x02, 0x00, 0x01, 0x00, 0x13, 0x00, 0x1c, 0x00, 0x00, 0x00, 0x02, 0x00, 0x01,
  0x00, 0x13, 0x00, 0x1c, 0x00, 0x00, 0x00, 0x02, 0x00, 0x01, 0x00, 0x13, 0x00, 0x1c, 0x00, 0x00,
  0x00, 0x01, 0x00, 0x01, 0x00, 0x12, 0x00, 0x03, 0x00, 0x09, 0x00, 0x24, 0x00, 0x2e, 0x00, 0x38,
  0x00, 0x42, 0x00, 0x4c, 0x00, 0x56, 0x00, 0x60, 0x00, 0x6a, 0x00, 0x74, 0x00, 0x01, 0x00, 0x1e,
  0x00, 0x00, 0x00, 0x00, 0x00, 0x01, 0x00, 0x01, 0x00, 0x12, 0x00, 0x02, 0x00, 0x01, 0x00, 0x13,
  0x00, 0x1c, 0x00, 0x00, 0x00, 0x02, 0x00, 0x01, 0x00, 0x13, 0x00, 0x1c, 0x00, 0x00, 0x00, 0x02,
  0x00, 0x01, 0x00, 0x13, 0x00, 0x1c, 0x00, 0x00, 0x00, 0x02, 0x00, 0x01, 0x00, 0x13, 0x00, 0x1c,
  0x00, 0x00, 0x00, 0x02, 0x00, 0x01, 0x00, 0x13, 0x00, 0x1c, 0x00, 0x00, 0x00, 0x02, 0x00, 0x01,
  0x00, 0x13, 0x00, 0x1c, 0x00, 0x00, 0x00, 0x02, 0x00, 0x01, 0x00, 0x13, 0x00, 0x1c, 0x00, 0x00,
  0x00, 0x02, 0x00, 0x01, 0x00, 0x13, 0x00, 0x1c, 0x00, 0x00, 0x00, 0x01, 0x00, 0x01, 0x00, 0x12,
  0x00, 0x03, 0x00, 0x00, 0x00, 0x01, 0x00, 0x1e, 0x00, 0x09, 0x00, 0x24, 0x00, 0x2e, 0x00, 0x38,
  0x00, 0x42, 0x00, 0x4c, 0x00, 0x56, 0x00, 0x60, 0x00, 0x6a, 0x00, 0x74, 0x00, 0x00, 0x00, 0x01,
  0x00, 0x01, 0x00, 0x12, 0x00, 0x02, 0x00, 0x01, 0x00, 0x13, 0x00, 0x1c, 0x00, 0x00, 0x00, 0x02,
  0x00, 0x01, 0x00, 0x13, 0x00, 0x1c, 0x00, 0x00, 0x00, 0x02, 0x00, 0x01, 0x00, 0x13, 0x00, 0x1c,
  0x00, 0x00, 0x00, 0x02, 0x00, 0x01, 0x00, 0x13, 0x00, 0x1c, 0x00, 0x00, 0x00, 0x02, 0x00, 0x01,
  0x00, 0x13, 0x00, 0x1c, 0x00, 0x00, 0x00, 0x02, 0x00, 0x01, 0x00, 0x13, 0x00, 0x1c, 0x00, 0x00,
  0x00, 0x02, 0x00, 0x01, 0x00, 0x13, 0x00, 0x1c, 0x00, 0x00, 0x00, 0x02, 0x00, 0x01, 0x00, 0x13,
  0x00, 0x1c, 0x00, 0x00, 0x00, 0x01, 0x00, 0x01, 0x00, 0x12, 0x00, 0x03, 0x00, 0x08, 0x00, 0x22,
  0x00, 0x2c, 0x00, 0x36, 0x00, 0x40, 0x00, 0x4a, 0x00, 0x54, 0x00, 0x5e, 0x00, 0x68, 0x00, 0x01,
  0x00, 0x1c, 0x00, 0x00, 0x00, 0x00, 0x00, 0x01, 0x00, 0x01, 0x00, 0x12, 0x00, 0x02, 0x00, 0x01,
  0x00, 0x13, 0x00, 0x1c, 0x00, 0x00, 0x00, 0x02, 0x00, 0x01, 0x00, 0x13, 0x00, 0x1c, 0x00, 0x00,
  0x00, 0x02, 0x00, 0x01, 0x00, 0x13, 0x00, 0x1c, 0x00, 0x00, 0x00, 0x02, 0x00, 0x01, 0x00, 0x13,
  0x00, 0x1c, 0x00, 0x00, 0x00, 0x02, 0x00, 0x01, 0x00, 0x13, 0x00, 0x1c, 0x00, 0x00, 0x00, 0x02,
  0x00, 0x01, 0x00, 0x13, 0x00, 0x1c, 0x00, 0x00, 0x00, 0x02, 0x00, 0x01, 0x00, 0x13, 0x00, 0x1c,
  0x00, 0x00, 0x00, 0x01, 0x00, 0x01, 0x00, 0x12, 0x00, 0x03, 0x00, 0x00, 0x00, 0x01, 0x00, 0x1c,
  0x00, 0x08, 0x00, 0x22, 0x00, 0x2c, 0x00, 0x36, 0x00, 0x40, 0x00, 0x4a, 0x00, 0x54, 0x00, 0x5e,
  0x00, 0x68, 0x00, 0x00, 0x00, 0x01, 0x00, 0x01, 0x00, 0x12, 0x00, 0x02, 0x00, 0x01, 0x00, 0x13,
  0x00, 0x1c, 0x00, 0x00, 0x00, 0x02, 0x00, 0x01, 0x00, 0x13, 0x00, 0x1c, 0x00, 0x00, 0x00, 0x02,
  0x00, 0x01, 0x00, 0x13, 0x00, 0x1c, 0x00, 0x00, 0x00, 0x02, 0x00, 0x01, 0x00, 0x13, 0x00, 0x1c,
  0x00, 0x00, 0x00, 0x02, 0x00, 0x01, 0x00, 0x13, 0x00, 0x1c, 0x00, 0x00, 0x00, 0x02, 0x00, 0x01,
  0x00, 0x13, 0x00, 0x1c, 0x00, 0x00, 0x00, 0x02, 0x00, 0x01, 0x00, 0x13, 0x00, 0x1c, 0x00, 0x00,
  0x00, 0x01, 0x00, 0x01, 0x00, 0x12, 0x00, 0x03, 0x00, 0x07, 0x00, 0x20, 0x00, 0x2a, 0x00, 0x34,
  0x00, 0x3e, 0x00, 0x48, 0x00, 0x52, 0x00, 0x5c, 0x00, 0x01, 0x00, 0x1a, 0x00, 0x00, 0x00, 0x00,
  0x00, 0x01, 0x00, 0x01, 0x00, 0x12, 0x00, 0x02, 0x00, 0x01, 0x00, 0x13, 0x00, 0x1c, 0x00, 0x00,
  0x00, 0x02, 0x00, 0x01, 0x00, 0x13, 0x00, 0x1c, 0x00, 0x00, 0x00, 0x02, 0x00, 0x01, 0x00, 0x13,
  0x00, 0x1c, 0x00, 0x00, 0x00, 0x02, 0x00, 0x01, 0x00, 0x13, 0x00, 0x1c, 0x00, 0x00, 0x00, 0x02,
  0x00, 0x01, 0x00, 0x13, 0x00, 0x1c, 0x00, 0x00, 0x00, 0x02, 0x00, 0x01, 0x00, 0x13, 0x00, 0x1c,
  0x00, 0x00, 0x00, 0x01, 0x00, 0x01, 0x00, 0x12, 0x00, 0x03, 0x00, 0x00, 0x00, 0x01, 0x00, 0x1a,
  0x00, 0x07, 0x00, 0x20, 0x00, 0x2a, 0x00, 0x34, 0x00, 0x3e, 0x00, 0x48, 0x00, 0x52, 0x00, 0x5c,
  0x00, 0x00, 0x00, 0x01, 0x00, 0x01, 0x00, 0x12, 0x00, 0x02, 0x00, 0x01, 0x00, 0x13, 0x00, 0x1c,
  0x00, 0x00, 0x00, 0x02, 0x00, 0x01, 0x00, 0x13, 0x00, 0x1c, 0x00, 0x00, 0x00, 0x02, 0x00, 0x01,
  0x00, 0x13, 0x00, 0x1c, 0x00, 0x00, 0x00, 0x02, 0x00, 0x01, 0x00, 0x13, 0x00, 0x1c, 0x00, 0x00,
  0x00, 0x02, 0x00, 0x01, 0x00, 0x13, 0x00, 0x1c, 0x00, 0x00, 0x00, 0x02, 0x00, 0x01, 0x00, 0x13,
  0x00, 0x1c, 0x00, 0x00, 0x00, 0x01, 0x00, 0x01, 0x00, 0x12, 0x00, 0x03, 0x00, 0x06, 0x00, 0x1e,
  0x00, 0x28, 0x00, 0x32, 0x00, 0x3c, 0x00, 0x46, 0x00, 0x50, 0x00, 0x01, 0x00, 0x18, 0x00, 0x00,
  0x00, 0x00, 0x00, 0x01, 0x00, 0x01, 0x00, 0x12, 0x00, 0x02, 0x00, 0x01, 0x00, 0x13, 0x00, 0x1c,
  0x00, 0x00, 0x00, 0x02, 0x00, 0x01, 0x00, 0x13, 0x00, 0x1c, 0x00, 0x00, 0x00, 0x02, 0x00, 0x01,
  0x00, 0x13, 0x00, 0x1c, 0x00, 0x00, 0x00, 0x02, 0x00, 0x01, 0x00, 0x13, 0x00, 0x1c, 0x00, 0x00,
  0x00, 0x02, 0x00, 0x01, 0x00, 0x13, 0x00, 0x1c, 0x00, 0x00, 0x00, 0x01, 0x00, 0x01, 0x00, 0x12,
  0x00, 0x03, 0x00, 0x00, 0x00, 0x01, 0x00, 0x18, 0x00, 0x06, 0x00, 0x1e, 0x00, 0x28, 0x00, 0x32,
  0x00, 0x3c, 0x00, 0x46, 0x00, 0x50, 0x00, 0x00, 0x00, 0x01, 0x00, 0x01, 0x00, 0x12, 0x00, 0x02,
  0x00, 0x01, 0x00, 0x13, 0x00, 0x1c, 0x00, 0x00, 0x00, 0x02, 0x00, 0x01, 0x00, 0x13, 0x00, 0x1c,
  0x00, 0x00, 0x00, 0x02, 0x00, 0x01, 0x00, 0x13, 0x00, 0x1c, 0x00, 0x00, 0x00, 0x02, 0x00, 0x01,
  0x00, 0x13, 0x00, 0x1c, 0x00, 0x00, 0x00, 0x02, 0x00, 0x01, 0x00, 0x13, 0x00, 0x1c, 0x00, 0x00,
  0x00, 0x01, 0x00, 0x01, 0x00, 0x12, 0x00, 0x03, 0x00, 0x05, 0x00, 0x1c, 0x00, 0x26, 0x00, 0x30,
  0x00, 0x3a, 0x00, 0x44, 0x00, 0x01, 0x00, 0x16, 0x00, 0x00, 0x00, 0x00, 0x00, 0x01, 0x00, 0x01,
  0x00, 0x12, 0x00, 0x02, 0x00, 0x01, 0x00, 0x13, 0x00, 0x1c, 0x00, 0x00, 0x00, 0x02, 0x00, 0x01,
  0x00, 0x13, 0x00, 0x1c, 0x00, 0x00, 0x00, 0x02, 0x00, 0x01, 0x00, 0x13, 0x00, 0x1c, 0x00, 0x00,
  0x00, 0x02, 0x00, 0x01, 0x00, 0x13, 0x00, 0x1c, 0x00, 0x00, 0x00, 0x01, 0x00, 0x01, 0x00, 0x12,
  0x00, 0x03, 0x00, 0x00, 0x00, 0x01, 0x00, 0x16, 0x00, 0x05, 0x00, 0x1c, 0x00, 0x26, 0x00, 0x30,
  0x00, 0x3a, 0x00, 0x44, 0x00, 0x00, 0x00, 0x01, 0x00, 0x01, 0x00, 0x12, 0x00, 0x02, 0x00, 0x01,
  0x00, 0x13, 0x00, 0x1c, 0x00, 0x00, 0x00, 0x02, 0x00, 0x01, 0x00, 0x13, 0x00, 0x1c, 0x00, 0x00,
  0x00, 0x02, 0x00, 0x01, 0x00, 0x13, 0x00, 0x1c, 0x00, 0x00, 0x00, 0x02, 0x00, 0x01, 0x00, 0x13,
  0x00, 0x1c, 0x00, 0x00, 0x00, 0x01, 0x00, 0x01, 0x00, 0x12, 0x00, 0x03, 0x00, 0x04, 0x00, 0x1a,
  0x00, 0x24, 0x00, 0x2e, 0x00, 0x38, 0x00, 0x01, 0x00, 0x14, 0x00, 0x00, 0x00, 0x00, 0x00, 0x01,
  0x00, 0x01, 0x00, 0x12, 0x00, 0x02, 0x00, 0x01, 0x00, 0x13, 0x00, 0x1c, 0x00, 0x00, 0x00, 0x02,
  0x00, 0x01, 0x00, 0x13, 0x00, 0x1c, 0x00, 0x00, 0x00, 0x02, 0x00, 0x01, 0x00, 0x13, 0x00, 0x1c,
  0x00, 0x00, 0x00, 0x01, 0x00, 0x01, 0x00, 0x12, 0x00, 0x03, 0x00, 0x00, 0x00, 0x01, 0x00, 0x14,
  0x00, 0x04, 0x00, 0x1a, 0x00, 0x24, 0x00, 0x2e, 0x00, 0x38, 0x00, 0x00, 0x00, 0x01, 0x00, 0x01,
  0x00, 0x12, 0x00, 0x02, 0x00, 0x01, 0x00, 0x13, 0x00, 0x1c, 0x00, 0x00, 0x00, 0x02, 0x00, 0x01,
  0x00, 0x13, 0x00, 0x1c, 0x00, 0x00, 0x00, 0x02, 0x00, 0x01, 0x00, 0x13, 0x00, 0x1c, 0x00, 0x00,
  0x00, 0x01, 0x00, 0x01, 0x00, 0x12, 0x00, 0x03, 0x00, 0x03, 0x00, 0x18, 0x00, 0x22, 0x00, 0x2c,
  0x00, 0x01, 0x00, 0x12, 0x00, 0x00, 0x00, 0x00, 0x00, 0x01, 0x00, 0x01, 0x00, 0x12, 0x00, 0x02,
  0x00, 0x01, 0x00, 0x13, 0x00, 0x1c, 0x00, 0x00, 0x00, 0x02, 0x00, 0x01, 0x00, 0x13, 0x00, 0x1c,
  0x00, 0x00, 0x00, 0x01, 0x00, 0x01, 0x00, 0x12, 0x00, 0x03, 0x00, 0x00, 0x00, 0x01, 0x00, 0x12,
  0x00, 0x03, 0x00, 0x18, 0x00, 0x22, 0x00, 0x2c, 0x00, 0x00, 0x00, 0x01, 0x00, 0x01, 0x00, 0x12,
  0x00, 0x02, 0x00, 0x01, 0x00, 0x13, 0x00, 0x1c, 0x00, 0x00, 0x00, 0x02, 0x00, 0x01, 0x00, 0x13,
  0x00, 0x1c, 0x00, 0x00, 0x00, 0x01, 0x00, 0x01, 0x00, 0x12, 0x00, 0x03, 0x00, 0x02, 0x00, 0x16,
  0x00, 0x20, 0x00, 0x01, 0x00, 0x10, 0x00, 0x00, 0x00, 0x00, 0x00, 0x01, 0x00, 0x01, 0x00, 0x12,
  0x00, 0x02, 0x00, 0x01, 0x00, 0x13, 0x00, 0x1c, 0x00, 0x00, 0x00, 0x01, 0x00, 0x01, 0x00, 0x12,
  0x00, 0x03, 0x00, 0x00, 0x00, 0x01, 0x00, 0x10, 0x00, 0x02, 0x00, 0x16, 0x00, 0x20, 0x00, 0x00,
  0x00, 0x01, 0x00, 0x01, 0x00, 0x12, 0x00, 0x02, 0x00, 0x01, 0x00, 0x13, 0x00, 0x1c, 0x00, 0x00,
  0x00, 0x01, 0x00, 0x01, 0x00, 0x12, 0x00, 0x03, 0x00, 0x01, 0x00, 0x16, 0x00, 0x01, 0x00, 0x10,
  0x00, 0x01, 0x00, 0x20, 0x00, 0x00, 0x00, 0x01, 0x00, 0x01, 0x00, 0x12, 0x00, 0x02, 0x00, 0x01,
  0x00, 0x13, 0x00, 0x1c, 0x00, 0x00, 0x00, 0x02, 0x00, 0x01, 0x00, 0x13, 0x00, 0x1c, 0x00, 0x00,
  0x00, 0x03, 0x00, 0x00, 0x00, 0x01, 0x00, 0x0e, 0x00, 0x01, 0x00, 0x18, 0x00, 0x00, 0x00, 0x02,
  0x00, 0x01, 0x00, 0x13, 0x00, 0x1c, 0x00, 0x00, 0x00, 0x01, 0x00, 0x00, 0x00, 0x03, 0x00, 0x00,
  0x00, 0x01, 0x00, 0x10, 0x00, 0x02, 0x00, 0x1a, 0x00, 0x1e, 0x00, 0x00, 0x00, 0x02, 0x00, 0x01,
  0x00, 0x13, 0x00, 0x1c, 0x00, 0x00, 0x00, 0x01, 0x00, 0x00, 0x00, 0x01, 0x00, 0x00, 0x00, 0x03,
  0x00, 0x00, 0x00, 0x01, 0x00, 0x12, 0x00, 0x03, 0x00, 0x1c, 0x00, 0x20, 0x00, 0x24, 0x00, 0x00,
  0x00, 0x02, 0x00, 0x01, 0x00, 0x13, 0x00, 0x1c, 0x00, 0x00, 0x00, 0x01, 0x00, 0x00, 0x00, 0x01,
  0x00, 0x00, 0x00, 0x01, 0x00, 0x00, 0x00, 0x03, 0x00, 0x00, 0x00, 0x01, 0x00, 0x14, 0x00, 0x04,
  0x00, 0x1e, 0x00, 0x22, 0x00, 0x26, 0x00, 0x2a, 0x00, 0x00, 0x00, 0x02, 0x00, 0x01, 0x00, 0x13,
  0x00, 0x1c, 0x00, 0x00, 0x00, 0x01, 0x00, 0x00, 0x00, 0x01, 0x00, 0x00, 0x00, 0x01, 0x00, 0x00,
  0x00, 0x01, 0x00, 0x00, 0x00, 0x03, 0x00, 0x00, 0x00, 0x01, 0x00, 0x16, 0x00, 0x05, 0x00, 0x20,
  0x00, 0x24, 0x00, 0x28, 0x00, 0x2c, 0x00, 0x30, 0x00, 0x00, 0x00, 0x02, 0x00, 0x01, 0x00, 0x13,
  0x00, 0x1c, 0x00, 0x00, 0x00, 0x01, 0x00, 0x00, 0x00, 0x01, 0x00, 0x00, 0x00, 0x01, 0x00, 0x00,
  0x00, 0x01, 0x00, 0x00, 0x00, 0x01, 0x00, 0x00, 0x00, 0x03, 0x00, 0x00, 0x00, 0x01, 0x00, 0x18,
  0x00, 0x06, 0x00, 0x22, 0x00, 0x26, 0x00, 0x2a, 0x00, 0x2e, 0x00, 0x32, 0x00, 0x36, 0x00, 0x00,
  0x00, 0x02, 0x00, 0x01, 0x00, 0x13, 0x00, 0x1c, 0x00, 0x00, 0x00, 0x01, 0x00, 0x00, 0x00, 0x01,
  0x00, 0x00, 0x00, 0x01, 0x00, 0x00, 0x00, 0x01, 0x00, 0x00, 0x00, 0x01, 0x00, 0x00, 0x00, 0x01,
  0x00, 0x00, 0x00, 0x03, 0x00, 0x00, 0x00, 0x01, 0x00, 0x1a, 0x00, 0x07, 0x00, 0x24, 0x00, 0x28,
  0x00, 0x2c, 0x00, 0x30, 0x00, 0x34, 0x00, 0x38, 0x00, 0x3c, 0x00, 0x00, 0x00, 0x02, 0x00, 0x01,
  0x00, 0x13, 0x00, 0x1c, 0x00, 0x00, 0x00, 0x01, 0x00, 0x00, 0x00, 0x01, 0x00, 0x00, 0x00, 0x01,
  0x00, 0x00, 0x00, 0x01, 0x00, 0x00, 0x00, 0x01, 0x00, 0x00, 0x00, 0x01, 0x00, 0x00, 0x00, 0x01,
  0x00, 0x00, 0x00, 0x03, 0x00, 0x00, 0x00, 0x01, 0x00, 0x1c, 0x00, 0x08, 0x00, 0x26, 0x00, 0x2a,
  0x00, 0x2e, 0x00, 0x32, 0x00, 0x36, 0x00, 0x3a, 0x00, 0x3e, 0x00, 0x42, 0x00, 0x00, 0x00, 0x02,
  0x00, 0x01, 0x00, 0x13, 0x00, 0x1c, 0x00, 0x00, 0x00, 0x01, 0x00, 0x00, 0x00, 0x01, 0x00, 0x00,
  0x00, 0x01, 0x00, 0x00, 0x00, 0x01, 0x00, 0x00, 0x00, 0x01, 0x00, 0x00, 0x00, 0x01, 0x00, 0x00,
  0x00, 0x01, 0x00, 0x00, 0x00, 0x01, 0x00, 0x00, 0x00, 0x03, 0x00, 0x00, 0x00, 0x01, 0x00, 0x1e,
  0x00, 0x09, 0x00, 0x28, 0x00, 0x2c, 0x00, 0x30, 0x00, 0x34, 0x00, 0x38, 0x00, 0x3c, 0x00, 0x40,
  0x00, 0x44, 0x00, 0x48, 0x00, 0x00, 0x00, 0x02, 0x00, 0x01, 0x00, 0x13, 0x00, 0x1c, 0x00, 0x00,
  0x00, 0x01, 0x00, 0x00, 0x00, 0x01, 0x00, 0x00, 0x00, 0x01, 0x00, 0x00, 0x00, 0x01, 0x00, 0x00,
  0x00, 0x01, 0x00, 0x00, 0x00, 0x01, 0x00, 0x00, 0x00, 0x01, 0x00, 0x00, 0x00, 0x01, 0x00, 0x00,
  0x00, 0x01, 0x00, 0x00, 0x00, 0x03, 0x00, 0x00, 0x00, 0x01, 0x00, 0x20, 0x00, 0x0a, 0x00, 0x2a,
  0x00, 0x2e, 0x00, 0x32, 0x00, 0x36, 0x00, 0x3a, 0x00, 0x3e, 0x00, 0x42, 0x00, 0x46, 0x00, 0x4a,
  0x00, 0x4e, 0x00, 0x00, 0x00, 0x02, 0x00, 0x01, 0x00, 0x13, 0x00, 0x1c, 0x00, 0x00, 0x00, 0x01,
  0x00, 0x00, 0x00, 0x01, 0x00, 0x00, 0x00, 0x01, 0x00, 0x00, 0x00, 0x01, 0x00, 0x00, 0x00, 0x01,
  0x00, 0x00, 0x00, 0x01, 0x00, 0x00, 0x00, 0x01, 0x00, 0x00, 0x00, 0x01, 0x00, 0x00, 0x00, 0x01,
  0x00, 0x00, 0x00, 0x01, 0x00, 0x00, 0x00, 0x03, 0x00, 0x01, 0x00, 0x18, 0x00, 0x01, 0x00, 0x0e,
  0x00, 0x00, 0x00, 0x00, 0x00, 0x02, 0x00, 0x01, 0x00, 0x13, 0x00, 0x1c, 0x00, 0x00, 0x00, 0x01,
  0x00, 0x00, 0x00, 0x02, 0x00, 0x0c, 0x00, 0x03, 0x00, 0x7b, 0x00, 0x74, 0x00, 0x75, 0x00, 0x01,
  0x00, 0x03, 0x00, 0x14, 0x00, 0x15, 0x00, 0x16, 0x00, 0x01, 0x00, 0x00, 0x00, 0x0a, 0x00, 0x70,
  0x00, 0x8a, 0x00, 0x04, 0x20, 0x20, 0x20, 0x20, 0x00, 0x1a, 0x63, 0x79, 0x72, 0x6c, 0x00, 0x26,
  0x67, 0x72, 0x65, 0x6b, 0x00, 0x32, 0x6c, 0x61, 0x74, 0x6e, 0x00, 0x3e, 0x00, 0x04, 0x00, 0x00,
  0x00, 0x00, 0xff, 0xff, 0x00, 0x01, 0x00, 0x00, 0x00, 0x04, 0x00, 0x00, 0x00, 0x00, 0xff, 0xff,
  0x00, 0x01, 0x00, 0x00, 0x00, 0x04, 0x00, 0x00, 0x00, 0x00, 0xff, 0xff, 0x00, 0x01, 0x00, 0x00,
  0x00, 0x16, 0x00, 0x03, 0x43, 0x41, 0x54, 0x20, 0x00, 0x16, 0x4d, 0x4f, 0x4c, 0x20, 0x00, 0x16,
  0x52, 0x4f, 0x4d, 0x20, 0x00, 0x1e, 0x00, 0x00, 0xff, 0xff, 0x00, 0x01, 0x00, 0x00, 0x00, 0x00,
  0xff, 0xff, 0x00, 0x02, 0x00, 0x00, 0x00, 0x01, 0x00, 0x02, 0x6b, 0x65, 0x72, 0x6e, 0x00, 0x0e,
  0x6c, 0x6f, 0x63, 0x6c, 0x00, 0x14, 0x00, 0x00, 0x00, 0x01, 0x00, 0x00, 0x00, 0x00, 0x00, 0x01,
  0x00, 0x00, 0x00, 0x01, 0x00, 0x04, 0x00, 0x02, 0x00, 0x00, 0x00, 0x04, 0x00, 0x0e, 0x01, 0x12,
  0x08, 0x6c, 0x12, 0x7c, 0x00, 0x01, 0x00, 0xd8, 0x00, 0x04, 0x00, 0x00, 0x00, 0x14, 0x00, 0x32,
  0x00, 0x38, 0x00, 0x38, 0x00, 0x3e, 0x00, 0x48, 0x00, 0x4e, 0x00, 0x54, 0x00, 0x62, 0x00, 0x68,
  0x00, 0x6e, 0x00, 0x84, 0x00, 0x8e, 0x00, 0xa0, 0x00, 0xba, 0x00, 0xc4, 0x00, 0xd2, 0x00, 0xd2,
  0x00, 0x38, 0x00, 0x38, 0x00, 0x38, 0x00, 0x01, 0x00, 0x39, 0x00, 0x29, 0x00, 0x01, 0x00, 0x59,
  0xff, 0x52, 0x00, 0x02, 0x00, 0x12, 0xff, 0x48, 0x00, 0x5b, 0xff, 0xae, 0x00, 0x01, 0x00, 0x39,
  0xff, 0xc3, 0x00, 0x01, 0x00, 0x39, 0xff, 0xd7, 0x00, 0x03, 0x00, 0x0d, 0x00, 0x66, 0x00, 0x12,
  0xff, 0xc3, 0x00, 0x5b, 0xff, 0xd7, 0x00, 0x01, 0x00, 0x12, 0xff, 0xf6, 0x00, 0x01, 0x00, 0x39,
  0xff, 0xd1, 0x00, 0x05, 0x00, 0x0d, 0x00, 0x29, 0x00, 0x12, 0xff, 0x5c, 0x00, 0x23, 0xff, 0xc3,
  0x00, 0x5b, 0xff, 0xdb, 0x00, 0x81, 0xff, 0x1f, 0x00, 0x02, 0x00, 0x39, 0xff, 0x5c, 0x00, 0x81,
  0x00, 0x52, 0x00, 0x04, 0x00, 0x59, 0xff, 0x52, 0x00, 0x5c, 0xff, 0xe1, 0x00, 0xbf, 0xff, 0xe1,
  0x00, 0xc1, 0xff, 0xe1, 0x00, 0x06, 0x00, 0x0f, 0xff, 0x52, 0x00, 0x11, 0xff, 0x52, 0x00, 0x42,
  0xff, 0x52, 0x00, 0xd9, 0xff, 0x52, 0x00, 0xdc, 0xff, 0x52, 0x00, 0xde, 0xff, 0x52, 0x00, 0x02,
  0x00, 0x39, 0xff, 0x1f, 0x00, 0x3f, 0xff, 0x1f, 0x00, 0x03, 0x00, 0x12, 0xff, 0xc3, 0x00, 0x39,
  0xff, 0xae, 0x00, 0x3b, 0xff, 0xa4, 0x00, 0x01, 0x00, 0x22, 0x00, 0x3d, 0x00, 0x01, 0x00, 0x14,
  0x00, 0x0d, 0x00, 0x0f, 0x00, 0x11, 0x00, 0x12, 0x00, 0x23, 0x00, 0x25, 0x00, 0x29, 0x00, 0x2d,
  0x00, 0x34, 0x00, 0x39, 0x00, 0x3f, 0x00, 0x42, 0x00, 0x59, 0x00, 0x81, 0x00, 0xa0, 0x00, 0xb0,
  0x00, 0xb1, 0x00, 0xd9, 0x00, 0xdc, 0x00, 0xde, 0x00, 0x02, 0x07, 0x36, 0x00, 0x04, 0x00, 0x00,
  0x05, 0x20, 0x05, 0x7e, 0x00, 0x12, 0x00, 0x24, 0x00, 0x00, 0xff, 0xec, 0xff, 0xf6, 0xff, 0xe1,
  0xff, 0xec, 0x00, 0x14, 0xff, 0xcd, 0x00, 0x00, 0x00, 0x00, 0x00, 0x00, 0x00, 0x00, 0x00, 0x00,
  0x00, 0x00, 0x00, 0x00, 0x00, 0x00, 0x00, 0x00, 0x00, 0x00, 0x00, 0x00, 0x00, 0x00, 0x00, 0x00,
  0x00, 0x00, 0x00, 0x00, 0x00, 0x00, 0x00, 0x00, 0x00, 0x00, 0x00, 0x00, 0x00, 0x00, 0x00, 0x00,
  0x00, 0x00, 0x00, 0x00, 0x00, 0x00, 0x00, 0x00, 0x00, 0x00, 0x00, 0x00, 0x00, 0x00, 0x00, 0x00,
  0x00, 0x00, 0x00, 0x00, 0x00, 0x00, 0x00, 0x00, 0x00, 0x00, 0x00, 0x29, 0xff, 0x48, 0xff, 0xc3,
  0xff, 0x0a, 0xff, 0xae, 0x00, 0x66, 0x00, 0x3d, 0x00, 0x66, 0xff, 0xd7, 0x00, 0x00, 0x00, 0x00,
  0x00, 0x00, 0x00, 0x00, 0x00, 0x00, 0x00, 0x00, 0x00, 0x00, 0x00, 0x00, 0x00, 0x00, 0x00, 0x00,
  0x00, 0x00, 0x00, 0x00, 0x00, 0x00, 0x00, 0x00, 0x00, 0x00, 0x00, 0x00, 0x00, 0x00, 0x00, 0x00,
  0x00, 0x00, 0x00, 0x00, 0x00, 0x00, 0x00, 0x00, 0x00, 0x00, 0xff, 0xb2, 0xff, 0xe9, 0xff, 0xae,
  0x00, 0x00, 0x00, 0x00, 0x00, 0x00, 0x00, 0x0a, 0xff, 0xae, 0x00, 0x00, 0x00, 0x1f, 0xff, 0xcd,
  0xff, 0xb8, 0x00, 0x00, 0xff, 0xc3, 0xff, 0xec, 0x00, 0x00, 0x00, 0x00, 0x00, 0x00, 0x00, 0x00,
  0x00, 0x00, 0x00, 0x00, 0x00, 0x00, 0x00, 0x00, 0x00, 0x00, 0x00, 0x00, 0x00, 0x00, 0x00, 0x00,
  0x00, 0x00, 0x00, 0x00, 0x00, 0x00, 0x00, 0x00, 0x00, 0x00, 0x00, 0x00, 0x00, 0x00, 0x00, 0x00,
  0x00, 0x00, 0x00, 0x00, 0x00, 0x00, 0x00, 0x00, 0xff, 0x9a, 0x00, 0x00, 0x00, 0x00, 0x00, 0x00,
  0x00, 0x00, 0x00, 0x00, 0x00, 0x00, 0x00, 0x00, 0x00, 0x00, 0xff, 0xae, 0x00, 0x00, 0xff, 0x9a,
  0xff, 0xc3, 0xff, 0xc3, 0xff, 0xc3, 0xff, 0xae, 0xff, 0xae, 0xff, 0xd7, 0x00, 0x00, 0x00, 0x00,
  0x00, 0x00, 0x00, 0x00, 0x00, 0x00, 0x00, 0x00, 0x00, 0x00, 0x00, 0x00, 0x00, 0x00, 0x00, 0x00,
  0x00, 0x00, 0x00, 0x00, 0x00, 0x00, 0x00, 0x00, 0x00, 0x00, 0x00, 0x00, 0xff, 0xcd, 0xff, 0x9a,
  0x00, 0x00, 0x00, 0x00, 0xff, 0x48, 0xff, 0x9a, 0xff, 0x33, 0xff, 0xd7, 0x00, 0x00, 0x00, 0x00,
  0x00, 0x00, 0x00, 0x00, 0xff, 0xb8, 0x00, 0x00, 0x00, 0x00, 0x00, 0x00, 0x00, 0x00, 0x00, 0x00,
  0x00, 0x00, 0x00, 0x00, 0x00, 0x00, 0x00, 0x00, 0x00, 0x00, 0x00, 0x00, 0x00, 0x00, 0x00, 0x00,
  0x00, 0x00, 0x00, 0x00, 0x00, 0x00, 0x00, 0x00, 0x00, 0x00, 0x00, 0x00, 0x00, 0x00, 0x00, 0x00,
  0x00, 0x00, 0x00, 0x1f, 0x00, 0x00, 0x00, 0x00, 0xff, 0x9a, 0xff, 0xc3, 0xff, 0x1f, 0xff, 0x8f,
  0xfe, 0xb8, 0xff, 0x66, 0xff, 0xb8, 0x00, 0x14, 0x00, 0x14, 0xff, 0xb0, 0x00, 0x00, 0xff, 0xc3,
  0xff, 0xa4, 0xff, 0xd7, 0xff, 0xd7, 0xff, 0xcd, 0xff, 0xc3, 0xff, 0xec, 0xff, 0xd1, 0xff, 0xec,
  0xff, 0xec, 0xff, 0xec, 0x00, 0x00, 0x00, 0x00, 0x00, 0x00, 0x00, 0x00, 0x00, 0x00, 0x00, 0x00,
  0x00, 0x00, 0x00, 0x00, 0x00, 0x00, 0x00, 0x00, 0x00, 0x00, 0x00, 0x00, 0x00, 0x00, 0x00, 0x00,
  0xff, 0xd7, 0x00, 0x29, 0x00, 0x29, 0x00, 0x00, 0xff, 0x33, 0xff, 0xf6, 0xff, 0x85, 0xff, 0xec,
  0xff, 0xec, 0x00, 0x00, 0x00, 0x00, 0xff, 0xd7, 0xff, 0xf6, 0x00, 0x00, 0x00, 0x00, 0x00, 0x00,
  0xff, 0xe1, 0xff, 0xd7, 0xff, 0xc3, 0xff, 0xec, 0x00, 0x00, 0x00, 0x00, 0x00, 0x00, 0x00, 0x00,
  0x00, 0x00, 0x00, 0x00, 0x00, 0x00, 0x00, 0x00, 0x00, 0x00, 0x00, 0x00, 0x00, 0x00, 0x00, 0x00,
  0x00, 0x00, 0x00, 0x00, 0x00, 0x00, 0xff, 0x48, 0x00, 0x00, 0x00, 0x00, 0x00, 0x00, 0x00, 0x00,
  0x00, 0x00, 0x00, 0x00, 0x00, 0x00, 0x00, 0x00, 0x00, 0x00, 0x00, 0x00, 0x00, 0x00, 0x00, 0x00,
  0x00, 0x00, 0x00, 0x00, 0x00, 0x00, 0x00, 0x00, 0x00, 0x00, 0x00, 0x00, 0x00, 0x00, 0x00, 0x00,
  0x00, 0x00, 0x00, 0x00, 0x00, 0x00, 0x00, 0x00, 0x00, 0x00, 0x00, 0x00, 0x00, 0x00, 0x00, 0x00,
  0x00, 0x00, 0x00, 0x00, 0x00, 0x00, 0x00, 0x00, 0x00, 0x00, 0x00, 0x00, 0x00, 0x29, 0x00, 0x00,
  0x00, 0x00, 0x00, 0x00, 0xff, 0xae, 0xff, 0x85, 0x00, 0x00, 0xff, 0x48, 0x00, 0x00, 0x00, 0x00,
  0x00, 0x00, 0x00, 0x00, 0x00, 0x00, 0x00, 0x00, 0x00, 0x00, 0x00, 0x00, 0x00, 0x00, 0x00, 0x00,
  0x00, 0x00, 0x00, 0x00, 0x00, 0x00, 0x00, 0x00, 0x00, 0x00, 0x00, 0x00, 0xff, 0x71, 0x00, 0x52,
  0x00, 0x3d, 0x00, 0x29, 0x00, 0x00, 0x00, 0x00, 0x00, 0x00, 0x00, 0x00, 0x00, 0x00, 0x00, 0x00,
  0x00, 0x00, 0xff, 0x9a, 0xff, 0xd7, 0xff, 0x85, 0x00, 0x00, 0x00, 0x00, 0x00, 0x00, 0x00, 0x00,
  0x00, 0x00, 0x00, 0x00, 0x00, 0x00, 0x00, 0x00, 0x00, 0x00, 0x00, 0x00, 0x00, 0x00, 0x00, 0x00,
  0x00, 0x00, 0x00, 0x00, 0x00, 0x00, 0x00, 0x00, 0x00, 0x00, 0x00, 0x00, 0x00, 0x00, 0x00, 0x00,
  0x00, 0x00, 0x00, 0x00, 0x00, 0x00, 0x00, 0x00, 0x00, 0x00, 0x00, 0x00, 0x00, 0x00, 0x00, 0x00,
  0x00, 0x00, 0x00, 0x00, 0x00, 0x00, 0x00, 0x00, 0x00, 0x00, 0xff, 0x33, 0xff, 0xc3, 0xff, 0x48,
  0x00, 0x00, 0x00, 0x00, 0x00, 0x00, 0x00, 0x00, 0x00, 0x00, 0x00, 0x00, 0x00, 0x00, 0x00, 0x00,
  0x00, 0x00, 0x00, 0x00, 0x00, 0x00, 0x00, 0x00, 0x00, 0x00, 0x00, 0x00, 0x00, 0x00, 0x00, 0x00,
  0x00, 0x00, 0xff, 0x9a, 0xff, 0xd7, 0x00, 0x00, 0x00, 0x00, 0x00, 0x00, 0x00, 0x00, 0x00, 0x00,
  0xff, 0x9a, 0x00, 0x00, 0xff, 0xd7, 0x00, 0x00, 0x00, 0x00, 0x00, 0x00, 0x00, 0x00, 0x00, 0x00,
  0x00, 0x00, 0x00, 0x00, 0x00, 0x00, 0x00, 0x00, 0x00, 0x00, 0x00, 0x00, 0x00, 0x00, 0x00, 0x00,
  0x00, 0x00, 0x00, 0x00, 0x00, 0x00, 0x00, 0x00, 0x00, 0x00, 0x00, 0x00, 0x00, 0x00, 0x00, 0x00,
  0x00, 0x00, 0x00, 0x00, 0x00, 0x00, 0x00, 0x00, 0x00, 0x00, 0x00, 0x00, 0x00, 0x00, 0x00, 0x00,
  0x00, 0x00, 0x00, 0x00, 0xff, 0x71, 0x00, 0x00, 0x00, 0x00, 0x00, 0x00, 0x00, 0x00, 0x00, 0x00,
  0x00, 0x00, 0x00, 0x00, 0x00, 0x00, 0x00, 0x00, 0x00, 0x00, 0x00, 0x00, 0xff, 0x9a, 0xff, 0x0a,
  0x00, 0x00, 0x00, 0x00, 0x00, 0x00, 0x00, 0x00, 0x00, 0x00, 0x00, 0x00, 0x00, 0x00, 0xff, 0x33,
  0xff, 0x48, 0x00, 0x00, 0x00, 0x00, 0x00, 0x00, 0x00, 0x00, 0x00, 0x00, 0x00, 0x00, 0x00, 0x00,
  0x00, 0x00, 0x00, 0x00, 0x00, 0x00, 0x00, 0x00, 0x00, 0x00, 0x00, 0x00, 0x00, 0x00, 0x00, 0x00,
  0x00, 0x00, 0x00, 0x00, 0x00, 0x00, 0x00, 0x00, 0x00, 0x00, 0x00, 0x00, 0x00, 0x00, 0x00, 0x00,
  0x00, 0x00, 0x00, 0x00, 0x00, 0x00, 0xff, 0x5c, 0x00, 0x00, 0x00, 0x00, 0x00, 0x00, 0x00, 0x00,
  0x00, 0x00, 0x00, 0x00, 0x00, 0x00, 0x00, 0x00, 0x00, 0x00, 0x00, 0x00, 0x00, 0x00, 0x00, 0x00,
  0x00, 0x00, 0x00, 0x00, 0x00, 0x00, 0x00, 0x00, 0x00, 0x00, 0x00, 0x00, 0x00, 0x00, 0x00, 0x00,
  0x00, 0x00, 0x00, 0x00, 0x00, 0x00, 0x00, 0x00, 0x00, 0x00, 0x00, 0x00, 0x00, 0x00, 0x00, 0x00,
  0x00, 0x00, 0x00, 0x00, 0x00, 0x00, 0x00, 0x00, 0x00, 0x00, 0x00, 0x14, 0x00, 0x00, 0x00, 0x14,
  0xff, 0x71, 0xff, 0xc3, 0x00, 0x00, 0xff, 0x5c, 0xfe, 0xcd, 0xff, 0x48, 0x00, 0x00, 0x00, 0x00,
  0x00, 0x00, 0xff, 0x9a, 0x00, 0x00, 0x00, 0x00, 0xff, 0x85, 0x00, 0x00, 0x00, 0x00, 0xff, 0xd7,
  0xff, 0x9a, 0x00, 0x00, 0xff, 0xd7, 0xff, 0xec, 0x00, 0x00, 0x00, 0x00, 0xff, 0x85, 0x00, 0x00,
  0x00, 0x00, 0x00, 0x29, 0x00, 0x00, 0xff, 0xec, 0xff, 0xec, 0xff, 0xd7, 0xff, 0xc3, 0xff, 0xec,
  0x00, 0x00, 0x00, 0x00, 0x00, 0x00, 0x00, 0x00, 0x00, 0x00, 0x00, 0x00, 0x00, 0x00, 0x00, 0x00,
  0x00, 0x00, 0x00, 0x00, 0x00, 0x00, 0x00, 0x00, 0x00, 0x00, 0x00, 0x00, 0x00, 0x00, 0x00, 0x00,
  0x00, 0x00, 0x00, 0x00, 0x00, 0x00, 0x00, 0x00, 0x00, 0x00, 0x00, 0x00, 0x00, 0x00, 0x00, 0x00,
  0x00, 0x00, 0x00, 0x00, 0xff, 0x9a, 0x00, 0x00, 0x00, 0x00, 0x00, 0x00, 0x00, 0x00, 0x00, 0x00,
  0x00, 0x00, 0x00, 0x00, 0x00, 0x00, 0x00, 0x00, 0x00, 0x00, 0x00, 0x00, 0x00, 0x00, 0x00, 0x00,
  0x00, 0x00, 0x00, 0x00, 0x00, 0x00, 0xff, 0xc3, 0x00, 0x00, 0x00, 0x00, 0x00, 0x00, 0x00, 0x00,
  0x00, 0x00, 0x00, 0x00, 0x00, 0x00, 0x00, 0x00, 0x00, 0x00, 0x00, 0x00, 0x00, 0x00, 0x00, 0x00,
  0x00, 0x00, 0x00, 0x00, 0x00, 0x00, 0x00, 0x00, 0x00, 0x00, 0x00, 0x00, 0x00, 0x00, 0x00, 0x00,
  0x00, 0x00, 0x00, 0x00, 0x00, 0x00, 0x00, 0x00, 0x00, 0x00, 0x00, 0x00, 0x00, 0x00, 0x00, 0x00,
  0x00, 0x00, 0x00, 0x00, 0x00, 0x00, 0x00, 0x00, 0xff, 0xe5, 0x00, 0x00, 0x00, 0x00, 0x00, 0x00,
  0x00, 0x00, 0x00, 0x00, 0xff, 0x9a, 0x00, 0x00, 0x00, 0x00, 0x00, 0x00, 0x00, 0x00, 0x00, 0x00,
  0xff, 0xe1, 0xff, 0xae, 0x00, 0x00, 0x00, 0x00, 0xff, 0xf2, 0x00, 0x00, 0x00, 0x00, 0x00, 0x00,
  0x00, 0x00, 0x00, 0x00, 0x00, 0x00, 0x00, 0x00, 0x00, 0x00, 0x00, 0x00, 0x00, 0x00, 0x00, 0x00,
  0x00, 0x00, 0x00, 0x00, 0x00, 0x00, 0x00, 0x00, 0x00, 0x02, 0x00, 0x0f, 0x00, 0x09, 0x00, 0x09,
  0x00, 0x07, 0x00, 0x0d, 0x00, 0x0d, 0x00, 0x08, 0x00, 0x12, 0x00, 0x12, 0x00, 0x0e, 0x00, 0x23,
  0x00, 0x23, 0x00, 0x09, 0x00, 0x29, 0x00, 0x29, 0x00, 0x01, 0x00, 0x34, 0x00, 0x34, 0x00, 0x02,
  0x00, 0x39, 0x00, 0x39, 0x00, 0x05, 0x00, 0x3b, 0x00, 0x3b, 0x00, 0x06, 0x00, 0x3f, 0x00, 0x3f,
  0x00, 0x0a, 0x00, 0x5b, 0x00, 0x5b, 0x00, 0x11, 0x00, 0x65, 0x00, 0x65, 0x00, 0x0f, 0x00, 0x72,
  0x00, 0x72, 0x00, 0x0b, 0x00, 0x81, 0x00, 0x81, 0x00, 0x0c, 0x00, 0xa0, 0x00, 0xa0, 0x00, 0x04,
  0x00, 0xe4, 0x00, 0xe4, 0x00, 0x10, 0x00, 0x01, 0x00, 0x0f, 0x00, 0xd9, 0x00, 0x06, 0x00, 0x0a,
  0x00, 0x06, 0x00, 0x00, 0x00, 0x23, 0x00, 0x1b, 0x00, 0x22, 0x00, 0x00, 0x00, 0x1a, 0x00, 0x00,
  0x00, 0x21, 0x00, 0x1d, 0x00, 0x1f, 0x00, 0x20, 0x00, 0x05, 0x00, 0x05, 0x00, 0x00, 0x00, 0x00,
  0x00, 0x00, 0x00, 0x1c, 0x00, 0x00, 0x00, 0x07, 0x00, 0x00, 0x00, 0x16, 0x00, 0x00, 0x00, 0x00,
  0x00, 0x00, 0x00, 0x16, 0x00, 0x00, 0x00, 0x00, 0x00, 0x09, 0x00, 0x00, 0x00, 0x00, 0x00, 0x00,
  0x00, 0x00, 0x00, 0x16, 0x00, 0x00, 0x00, 0x16, 0x00, 0x00, 0x00, 0x17, 0x00, 0x01, 0x00, 0x00,
  0x00, 0x00, 0x00, 0x02, 0x00, 0x00, 0x00, 0x03, 0x00, 0x0e, 0x00, 0x00, 0x00, 0x00, 0x00, 0x00,
  0x00, 0x00, 0x00, 0x06, 0x00, 0x00, 0x00, 0x04, 0x00, 0x00, 0x00, 0x10, 0x00, 0x10, 0x00, 0x10,
  0x00, 0x18, 0x00, 0x10, 0x00, 0x00, 0x00, 0x00, 0x00, 0x00, 0x00, 0x00, 0x00, 0x00, 0x00, 0x13,
  0x00, 0x13, 0x00, 0x10, 0x00, 0x13, 0x00, 0x10, 0x00, 0x13, 0x00, 0x14, 0x00, 0x19, 0x00, 0x0f,
  0x00, 0x15, 0x00, 0x1e, 0x00, 0x00, 0x00, 0x15, 0x00, 0x0d, 0x00, 0x00, 0x00, 0x00, 0x00, 0x00,
  0x00, 0x00, 0x00, 0x00, 0x00, 0x00, 0x00, 0x00, 0x00, 0x00, 0x00, 0x00, 0x00, 0x00, 0x00, 0x00,
  0x00, 0x00, 0x00, 0x00, 0x00, 0x00, 0x00, 0x00, 0x00, 0x11, 0x00, 0x00, 0x00, 0x00, 0x00, 0x00,
  0x00, 0x00, 0x00, 0x00, 0x00, 0x00, 0x00, 0x00, 0x00, 0x00, 0x00, 0x00, 0x00, 0x00, 0x00, 0x00,
  0x00, 0x0a, 0x00, 0x00, 0x00, 0x00, 0x00, 0x00, 0x00, 0x12, 0x00, 0x00, 0x00, 0x00, 0x00, 0x00,
  0x00, 0x00, 0x00, 0x07, 0x00, 0x07, 0x00, 0x07, 0x00, 0x07, 0x00, 0x07, 0x00, 0x07, 0x00, 0x08,
  0x00, 0x16, 0x00, 0x00, 0x00, 0x00, 0x00, 0x00, 0x00, 0x00, 0x00, 0x00, 0x00, 0x00, 0x00, 0x00,
  0x00, 0x00, 0x00, 0x00, 0x00, 0x00, 0x00, 0x16, 0x00, 0x16, 0x00, 0x16, 0x00, 0x16, 0x00, 0x16,
  0x00, 0x00, 0x00, 0x16, 0x00, 0x00, 0x00, 0x00, 0x00, 0x00, 0x00, 0x00, 0x00, 0x03, 0x00, 0x00,
  0x00, 0x00, 0x00, 0x04, 0x00, 0x04, 0x00, 0x04, 0x00, 0x04, 0x00, 0x04, 0x00, 0x04, 0x00, 0x04,
  0x00, 0x10, 0x00, 0x10, 0x00, 0x10, 0x00, 0x10, 0x00, 0x10, 0x00, 0x00, 0x00, 0x00, 0x00, 0x00,
  0x00, 0x00, 0x00, 0x10, 0x00, 0x13, 0x00, 0x10, 0x00, 0x10, 0x00, 0x10, 0x00, 0x10, 0x00, 0x10,
  0x00, 0x00, 0x00, 0x10, 0x00, 0x0f, 0x00, 0x0f, 0x00, 0x0f, 0x00, 0x0f, 0x00, 0x15, 0x00, 0x00,
  0x00, 0x15, 0x00, 0x16, 0x00, 0x10, 0x00, 0x03, 0x00, 0x00, 0x00, 0x00, 0x00, 0x00, 0x00, 0x00,
  0x00, 0x00, 0x00, 0x00, 0x00, 0x00, 0x00, 0x00, 0x00, 0x00, 0x00, 0x00, 0x00, 0x00, 0x00, 0x00,
  0x00, 0x00, 0x00, 0x00, 0x00, 0x00, 0x00, 0x00, 0x00, 0x0a, 0x00, 0x0a, 0x00, 0x0b, 0x00, 0x0c,
  0x00, 0x06, 0x00, 0x0b, 0x00, 0x0c, 0x00, 0x06, 0x00, 0x00, 0x00, 0x06, 0x00, 0x00, 0x00, 0x11,
  0x00, 0x12, 0x00, 0x00, 0x00, 0x00, 0x00, 0x00, 0x00, 0x00, 0x00, 0x18, 0x00, 0x18, 0x00, 0x01,
  0x00, 0x10, 0x00, 0x09, 0x00, 0x0d, 0x00, 0x12, 0x00, 0x23, 0x00, 0x25, 0x00, 0x29, 0x00, 0x34,
  0x00, 0x39, 0x00, 0x3b, 0x00, 0x3f, 0x00, 0x5b, 0x00, 0x65, 0x00, 0x72, 0x00, 0x81, 0x00, 0xa0,
  0x00, 0xe4, 0x00, 0x02, 0x09, 0xca, 0x00, 0x04, 0x00, 0x00, 0x07, 0x56, 0x08, 0x0e, 0x00, 0x13,
  0x00, 0x31, 0x00, 0x00, 0xff, 0xc3, 0x00, 0x00, 0x00, 0x00, 0x00, 0x00, 0x00, 0x00, 0x00, 0x00,
  0x00, 0x00, 0x00, 0x00, 0x00, 0x00, 0x00, 0x3d, 0xff, 0x71, 0xff, 0x85, 0x00, 0x29, 0x00, 0x3d,
  0x00, 0x00, 0x00, 0x00, 0x00, 0x00, 0x00, 0x00, 0x00, 0x00, 0x00, 0x00, 0x00, 0x00, 0x00, 0x00,
  0x00, 0x00, 0x00, 0x00, 0x00, 0x00, 0x00, 0x00, 0x00, 0x00, 0x00, 0x00, 0x00, 0x00, 0x00, 0x00,
  0x00, 0x00, 0x00, 0x00, 0x00, 0x00, 0x00, 0x00, 0x00, 0x00, 0x00, 0x00, 0x00, 0x00, 0x00, 0x00,
  0x00, 0x00, 0x00, 0x00, 0x00, 0x00, 0x00, 0x00, 0x00, 0x00, 0x00, 0x00, 0x00, 0x00, 0x00, 0x00,
  0x00, 0x00, 0x00, 0x00, 0x00, 0x00, 0xff, 0x1f, 0x00, 0x29, 0xff, 0xae, 0x00, 0x00, 0x00, 0x00,
  0x00, 0x00, 0x00, 0x00, 0x00, 0x00, 0x00, 0x00, 0x00, 0x48, 0xff, 0x1f, 0xfe, 0xe1, 0xff, 0x66,
  0xff, 0x85, 0x00, 0x29, 0xff, 0x8f, 0x00, 0x52, 0xff, 0xd7, 0xff, 0xb8, 0xff, 0x3d, 0x00, 0x29,
  0xff, 0xec, 0xff, 0xd7, 0xff, 0xc3, 0xff, 0xcd, 0xff, 0xd7, 0xff, 0xd7, 0xff, 0xec, 0xff, 0x9a,
  0xff, 0x33, 0xff, 0x71, 0xff, 0x71, 0xff, 0xec, 0xff, 0xae, 0xff, 0xae, 0xff, 0xd7, 0x00, 0x14,
  0xff, 0xec, 0x00, 0x29, 0xff, 0x9a, 0x00, 0x00, 0x00, 0x00, 0x00, 0x00, 0x00, 0x00, 0x00, 0x00,
  0x00, 0x00, 0x00, 0x00, 0x00, 0x00, 0x00, 0x00, 0x00, 0x00, 0x00, 0x00, 0xff, 0xc3, 0x00, 0x29,
  0x00, 0x00, 0x00, 0x00, 0x00, 0x00, 0x00, 0x00, 0x00, 0x00, 0x00, 0x00, 0x00, 0x00, 0xff, 0xc3,
  0x00, 0x00, 0x00, 0x00, 0x00, 0x00, 0x00, 0x00, 0x00, 0x00, 0x00, 0x00, 0x00, 0x00, 0x00, 0x00,
  0x00, 0x00, 0x00, 0x00, 0x00, 0x00, 0x00, 0x00, 0x00, 0x00, 0x00, 0x00, 0x00, 0x00, 0x00, 0x00,
  0x00, 0x00, 0x00, 0x00, 0xff, 0x9a, 0xff, 0x9a, 0x00, 0x00, 0x00, 0x00, 0x00, 0x00, 0x00, 0x00,
  0x00, 0x00, 0x00, 0x00, 0x00, 0x00, 0x00, 0x00, 0xff, 0xec, 0x00, 0x00, 0x00, 0x00, 0x00, 0x00,
  0x00, 0x00, 0x00, 0x00, 0x00, 0x00, 0x00, 0x00, 0x00, 0x00, 0xff, 0xd7, 0x00, 0x00, 0x00, 0x00,
  0x00, 0x00, 0xff, 0xae, 0x00, 0x00, 0x00, 0x00, 0x00, 0x00, 0x00, 0x00, 0x00, 0x29, 0xff, 0x71,
  0xff, 0x85, 0x00, 0x14, 0x00, 0x3d, 0x00, 0x00, 0x00, 0x00, 0x00, 0x00, 0x00, 0x00, 0x00, 0x00,
  0x00, 0x00, 0x00, 0x00, 0x00, 0x00, 0x00, 0x00, 0x00, 0x00, 0x00, 0x00, 0x00, 0x00, 0x00, 0x00,
  0x00, 0x00, 0x00, 0x00, 0x00, 0x00, 0x00, 0x00, 0x00, 0x00, 0x00, 0x00, 0x00, 0x00, 0x00, 0x00,
  0x00, 0x00, 0x00, 0x00, 0x00, 0x00, 0x00, 0x00, 0x00, 0x00, 0x00, 0x00, 0x00, 0x00, 0x00, 0x00,
  0x00, 0x00, 0x00, 0x00, 0x00, 0x00, 0x00, 0x00, 0x00, 0x00, 0x00, 0x00, 0xff, 0xd7, 0x00, 0x00,
  0x00, 0x00, 0x00, 0x00, 0xff, 0xc3, 0xff, 0xd7, 0x00, 0x00, 0x00, 0x00, 0x00, 0x00, 0x00, 0x00,
  0xff, 0x71, 0xff, 0x71, 0x00, 0x00, 0x00, 0x00, 0x00, 0x00, 0x00, 0x00, 0x00, 0x00, 0x00, 0x00,
  0x00, 0x00, 0x00, 0x00, 0x00, 0x00, 0x00, 0x00, 0x00, 0x00, 0x00, 0x00, 0x00, 0x00, 0x00, 0x00,
  0x00, 0x00, 0x00, 0x00, 0x00, 0x00, 0xff, 0xae, 0x00, 0x00, 0x00, 0x00, 0x00, 0x00, 0x00, 0x00,
  0x00, 0x00, 0x00, 0x00, 0x00, 0x00, 0x00, 0x00, 0x00, 0x00, 0x00, 0x00, 0x00, 0x00, 0x00, 0x00,
  0x00, 0x00, 0x00, 0x00, 0x00, 0x00, 0x00, 0x00, 0x00, 0x00, 0x00, 0x00, 0x00, 0x00, 0xff, 0xb8,
  0xff, 0x85, 0x00, 0x00, 0x00, 0x00, 0x00, 0x00, 0xff, 0x9a, 0x00, 0x00, 0x00, 0x00, 0x00, 0x00,
  0xff, 0xc3, 0xff, 0x71, 0xff, 0x48, 0xff, 0xe1, 0xff, 0xf6, 0xff, 0x85, 0x00, 0x00, 0xff, 0xf4,
  0x00, 0x00, 0x00, 0x00, 0xff, 0xd7, 0xff, 0xd7, 0x00, 0x00, 0x00, 0x29, 0xff, 0xec, 0x00, 0x00,
  0x00, 0x00, 0x00, 0x29, 0x00, 0x00, 0xff, 0xc3, 0x00, 0x00, 0x00, 0x00, 0x00, 0x00, 0x00, 0x14,
  0x00, 0x14, 0xff, 0xec, 0x00, 0x00, 0xff, 0xd7, 0x00, 0x00, 0xff, 0xd7, 0x00, 0x00, 0x00, 0x00,
  0x00, 0x00, 0x00, 0x00, 0xff, 0xd7, 0x00, 0x00, 0x00, 0x00, 0x00, 0x00, 0x00, 0x00, 0x00, 0x00,
  0x00, 0x00, 0x00, 0x00, 0x00, 0x3d, 0xff, 0x71, 0x00, 0x00, 0x00, 0x00, 0x00, 0x29, 0x00, 0x00,
  0x00, 0x00, 0xff, 0x71, 0x00, 0x00, 0x00, 0x00, 0x00, 0x00, 0x00, 0x00, 0x00, 0x00, 0x00, 0x00,
  0x00, 0x00, 0x00, 0x00, 0x00, 0x00, 0x00, 0x00, 0x00, 0x00, 0x00, 0x00, 0x00, 0x00, 0x00, 0x00,
  0x00, 0x00, 0x00, 0x00, 0x00, 0x00, 0x00, 0x00, 0x00, 0x00, 0x00, 0x00, 0x00, 0x00, 0x00, 0x00,
  0x00, 0x00, 0x00, 0x00, 0x00, 0x00, 0x00, 0x00, 0x00, 0x00, 0x00, 0x00, 0x00, 0x00, 0x00, 0x00,
  0xfe, 0xb8, 0x00, 0x00, 0x00, 0x00, 0x00, 0x00, 0xff, 0x9a, 0x00, 0x14, 0x00, 0x00, 0x00, 0x00,
  0x00, 0x00, 0x00, 0x14, 0xff, 0xec, 0x00, 0x00, 0x00, 0x00, 0x00, 0x00, 0x00, 0x00, 0x00, 0x00,
  0xff, 0x33, 0x00, 0x00, 0xff, 0x33, 0x00, 0x14, 0x00, 0x14, 0x00, 0x14, 0x00, 0x29, 0xfe, 0x3d,
  0xff, 0xcd, 0xff, 0x5c, 0xff, 0xf6, 0x00, 0x00, 0x00, 0x29, 0x00, 0x00, 0xff, 0x8f, 0xff, 0x5c,
  0xff, 0xd7, 0x00, 0x00, 0xff, 0xc3, 0xff, 0x48, 0x00, 0x00, 0x00, 0x29, 0x00, 0x00, 0x00, 0x00,
  0x00, 0x00, 0xff, 0x9a, 0x00, 0x00, 0x00, 0x29, 0x00, 0x00, 0x00, 0x00, 0xff, 0xd7, 0x00, 0x00,
  0x00, 0x00, 0xff, 0x71, 0x00, 0x00, 0x00, 0x00, 0x00, 0x29, 0x00, 0x00, 0x00, 0x00, 0xff, 0xae,
  0x00, 0x00, 0x00, 0x00, 0x00, 0x14, 0xff, 0xec, 0x00, 0x00, 0x00, 0x00, 0x00, 0x00, 0x00, 0x00,
  0x00, 0x00, 0xfe, 0xf6, 0x00, 0x00, 0xff, 0x5c, 0x00, 0x14, 0x00, 0x14, 0x00, 0x29, 0x00, 0x29,
  0xfe, 0x66, 0xff, 0xcd, 0xff, 0x5c, 0x00, 0x00, 0x00, 0x00, 0x00, 0x29, 0x00, 0x00, 0xff, 0xc3,
  0xff, 0xa4, 0xff, 0xd7, 0x00, 0x29, 0x00, 0x00, 0xff, 0x5c, 0x00, 0x14, 0x00, 0x27, 0x00, 0x00,
  0x00, 0x00, 0x00, 0x00, 0xff, 0xcd, 0x00, 0x00, 0x00, 0x3d, 0x00, 0x00, 0x00, 0x00, 0x00, 0x00,
  0x00, 0x00, 0x00, 0x00, 0xff, 0x71, 0x00, 0x00, 0x00, 0x00, 0x00, 0x29, 0x00, 0x00, 0x00, 0x00,
  0x00, 0x00, 0x00, 0x00, 0x00, 0x00, 0x00, 0x00, 0x00, 0x00, 0x00, 0x52, 0xff, 0x1f, 0x00, 0x00,
  0x00, 0x00, 0x00, 0x00, 0x00, 0x00, 0xff, 0x71, 0x00, 0x00, 0x00, 0x00, 0x00, 0x00, 0x00, 0x00,
  0x00, 0x00, 0x00, 0x00, 0x00, 0x00, 0x00, 0x00, 0x00, 0x00, 0x00, 0x00, 0x00, 0x00, 0x00, 0x00,
  0x00, 0x00, 0x00, 0x00, 0x00, 0x00, 0x00, 0x00, 0x00, 0x00, 0xff, 0x33, 0x00, 0x00, 0x00, 0x29,
  0x00, 0x00, 0x00, 0x29, 0x00, 0x3d, 0x00, 0x00, 0x00, 0x00, 0x00, 0x00, 0x00, 0x00, 0x00, 0x00,
  0x00, 0x00, 0x00, 0x00, 0x00, 0x00, 0xfe, 0xcd, 0xff, 0x33, 0x00, 0x00, 0x00, 0x3d, 0x00, 0x00,
  0xff, 0x85, 0x00, 0x00, 0xff, 0xc3, 0x00, 0x00, 0x00, 0x00, 0x00, 0x00, 0x00, 0x00, 0xff, 0xec,
  0x00, 0x00, 0x00, 0x00, 0x00, 0x00, 0x00, 0x00, 0x00, 0x00, 0x00, 0x00, 0x00, 0x00, 0xff, 0xae,
  0x00, 0x00, 0x00, 0x00, 0x00, 0x00, 0x00, 0x00, 0x00, 0x00, 0x00, 0x00, 0x00, 0x00, 0x00, 0x00,
  0x00, 0x00, 0x00, 0x00, 0x00, 0x00, 0x00, 0x00, 0x00, 0x00, 0x00, 0x00, 0x00, 0x00, 0x00, 0x00,
  0x00, 0x00, 0x00, 0x00, 0x00, 0x00, 0x00, 0x14, 0x00, 0x00, 0x00, 0x00, 0x00, 0x00, 0x00, 0x00,
  0x00, 0x00, 0x00, 0x00, 0x00, 0x00, 0x00, 0x00, 0xff, 0xc3, 0x00, 0x14, 0x00, 0x00, 0x00, 0x00,
  0x00, 0x00, 0x00, 0x00, 0x00, 0x00, 0x00, 0x00, 0x00, 0x00, 0x00, 0x00, 0x00, 0x00, 0x00, 0x00,
  0x00, 0x3d, 0x00, 0x00, 0x00, 0x00, 0x00, 0x00, 0x00, 0x00, 0x00, 0x00, 0x00, 0x00, 0x00, 0x00,
  0xff, 0xd7, 0x00, 0x00, 0x00, 0x00, 0x00, 0x00, 0x00, 0x00, 0x00, 0x00, 0x00, 0x00, 0x00, 0x00,
  0x00, 0x00, 0x00, 0x00, 0x00, 0x00, 0x00, 0x00, 0x00, 0x00, 0x00, 0x00, 0x00, 0x00, 0xff, 0xc3,
  0x00, 0x00, 0x00, 0x00, 0x00, 0x00, 0x00, 0x00, 0x00, 0x00, 0x00, 0x00, 0x00, 0x00, 0x00, 0x00,
  0x00, 0x00, 0x00, 0x00, 0x00, 0x00, 0x00, 0x00, 0x00, 0x00, 0x00, 0x00, 0xff, 0xae, 0x00, 0x00,
  0x00, 0x00, 0x00, 0x00, 0x00, 0x00, 0x00, 0x00, 0x00, 0x00, 0x00, 0x00, 0x00, 0x00, 0x00, 0x00,
  0x00, 0x00, 0xff, 0xec, 0x00, 0x00, 0x00, 0x00, 0x00, 0x00, 0x00, 0x00, 0x00, 0x00, 0x00, 0x00,
  0x00, 0x00, 0x00, 0x00, 0x00, 0x00, 0x00, 0x00, 0x00, 0x00, 0x00, 0x00, 0x00, 0x00, 0x00, 0x00,
  0x00, 0x00, 0x00, 0x00, 0x00, 0x00, 0x00, 0x00, 0x00, 0x00, 0x00, 0x00, 0x00, 0x00, 0x00, 0x00,
  0x00, 0x00, 0x00, 0x00, 0x00, 0x00, 0x00, 0x00, 0x00, 0x00, 0x00, 0x00, 0x00, 0x00, 0x00, 0x00,
  0x00, 0x00, 0x00, 0x00, 0x00, 0x00, 0x00, 0x00, 0x00, 0x00, 0x00, 0x00, 0xff, 0x9a, 0x00, 0x00,
  0x00, 0x00, 0x00, 0x00, 0x00, 0x00, 0x00, 0x00, 0x00, 0x00, 0x00, 0x00, 0x00, 0x00, 0x00, 0x00,
  0x00, 0x00, 0x00, 0x00, 0x00, 0x00, 0x00, 0x00, 0x00, 0x00, 0x00, 0x00, 0x00, 0x00, 0x00, 0x00,
  0x00, 0x00, 0x00, 0x00, 0xff, 0xae, 0x00, 0x00, 0x00, 0x00, 0x00, 0x00, 0x00, 0x00, 0x00, 0x00,
  0x00, 0x00, 0x00, 0x00, 0x00, 0x00, 0x00, 0x00, 0x00, 0x00, 0x00, 0x00, 0x00, 0x00, 0x00, 0x00,
  0x00, 0x00, 0x00, 0x00, 0x00, 0x00, 0x00, 0x00, 0x00, 0x00, 0xff, 0xd7, 0xff, 0xd7, 0x00, 0x00,
  0x00, 0x00, 0x00, 0x00, 0x00, 0x00, 0x00, 0x00, 0x00, 0x00, 0x00, 0x00, 0x00, 0x00, 0xff, 0xc3,
  0xff, 0xec, 0x00, 0x00, 0x00, 0x00, 0x00, 0x00, 0x00, 0x00, 0x00, 0x00, 0x00, 0x00, 0x00, 0x00,
  0x00, 0x00, 0x00, 0x00, 0x00, 0x00, 0x00, 0x00, 0x00, 0x00, 0x00, 0x00, 0x00, 0x00, 0x00, 0x00,
  0x00, 0x00, 0x00, 0x00, 0x00, 0x00, 0xff, 0xae, 0x00, 0x00, 0x00, 0x00, 0x00, 0x00, 0x00, 0x00,
  0x00, 0x00, 0x00, 0x00, 0x00, 0x00, 0x00, 0x00, 0x00, 0x00, 0x00, 0x00, 0x00, 0x00, 0x00, 0x00,
  0x00, 0x00, 0x00, 0x00, 0x00, 0x00, 0x00, 0x00, 0x00, 0x00, 0x00, 0x00, 0x00, 0x00, 0x00, 0x00,
  0x00, 0x00, 0x00, 0x00, 0x00, 0x00, 0x00, 0x00, 0x00, 0x00, 0x00, 0x00, 0x00, 0x00, 0x00, 0x00,
  0x00, 0x00, 0x00, 0x00, 0x00, 0x00, 0x00, 0x00, 0x00, 0x00, 0x00, 0x00, 0x00, 0x00, 0x00, 0x00,
  0x00, 0x00, 0x00, 0x00, 0x00, 0x00, 0x00, 0x00, 0x00, 0x00, 0x00, 0x00, 0x00, 0x00, 0x00, 0x00,
  0x00, 0x00, 0x00, 0x00, 0x00, 0x00, 0x00, 0x00, 0x00, 0x00, 0x00, 0x00, 0x00, 0x00, 0x00, 0x00,
  0x00, 0x00, 0x00, 0x00, 0x00, 0x00, 0x00, 0x00, 0x00, 0x00, 0x00, 0x00, 0x00, 0x00, 0x00, 0x00,
  0x00, 0x00, 0x00, 0x00, 0x00, 0x00, 0x00, 0x00, 0x00, 0x00, 0x00, 0x00, 0x00, 0x00, 0x00, 0x00,
  0x00, 0x00, 0x00, 0x00, 0x00, 0x00, 0x00, 0x00, 0x00, 0x00, 0x00, 0x00, 0x00, 0x00, 0x00, 0x00,
  0x00, 0x00, 0xff, 0xd7, 0x00, 0x14, 0x00, 0x00, 0x00, 0x00, 0x00, 0x00, 0x00, 0x00, 0x00, 0x00,
  0x00, 0x00, 0x00, 0x00, 0x00, 0x00, 0x00, 0x00, 0x00, 0x00, 0x00, 0x00, 0x00, 0x00, 0x00, 0x00,
  0x00, 0x00, 0x00, 0x00, 0x00, 0x00, 0x00, 0x00, 0x00, 0x00, 0xff, 0xae, 0x00, 0x00, 0x00, 0x00,
  0x00, 0x00, 0x00, 0x00, 0x00, 0x00, 0x00, 0x00, 0x00, 0x00, 0x00, 0x00, 0x00, 0x00, 0x00, 0x00,
  0x00, 0x00, 0x00, 0x00, 0x00, 0x00, 0x00, 0x00, 0x00, 0x00, 0x00, 0x00, 0x00, 0x00, 0x00, 0x00,
  0x00, 0x14, 0x00, 0x14, 0x00, 0x00, 0x00, 0x00, 0x00, 0x00, 0x00, 0x00, 0x00, 0x00, 0x00, 0x00,
  0x00, 0x00, 0x00, 0x00, 0xff, 0xa4, 0x00, 0x14, 0x00, 0x00, 0x00, 0x00, 0x00, 0x00, 0x00, 0x00,
  0x00, 0x00, 0x00, 0x00, 0x00, 0x00, 0x00, 0x00, 0x00, 0x00, 0x00, 0x00, 0x00, 0x00, 0x00, 0x00,
  0x00, 0x00, 0x00, 0x00, 0x00, 0x00, 0x00, 0x00, 0x00, 0x00, 0x00, 0x00, 0x00, 0x00, 0x00, 0x00,
  0x00, 0x00, 0x00, 0x00, 0x00, 0x00, 0x00, 0x00, 0x00, 0x00, 0x00, 0x00, 0x00, 0x00, 0x00, 0x00,
  0x00, 0x00, 0x00, 0x00, 0x00, 0x00, 0x00, 0x00, 0x00, 0x00, 0x00, 0x00, 0x00, 0x00, 0x00, 0x29,
  0x00, 0x00, 0x00, 0x00, 0x00, 0x00, 0x00, 0x00, 0x00, 0x00, 0x00, 0x00, 0x00, 0x00, 0x00, 0x00,
  0x00, 0x00, 0x00, 0x00, 0x00, 0x00, 0x00, 0x00, 0x00, 0x00, 0x00, 0x00, 0x00, 0x00, 0x00, 0x00,
  0x00, 0x00, 0x00, 0x00, 0x00, 0x00, 0x00, 0x00, 0x00, 0x00, 0x00, 0x00, 0x00, 0x00, 0x00, 0x00,
  0x00, 0x00, 0x00, 0x00, 0x00, 0x00, 0x00, 0x00, 0x00, 0x00, 0x00, 0x00, 0x00, 0x00, 0x00, 0x00,
  0x00, 0x00, 0x00, 0x00, 0x00, 0x00, 0x00, 0x00, 0x00, 0x00, 0x00, 0x00, 0x00, 0x00, 0x00, 0x00,
  0x00, 0x00, 0x00, 0x00, 0x00, 0x00, 0x00, 0x00, 0x00, 0x00, 0x00, 0x00, 0x00, 0x00, 0x00, 0x00,
  0x00, 0x00, 0x00, 0x00, 0x00, 0x00, 0x00, 0x00, 0x00, 0x00, 0x00, 0x00, 0x00, 0x00, 0x00, 0x00,
  0x00, 0x00, 0x00, 0x00, 0x00, 0x00, 0x00, 0x00, 0xff, 0xd7, 0x00, 0x00, 0x00, 0x00, 0x00, 0x00,
  0x00, 0x00, 0x00, 0x00, 0x00, 0x00, 0x00, 0x00, 0x00, 0x02, 0x00, 0x1e, 0x00, 0x04, 0x00, 0x04,
  0x00, 0x0e, 0x00, 0x0f, 0x00, 0x0f, 0x00, 0x01, 0x00, 0x10, 0x00, 0x10, 0x00, 0x05, 0x00, 0x11,
  0x00, 0x11, 0x00, 0x01, 0x00, 0x13, 0x00, 0x13, 0x00, 0x0c, 0x00, 0x14, 0x00, 0x14, 0x00, 0x11,
  0x00, 0x15, 0x00, 0x15, 0x00, 0x0b, 0x00, 0x16, 0x00, 0x16, 0x00, 0x12, 0x00, 0x17, 0x00, 0x17,
  0x00, 0x02, 0x00, 0x18, 0x00, 0x18, 0x00, 0x0f, 0x00, 0x19, 0x00, 0x19, 0x00, 0x0a, 0x00, 0x1a,
  0x00, 0x1a, 0x00, 0x09, 0x00, 0x1b, 0x00, 0x1b, 0x00, 0x0d, 0x00, 0x1c, 0x00, 0x1c, 0x00, 0x10,
  0x00, 0x22, 0x00, 0x22, 0x00, 0x06, 0x00, 0x42, 0x00, 0x42, 0x00, 0x01, 0x00, 0x63, 0x00, 0x63,
  0x00, 0x0e, 0x00, 0x6d, 0x00, 0x6d, 0x00, 0x03, 0x00, 0x79, 0x00, 0x79, 0x00, 0x05, 0x00, 0x7d,
  0x00, 0x7d, 0x00, 0x04, 0x00, 0xd5, 0x00, 0xd6, 0x00, 0x05, 0x00, 0xd7, 0x00, 0xd7, 0x00, 0x08,
  0x00, 0xd8, 0x00, 0xd8, 0x00, 0x07, 0x00, 0xd9, 0x00, 0xd9, 0x00, 0x01, 0x00, 0xda, 0x00, 0xda,
  0x00, 0x08, 0x00, 0xdb, 0x00, 0xdb, 0x00, 0x07, 0x00, 0xdc, 0x00, 0xdc, 0x00, 0x01, 0x00, 0xde,
  0x00, 0xde, 0x00, 0x01, 0x00, 0xe0, 0x00, 0xe0, 0x00, 0x03, 0x00, 0xe1, 0x00, 0xe1, 0x00, 0x04,
  0x00, 0x01, 0x00, 0x0d, 0x00, 0xdb, 0x00, 0x03, 0x00, 0x00, 0x00, 0x29, 0x00, 0x2a, 0x00, 0x29,
  0x00, 0x04, 0x00, 0x28, 0x00, 0x1d, 0x00, 0x25, 0x00, 0x24, 0x00, 0x1b, 0x00, 0x1a, 0x00, 0x22,
  0x00, 0x2c, 0x00, 0x18, 0x00, 0x1c, 0x00, 0x30, 0x00, 0x30, 0x00, 0x00, 0x00, 0x00, 0x00, 0x00,
  0x00, 0x1e, 0x00, 0x00, 0x00, 0x0a, 0x00, 0x2b, 0x00, 0x10, 0x00, 0x2b, 0x00, 0x2b, 0x00, 0x2b,
  0x00, 0x10, 0x00, 0x2b, 0x00, 0x2b, 0x00, 0x11, 0x00, 0x2b, 0x00, 0x2b, 0x00, 0x2b, 0x00, 0x2b,
  0x00, 0x10, 0x00, 0x2b, 0x00, 0x10, 0x00, 0x2b, 0x00, 0x12, 0x00, 0x0b, 0x00, 0x13, 0x00, 0x01,
  0x00, 0x14, 0x00, 0x02, 0x00, 0x0c, 0x00, 0x15, 0x00, 0x00, 0x00, 0x07, 0x00, 0x00, 0x00, 0x00,
  0x00, 0x29, 0x00, 0x00, 0x00, 0x16, 0x00, 0x00, 0x00, 0x17, 0x00, 0x17, 0x00, 0x17, 0x00, 0x19,
  0x00, 0x17, 0x00, 0x00, 0x00, 0x00, 0x00, 0x00, 0x00, 0x00, 0x00, 0x00, 0x00, 0x2f, 0x00, 0x2f,
  0x00, 0x17, 0x00, 0x2f, 0x00, 0x17, 0x00, 0x2f, 0x00, 0x21, 0x00, 0x23, 0x00, 0x26, 0x00, 0x0d,
  0x00, 0x0e, 0x00, 0x06, 0x00, 0x0d, 0x00, 0x27, 0x00, 0x00, 0x00, 0x00, 0x00, 0x00, 0x00, 0x00,
  0x00, 0x00, 0x00, 0x00, 0x00, 0x09, 0x00, 0x00, 0x00, 0x00, 0x00, 0x00, 0x00, 0x00, 0x00, 0x00,
  0x00, 0x00, 0x00, 0x00, 0x00, 0x00, 0x00, 0x2d, 0x00, 0x00, 0x00, 0x00, 0x00, 0x00, 0x00, 0x00,
  0x00, 0x00, 0x00, 0x00, 0x00, 0x00, 0x00, 0x00, 0x00, 0x00, 0x00, 0x00, 0x00, 0x00, 0x00, 0x2a,
  0x00, 0x00, 0x00, 0x00, 0x00, 0x00, 0x00, 0x2e, 0x00, 0x00, 0x00, 0x00, 0x00, 0x00, 0x00, 0x08,
  0x00, 0x0a, 0x00, 0x0a, 0x00, 0x0a, 0x00, 0x0a, 0x00, 0x0a, 0x00, 0x0a, 0x00, 0x0f, 0x00, 0x10,
  0x00, 0x2b, 0x00, 0x2b, 0x00, 0x2b, 0x00, 0x2b, 0x00, 0x2b, 0x00, 0x2b, 0x00, 0x2b, 0x00, 0x2b,
  0x00, 0x2b, 0x00, 0x2b, 0x00, 0x10, 0x00, 0x10, 0x00, 0x10, 0x00, 0x10, 0x00, 0x10, 0x00, 0x00,
  0x00, 0x10, 0x00, 0x13, 0x00, 0x13, 0x00, 0x13, 0x00, 0x13, 0x00, 0x0c, 0x00, 0x2b, 0x00, 0x00,
  0x00, 0x16, 0x00, 0x16, 0x00, 0x16, 0x00, 0x16, 0x00, 0x16, 0x00, 0x16, 0x00, 0x16, 0x00, 0x17,
  0x00, 0x17, 0x00, 0x17, 0x00, 0x17, 0x00, 0x17, 0x00, 0x00, 0x00, 0x00, 0x00, 0x00, 0x00, 0x00,
  0x00, 0x17, 0x00, 0x2f, 0x00, 0x17, 0x00, 0x17, 0x00, 0x17, 0x00, 0x17, 0x00, 0x17, 0x00, 0x00,
  0x00, 0x17, 0x00, 0x26, 0x00, 0x26, 0x00, 0x26, 0x00, 0x26, 0x00, 0x0d, 0x00, 0x00, 0x00, 0x0d,
  0x00, 0x10, 0x00, 0x17, 0x00, 0x0c, 0x00, 0x00, 0x00, 0x00, 0x00, 0x00, 0x00, 0x00, 0x00, 0x00,
  0x00, 0x00, 0x00, 0x00, 0x00, 0x00, 0x00, 0x00, 0x00, 0x00, 0x00, 0x00, 0x00, 0x00, 0x00, 0x00,
  0x00, 0x00, 0x00, 0x00, 0x00, 0x00, 0x00, 0x2a, 0x00, 0x2a, 0x00, 0x1f, 0x00, 0x20, 0x00, 0x29,
  0x00, 0x1f, 0x00, 0x20, 0x00, 0x29, 0x00, 0x00, 0x00, 0x29, 0x00, 0x00, 0x00, 0x2d, 0x00, 0x2e,
  0x00, 0x00, 0x00, 0x00, 0x00, 0x00, 0x00, 0x00, 0x00, 0x19, 0x00, 0x19, 0x00, 0x01, 0x00, 0x21,
  0x00, 0x04, 0x00, 0x0f, 0x00, 0x10, 0x00, 0x11, 0x00, 0x13, 0x00, 0x14, 0x00, 0x15, 0x00, 0x16,
  0x00, 0x17, 0x00, 0x18, 0x00, 0x19, 0x00, 0x1a, 0x00, 0x1b, 0x00, 0x1c, 0x00, 0x1d, 0x00, 0x1e,
  0x00, 0x22, 0x00, 0x42, 0x00, 0x63, 0x00, 0x6d, 0x00, 0x79, 0x00, 0x7d, 0x00, 0xd5, 0x00, 0xd6,
  0x00, 0xd7, 0x00, 0xd8, 0x00, 0xd9, 0x00, 0xda, 0x00, 0xdb, 0x00, 0xdc, 0x00, 0xde, 0x00, 0xe0,
  0x00, 0xe1, 0x00, 0x02, 0x0f, 0x46, 0x00, 0x04, 0x00, 0x00, 0x0b, 0xee, 0x0d, 0x78, 0x00, 0x1f,
  0x00, 0x31, 0x00, 0x00, 0xff, 0x7b, 0xff, 0x85, 0xff, 0x1f, 0x00, 0x00, 0x00, 0x00, 0x00, 0x00,
  0x00, 0x00, 0x00, 0x00, 0x00, 0x00, 0x00, 0x00, 0x00, 0x00, 0x00, 0x14, 0x00, 0x14, 0xff, 0xcb,
  0x00, 0x0a, 0xff, 0x6d, 0xff, 0xdb, 0xff, 0xa8, 0xff, 0x5c, 0xff, 0xf0, 0xff, 0xe1, 0x00, 0x3d,
  0x00, 0x48, 0xff, 0xd7, 0x00, 0x29, 0xff, 0xc3, 0xff, 0x71, 0xff, 0x5c, 0xff, 0x5c, 0xff, 0xf6,
  0xff, 0xe1, 0xff, 0xec, 0xff, 0xa4, 0xff, 0xf6, 0x00, 0x00, 0x00, 0x00, 0x00, 0x00, 0x00, 0x00,
  0x00, 0x00, 0x00, 0x00, 0x00, 0x00, 0x00, 0x00, 0x00, 0x00, 0x00, 0x00, 0x00, 0x00, 0x00, 0x00,
  0x00, 0x00, 0x00, 0x00, 0x00, 0x00, 0xff, 0xec, 0x00, 0x00, 0x00, 0x00, 0xff, 0xc3, 0x00, 0x00,
  0x00, 0x00, 0x00, 0x00, 0x00, 0x00, 0x00, 0x00, 0x00, 0x00, 0x00, 0x00, 0xff, 0xec, 0xff, 0x9a,
  0x00, 0x00, 0x00, 0x00, 0xff, 0xe1, 0x00, 0x00, 0x00, 0x00, 0xff, 0xae, 0x00, 0x00, 0x00, 0x00,
  0x00, 0x14, 0xff, 0xd7, 0x00, 0x00, 0x00, 0x00, 0xff, 0xec, 0x00, 0x00, 0x00, 0x14, 0x00, 0x14,
  0x00, 0x00, 0x00, 0x00, 0x00, 0x00, 0x00, 0x00, 0x00, 0x00, 0x00, 0x0a, 0x00, 0x00, 0x00, 0x00,
  0x00, 0x00, 0x00, 0x00, 0x00, 0x00, 0x00, 0x00, 0x00, 0x00, 0x00, 0x00, 0x00, 0x00, 0x00, 0x00,
  0x00, 0x00, 0x00, 0x00, 0x00, 0x00, 0x00, 0x00, 0xff, 0xd1, 0x00, 0x00, 0x00, 0x00, 0xff, 0xb8,
  0xff, 0xd7, 0xff, 0xd7, 0xff, 0xe1, 0x00, 0x00, 0x00, 0x00, 0x00, 0x00, 0x00, 0x00, 0xff, 0xcb,
  0xff, 0x66, 0x00, 0x14, 0xff, 0xd7, 0xff, 0xb2, 0x00, 0x00, 0xff, 0xe9, 0xff, 0xae, 0xff, 0xe5,
  0xff, 0xf6, 0xff, 0xec, 0xff, 0x8f, 0x00, 0x00, 0x00, 0x00, 0x00, 0x00, 0x00, 0x00, 0xff, 0xcd,
  0xff, 0xcd, 0xff, 0xf0, 0x00, 0x00, 0xff, 0xec, 0xff, 0xec, 0xff, 0xf8, 0xff, 0xf6, 0xff, 0xc3,
  0xff, 0xec, 0x00, 0x00, 0x00, 0x00, 0x00, 0x00, 0x00, 0x00, 0x00, 0x00, 0x00, 0x00, 0x00, 0x00,
  0x00, 0x00, 0x00, 0x00, 0x00, 0x00, 0x00, 0x00, 0x00, 0x00, 0xff, 0xbc, 0x00, 0x00, 0x00, 0x00,
  0x00, 0x00, 0x00, 0x00, 0x00, 0x00, 0x00, 0x00, 0x00, 0x00, 0x00, 0x00, 0x00, 0x00, 0x00, 0x00,
  0x00, 0x14, 0x00, 0x00, 0x00, 0x00, 0x00, 0x00, 0xff, 0xae, 0x00, 0x00, 0xff, 0xe9, 0xff, 0xae,
  0xff, 0xfa, 0x00, 0x00, 0x00, 0x00, 0x00, 0x00, 0x00, 0x00, 0x00, 0x00, 0x00, 0x00, 0x00, 0x00,
  0xff, 0xcd, 0xff, 0xc3, 0x00, 0x00, 0x00, 0x00, 0xff, 0xf6, 0x00, 0x00, 0x00, 0x00, 0x00, 0x00,
  0xff, 0xf6, 0x00, 0x00, 0x00, 0x00, 0x00, 0x00, 0x00, 0x00, 0x00, 0x00, 0x00, 0x00, 0x00, 0x00,
  0x00, 0x00, 0x00, 0x00, 0x00, 0x00, 0x00, 0x00, 0x00, 0x00, 0x00, 0x00, 0x00, 0x00, 0x00, 0x00,
  0x00, 0x00, 0x00, 0x00, 0x00, 0x00, 0xff, 0xf6, 0x00, 0x00, 0x00, 0x00, 0x00, 0x00, 0x00, 0x00,
  0x00, 0x00, 0x00, 0x00, 0x00, 0x00, 0x00, 0x00, 0x00, 0x00, 0x00, 0x00, 0x00, 0x00, 0x00, 0x00,
  0x00, 0x00, 0x00, 0x00, 0x00, 0x00, 0x00, 0x00, 0x00, 0x00, 0x00, 0x00, 0x00, 0x00, 0x00, 0x00,
  0x00, 0x00, 0x00, 0x00, 0x00, 0x00, 0x00, 0x00, 0x00, 0x00, 0x00, 0x00, 0x00, 0x00, 0x00, 0x00,
  0x00, 0x00, 0x00, 0x00, 0x00, 0x00, 0x00, 0x00, 0x00, 0x00, 0x00, 0x00, 0x00, 0x00, 0x00, 0x00,
  0x00, 0x00, 0x00, 0x00, 0x00, 0x00, 0x00, 0x00, 0x00, 0x00, 0x00, 0x00, 0x00, 0x00, 0x00, 0x00,
  0x00, 0x00, 0x00, 0x00, 0x00, 0x14, 0x00, 0x00, 0x00, 0x14, 0x00, 0x00, 0x00, 0x00, 0x00, 0x00,
  0x00, 0x00, 0x00, 0x00, 0x00, 0x14, 0xff, 0x48, 0xff, 0xae, 0x00, 0x00, 0x00, 0x00, 0x00, 0x00,
  0xff, 0xf6, 0xff, 0xec, 0xff, 0xe1, 0xff, 0xdb, 0x00, 0x29, 0x00, 0x3d, 0x00, 0x00, 0x00, 0x00,
  0xff, 0x5c, 0xff, 0xae, 0xff, 0xd7, 0xff, 0xd7, 0x00, 0x00, 0x00, 0x00, 0xff, 0xf6, 0xff, 0xd7,
  0xff, 0xec, 0xff, 0xe1, 0x00, 0x00, 0x00, 0x00, 0xff, 0x9a, 0xff, 0xfa, 0x00, 0x00, 0x00, 0x00,
  0x00, 0x00, 0x00, 0x00, 0x00, 0x00, 0x00, 0x00, 0x00, 0x00, 0x00, 0x00, 0x00, 0x00, 0x00, 0x00,
  0xff, 0x48, 0xff, 0x48, 0x00, 0x00, 0x00, 0x00, 0xff, 0x0a, 0x00, 0x3d, 0x00, 0x00, 0xff, 0xae,
  0x00, 0x52, 0x00, 0x00, 0x00, 0x00, 0x00, 0x00, 0x00, 0x00, 0xff, 0x9a, 0x00, 0x00, 0xff, 0x1f,
  0x00, 0x00, 0xff, 0x9a, 0xfe, 0xd7, 0x00, 0x00, 0xff, 0xe1, 0x00, 0x3d, 0x00, 0x52, 0x00, 0x00,
  0x00, 0x3d, 0xff, 0x71, 0xff, 0x48, 0xff, 0x0a, 0xff, 0x0a, 0x00, 0x00, 0xff, 0xec, 0x00, 0x00,
  0xff, 0x9a, 0xff, 0xc3, 0xff, 0xf6, 0x00, 0x00, 0x00, 0x00, 0x00, 0x00, 0x00, 0x00, 0x00, 0x00,
  0x00, 0x00, 0x00, 0x00, 0x00, 0x00, 0x00, 0x00, 0x00, 0x00, 0x00, 0x00, 0x00, 0x00, 0x00, 0x00,
  0x00, 0x00, 0xff, 0xf6, 0x00, 0x00, 0x00, 0x00, 0xff, 0xae, 0x00, 0x00, 0xff, 0x5c, 0xff, 0xf6,
  0x00, 0x00, 0x00, 0x00, 0x00, 0x00, 0x00, 0x00, 0xff, 0x66, 0xfe, 0x8f, 0x00, 0x00, 0xff, 0x14,
  0x00, 0x00, 0x00, 0x00, 0x00, 0x00, 0xff, 0xd7, 0xff, 0xb8, 0xff, 0xcd, 0x00, 0x00, 0xfe, 0xf6,
  0x00, 0x00, 0x00, 0x00, 0x00, 0x29, 0x00, 0x14, 0x00, 0x29, 0x00, 0x3d, 0xff, 0xe1, 0x00, 0x00,
  0xff, 0xe1, 0x00, 0x1f, 0x00, 0x1f, 0x00, 0x00, 0x00, 0x00, 0xff, 0xec, 0x00, 0x00, 0xff, 0xec,
  0x00, 0x00, 0x00, 0x00, 0x00, 0x00, 0x00, 0x00, 0x00, 0x00, 0x00, 0x00, 0x00, 0x00, 0x00, 0x00,
  0x00, 0x00, 0x00, 0x00, 0xff, 0xc7, 0x00, 0x00, 0x00, 0x00, 0x00, 0x00, 0x00, 0x00, 0x00, 0x00,
  0x00, 0x00, 0x00, 0x00, 0x00, 0x00, 0x00, 0x00, 0x00, 0x00, 0x00, 0x14, 0xff, 0x48, 0xff, 0xf8,
  0x00, 0x00, 0xff, 0xc3, 0xff, 0xf6, 0xff, 0xe5, 0xff, 0xc3, 0xff, 0xe1, 0xff, 0xee, 0x00, 0x00,
  0x00, 0x00, 0x00, 0x00, 0x00, 0x00, 0xff, 0xc3, 0x00, 0x00, 0x00, 0x00, 0x00, 0x00, 0xff, 0xf6,
  0x00, 0x00, 0x00, 0x00, 0x00, 0x00, 0x00, 0x00, 0x00, 0x00, 0x00, 0x00, 0x00, 0x00, 0x00, 0x00,
  0xff, 0xfc, 0x00, 0x00, 0x00, 0x00, 0x00, 0x00, 0x00, 0x00, 0x00, 0x00, 0x00, 0x00, 0x00, 0x00,
  0x00, 0x00, 0x00, 0x00, 0x00, 0x00, 0xff, 0xec, 0x00, 0x00, 0x00, 0x00, 0xff, 0xec, 0x00, 0x00,
  0xff, 0xec, 0x00, 0x00, 0x00, 0x00, 0x00, 0x00, 0x00, 0x00, 0x00, 0x00, 0x00, 0x00, 0xff, 0xc3,
  0x00, 0x06, 0x00, 0x29, 0xff, 0xec, 0x00, 0x00, 0x00, 0x00, 0xff, 0xc3, 0x00, 0x00, 0x00, 0x00,
  0x00, 0x00, 0xff, 0xd7, 0x00, 0x00, 0x00, 0x00, 0x00, 0x00, 0x00, 0x00, 0x00, 0x00, 0x00, 0x00,
  0x00, 0x00, 0x00, 0x00, 0xff, 0xf6, 0x00, 0x00, 0x00, 0x00, 0x00, 0x14, 0xff, 0xec, 0x00, 0x00,
  0x00, 0x00, 0x00, 0x00, 0x00, 0x00, 0x00, 0x00, 0x00, 0x00, 0x00, 0x00, 0x00, 0x00, 0x00, 0x00,
  0x00, 0x00, 0x00, 0x00, 0x00, 0x00, 0x00, 0x00, 0x00, 0x1f, 0x00, 0x00, 0x00, 0x00, 0x00, 0x00,
  0x00, 0x00, 0xff, 0x48, 0xff, 0x9a, 0xff, 0x9a, 0x00, 0x00, 0x00, 0x00, 0x00, 0x00, 0xff, 0x6d,
  0xfe, 0xa4, 0xff, 0xb2, 0xff, 0x29, 0x00, 0x29, 0x00, 0x00, 0x00, 0x1f, 0x00, 0x29, 0xff, 0x52,
  0xff, 0x5c, 0xff, 0x71, 0xff, 0x1f, 0xff, 0xec, 0xff, 0x71, 0xff, 0x71, 0x00, 0x00, 0x00, 0x14,
  0x00, 0x14, 0xff, 0x5c, 0xff, 0xae, 0xff, 0x66, 0xff, 0x85, 0xff, 0x9a, 0xff, 0xec, 0x00, 0x00,
  0xff, 0x71, 0xff, 0x71, 0xff, 0x5c, 0xff, 0x71, 0x00, 0x00, 0x00, 0x00, 0x00, 0x00, 0x00, 0x00,
  0x00, 0x00, 0x00, 0x00, 0x00, 0x00, 0x00, 0x00, 0x00, 0x00, 0x00, 0x00, 0x00, 0x00, 0x00, 0x00,
  0x00, 0x00, 0x00, 0x00, 0x00, 0x00, 0xff, 0xfa, 0x00, 0x00, 0x00, 0x00, 0x00, 0x00, 0x00, 0x00,
  0xff, 0xb2, 0xff, 0x71, 0xff, 0xf6, 0x00, 0x00, 0x00, 0x00, 0x00, 0x00, 0x00, 0x00, 0xff, 0xf6,
  0xff, 0xf6, 0x00, 0x00, 0x00, 0x00, 0xff, 0xb8, 0x00, 0x00, 0x00, 0x00, 0x00, 0x00, 0x00, 0x00,
  0x00, 0x00, 0x00, 0x00, 0xff, 0xfc, 0x00, 0x00, 0x00, 0x00, 0x00, 0x00, 0x00, 0x00, 0x00, 0x00,
  0x00, 0x00, 0xff, 0xf8, 0x00, 0x00, 0xff, 0xfa, 0x00, 0x00, 0x00, 0x00, 0x00, 0x00, 0x00, 0x00,
  0x00, 0x00, 0x00, 0x00, 0x00, 0x00, 0x00, 0x00, 0x00, 0x00, 0x00, 0x00, 0x00, 0x00, 0x00, 0x29,
  0x00, 0x00, 0x00, 0x00, 0x00, 0x00, 0xff, 0x71, 0xff, 0xec, 0xff, 0xd7, 0xff, 0x9a, 0x00, 0x00,
  0x00, 0x00, 0xff, 0xa8, 0xff, 0x0a, 0xff, 0xe9, 0xff, 0x89, 0x00, 0x1f, 0x00, 0x00, 0x00, 0x00,
  0x00, 0x00, 0xff, 0xb8, 0xff, 0xae, 0xff, 0xd7, 0xff, 0x3d, 0x00, 0x00, 0x00, 0x00, 0xff, 0xd7,
  0x00, 0x00, 0x00, 0x29, 0x00, 0x29, 0xff, 0xd7, 0x00, 0x00, 0xff, 0xcd, 0x00, 0x00, 0x00, 0x00,
  0x00, 0x00, 0x00, 0x00, 0xff, 0xd7, 0x00, 0x00, 0xff, 0xe1, 0x00, 0x00, 0x00, 0x00, 0x00, 0x00,
  0x00, 0x00, 0x00, 0x00, 0x00, 0x00, 0x00, 0x00, 0x00, 0x00, 0x00, 0x00, 0x00, 0x00, 0x00, 0x00,
  0x00, 0x00, 0x00, 0x00, 0x00, 0x00, 0x00, 0x00, 0xff, 0x48, 0xff, 0xa4, 0xff, 0x5c, 0xff, 0x0a,
  0xff, 0x48, 0xff, 0x5c, 0xff, 0x5c, 0xfe, 0x7b, 0xff, 0xae, 0xff, 0x0a, 0x00, 0x29, 0x00, 0x00,
  0x00, 0x00, 0x00, 0x00, 0xff, 0x33, 0xff, 0x1f, 0xff, 0x85, 0xfe, 0xe1, 0xff, 0xd7, 0xff, 0x71,
  0xff, 0x48, 0x00, 0x00, 0x00, 0x14, 0x00, 0x14, 0xff, 0x71, 0xff, 0xd7, 0xff, 0x8f, 0xff, 0xc3,
  0xff, 0xcd, 0xff, 0xc3, 0x00, 0x00, 0xff, 0x89, 0xff, 0x5c, 0xff, 0x9a, 0xff, 0x48, 0xff, 0xc3,
  0xff, 0xae, 0xff, 0xae, 0xff, 0xae, 0x00, 0x14, 0xff, 0xae, 0xff, 0xd7, 0x00, 0x00, 0x00, 0x00,
  0x00, 0x00, 0x00, 0x00, 0x00, 0x00, 0x00, 0x00, 0xff, 0x85, 0x00, 0x00, 0x00, 0x00, 0x00, 0x00,
  0x00, 0x00, 0x00, 0x00, 0x00, 0x00, 0x00, 0x00, 0x00, 0x00, 0x00, 0x00, 0x00, 0x00, 0x00, 0x00,
  0x00, 0x00, 0x00, 0x00, 0x00, 0x00, 0x00, 0x00, 0x00, 0x00, 0x00, 0x00, 0x00, 0x10, 0x00, 0x00,
  0x00, 0x00, 0x00, 0x00, 0x00, 0x00, 0xff, 0xc3, 0xff, 0xb8, 0x00, 0x00, 0x00, 0x00, 0x00, 0x00,
  0xff, 0xf6, 0x00, 0x00, 0x00, 0x00, 0x00, 0x00, 0x00, 0x00, 0x00, 0x00, 0x00, 0x00, 0x00, 0x00,
  0x00, 0x00, 0x00, 0x00, 0x00, 0x00, 0x00, 0x00, 0x00, 0x00, 0x00, 0x00, 0x00, 0x00, 0x00, 0x00,
  0x00, 0x00, 0x00, 0x00, 0x00, 0x00, 0x00, 0x00, 0x00, 0x00, 0xff, 0x85, 0xff, 0xec, 0xff, 0xe1,
  0x00, 0x00, 0x00, 0x00, 0x00, 0x00, 0x00, 0x00, 0x00, 0x00, 0x00, 0x00, 0x00, 0x00, 0x00, 0x00,
  0x00, 0x00, 0x00, 0x00, 0x00, 0x00, 0x00, 0x00, 0x00, 0x00, 0x00, 0x10, 0x00, 0x00, 0xff, 0xd7,
  0x00, 0x00, 0x00, 0x00, 0x00, 0x29, 0x00, 0x00, 0xff, 0xa4, 0xff, 0xa4, 0x00, 0x00, 0x00, 0x00,
  0x00, 0x00, 0xff, 0xf6, 0x00, 0x00, 0x00, 0x00, 0x00, 0x00, 0x00, 0x00, 0x00, 0x00, 0x00, 0x00,
  0x00, 0x00, 0x00, 0x00, 0x00, 0x00, 0x00, 0x00, 0x00, 0x00, 0x00, 0x00, 0x00, 0x00, 0x00, 0x00,
  0x00, 0x00, 0x00, 0x00, 0x00, 0x00, 0x00, 0x00, 0x00, 0x00, 0x00, 0x00, 0x00, 0x00, 0x00, 0x00,
  0xff, 0xe7, 0x00, 0x00, 0x00, 0x00, 0x00, 0x00, 0x00, 0x00, 0x00, 0x00, 0x00, 0x00, 0x00, 0x00,
  0x00, 0x00, 0x00, 0x00, 0x00, 0x00, 0x00, 0x00, 0x00, 0x00, 0x00, 0x00, 0x00, 0x0a, 0x00, 0x00,
  0xff, 0xd7, 0x00, 0x00, 0x00, 0x00, 0xff, 0xec, 0x00, 0x00, 0xff, 0xb8, 0xff, 0xb8, 0x00, 0x0a,
  0x00, 0x00, 0x00, 0x00, 0xff, 0xf6, 0xff, 0xfa, 0x00, 0x00, 0x00, 0x00, 0x00, 0x00, 0x00, 0x00,
  0x00, 0x00, 0x00, 0x00, 0x00, 0x00, 0x00, 0x00, 0x00, 0x00, 0x00, 0x00, 0x00, 0x00, 0x00, 0x00,
  0x00, 0x00, 0x00, 0x00, 0x00, 0x00, 0x00, 0x00, 0x00, 0x00, 0x00, 0x00, 0x00, 0x00, 0x00, 0x00,
  0x00, 0x00, 0xff, 0xd7, 0x00, 0x00, 0x00, 0x00, 0xff, 0x9a, 0x00, 0x00, 0x00, 0x00, 0x00, 0x00,
  0x00, 0x00, 0x00, 0x00, 0x00, 0x00, 0x00, 0x00, 0x00, 0x00, 0x00, 0x00, 0xff, 0x5c, 0xff, 0x5c,
  0x00, 0x00, 0xff, 0x62, 0x00, 0x00, 0x00, 0x00, 0xff, 0xae, 0x00, 0x29, 0x00, 0x29, 0x00, 0x33,
  0xff, 0xae, 0xff, 0xec, 0xff, 0xc3, 0xff, 0xc3, 0xff, 0xc3, 0x00, 0x00, 0x00, 0x00, 0xff, 0x9a,
  0x00, 0x00, 0xff, 0x9a, 0x00, 0x00, 0x00, 0x00, 0x00, 0x00, 0x00, 0x00, 0x00, 0x00, 0x00, 0x00,
  0x00, 0x00, 0x00, 0x00, 0x00, 0x29, 0x00, 0x00, 0x00, 0x00, 0x00, 0x00, 0x00, 0x00, 0x00, 0x00,
  0xff, 0x85, 0x00, 0x00, 0xff, 0xe7, 0x00, 0x00, 0x00, 0x00, 0x00, 0x00, 0x00, 0x00, 0x00, 0x00,
  0x00, 0x00, 0x00, 0x00, 0x00, 0x00, 0x00, 0x00, 0x00, 0x00, 0x00, 0x00, 0x00, 0x00, 0xff, 0xf6,
  0x00, 0x0a, 0x00, 0x00, 0xff, 0xe1, 0x00, 0x00, 0x00, 0x00, 0x00, 0x29, 0x00, 0x00, 0xff, 0xb8,
  0xff, 0xb8, 0x00, 0x04, 0x00, 0x00, 0x00, 0x00, 0xff, 0xf6, 0xff, 0xfa, 0x00, 0x00, 0x00, 0x00,
  0xff, 0xf6, 0x00, 0x00, 0x00, 0x00, 0x00, 0x00, 0x00, 0x00, 0x00, 0x00, 0x00, 0x00, 0x00, 0x00,
  0x00, 0x00, 0x00, 0x00, 0x00, 0x00, 0x00, 0x00, 0x00, 0x00, 0x00, 0x00, 0x00, 0x3d, 0x00, 0x00,
  0x00, 0x00, 0x00, 0x00, 0x00, 0x00, 0x00, 0x00, 0x00, 0x00, 0x00, 0x00, 0x00, 0x00, 0x00, 0x00,
  0x00, 0x00, 0x00, 0x00, 0x00, 0x00, 0x00, 0x00, 0x00, 0x00, 0x00, 0x00, 0x00, 0x00, 0x00, 0x00,
  0xff, 0xe1, 0xff, 0xec, 0x00, 0x00, 0xff, 0x85, 0x00, 0x00, 0x00, 0x00, 0xff, 0xc3, 0x00, 0x00,
  0x00, 0x29, 0x00, 0x33, 0xff, 0xec, 0x00, 0x00, 0x00, 0x00, 0x00, 0x00, 0x00, 0x00, 0x00, 0x00,
  0x00, 0x00, 0x00, 0x00, 0xff, 0xd7, 0x00, 0x00, 0x00, 0x00, 0x00, 0x00, 0x00, 0x00, 0x00, 0x00,
  0x00, 0x00, 0x00, 0x00, 0x00, 0x00, 0x00, 0x00, 0x00, 0x00, 0x00, 0x00, 0x00, 0x00, 0x00, 0x00,
  0x00, 0x00, 0x00, 0x00, 0x00, 0x00, 0x00, 0x14, 0x00, 0x00, 0x00, 0x00, 0x00, 0x00, 0x00, 0x00,
  0x00, 0x00, 0x00, 0x00, 0x00, 0x00, 0x00, 0x00, 0x00, 0x00, 0x00, 0x00, 0x00, 0x00, 0x00, 0x00,
  0x00, 0x00, 0x00, 0x00, 0x00, 0x00, 0x00, 0x00, 0x00, 0x00, 0x00, 0x00, 0x00, 0x00, 0x00, 0x00,
  0x00, 0x00, 0xff, 0xc3, 0xff, 0xd7, 0x00, 0x00, 0x00, 0x00, 0x00, 0x00, 0x00, 0x00, 0x00, 0x00,
  0x00, 0x00, 0x00, 0x00, 0x00, 0x00, 0x00, 0x00, 0x00, 0x00, 0x00, 0x00, 0x00, 0x00, 0x00, 0x00,
  0x00, 0x00, 0x00, 0x00, 0x00, 0x00, 0x00, 0x00, 0x00, 0x00, 0x00, 0x00, 0x00, 0x00, 0x00, 0x00,
  0x00, 0x00, 0x00, 0x00, 0x00, 0x00, 0x00, 0x00, 0x00, 0x29, 0x00, 0x00, 0x00, 0x00, 0x00, 0x00,
  0x00, 0x00, 0x00, 0x00, 0x00, 0x00, 0x00, 0x00, 0x00, 0x00, 0x00, 0x00, 0x00, 0x00, 0x00, 0x00,
  0x00, 0x00, 0x00, 0x00, 0xff, 0xf0, 0xff, 0xf6, 0x00, 0x00, 0x00, 0x29, 0x00, 0x00, 0x00, 0x00,
  0xff, 0xc3, 0x00, 0x00, 0xff, 0xec, 0x00, 0x00, 0xff, 0xf8, 0x00, 0x00, 0x00, 0x00, 0x00, 0x00,
  0x00, 0x00, 0x00, 0x00, 0x00, 0x00, 0x00, 0x00, 0xff, 0xd7, 0x00, 0x00, 0x00, 0x00, 0x00, 0x00,
  0x00, 0x00, 0x00, 0x00, 0x00, 0x00, 0x00, 0x00, 0x00, 0x00, 0x00, 0x00, 0x00, 0x00, 0x00, 0x00,
  0x00, 0x00, 0x00, 0x00, 0x00, 0x00, 0x00, 0x00, 0x00, 0x00, 0xff, 0xec, 0x00, 0x00, 0x00, 0x00,
  0x00, 0x00, 0x00, 0x00, 0x00, 0x00, 0x00, 0x00, 0x00, 0x00, 0x00, 0x00, 0x00, 0x00, 0x00, 0x00,
  0x00, 0x00, 0x00, 0x00, 0x00, 0x00, 0xff, 0xd7, 0xff, 0xec, 0x00, 0x00, 0xff, 0x33, 0x00, 0x00,
  0x00, 0x00, 0xff, 0xd7, 0x00, 0x00, 0x00, 0x14, 0x00, 0x33, 0xff, 0xf6, 0x00, 0x00, 0x00, 0x00,
  0x00, 0x00, 0x00, 0x00, 0x00, 0x00, 0x00, 0x00, 0x00, 0x00, 0xff, 0xc3, 0x00, 0x00, 0x00, 0x00,
  0x00, 0x00, 0x00, 0x00, 0x00, 0x00, 0x00, 0x00, 0x00, 0x00, 0x00, 0x00, 0x00, 0x00, 0x00, 0x00,
  0x00, 0x00, 0x00, 0x00, 0x00, 0x00, 0x00, 0x00, 0x00, 0x00, 0xff, 0x9a, 0x00, 0x14, 0x00, 0x00,
  0x00, 0x00, 0x00, 0x00, 0x00, 0x00, 0x00, 0x00, 0x00, 0x00, 0x00, 0x00, 0x00, 0x00, 0x00, 0x00,
  0x00, 0x00, 0x00, 0x00, 0x00, 0x00, 0x00, 0x00, 0x00, 0x00, 0x00, 0x00, 0x00, 0x00, 0xff, 0xec,
  0x00, 0x00, 0x00, 0x00, 0x00, 0x14, 0x00, 0x00, 0xff, 0xa4, 0xff, 0xae, 0x00, 0x00, 0x00, 0x00,
  0x00, 0x00, 0x00, 0x00, 0x00, 0x00, 0x00, 0x00, 0x00, 0x00, 0x00, 0x00, 0x00, 0x00, 0x00, 0x00,
  0x00, 0x00, 0x00, 0x00, 0x00, 0x00, 0x00, 0x00, 0x00, 0x00, 0x00, 0x00, 0x00, 0x00, 0x00, 0x00,
  0x00, 0x00, 0x00, 0x00, 0x00, 0x00, 0x00, 0x00, 0x00, 0x00, 0x00, 0x00, 0x00, 0x00, 0xff, 0xc3,
  0x00, 0x00, 0x00, 0x00, 0x00, 0x00, 0x00, 0x00, 0x00, 0x00, 0x00, 0x00, 0x00, 0x00, 0x00, 0x00,
  0x00, 0x00, 0x00, 0x00, 0x00, 0x00, 0x00, 0x00, 0x00, 0x00, 0xff, 0xe1, 0xff, 0xf6, 0x00, 0x29,
  0xff, 0x14, 0x00, 0x00, 0x00, 0x00, 0xff, 0xe1, 0x00, 0x3d, 0x00, 0x29, 0x00, 0x29, 0xff, 0xfa,
  0x00, 0x00, 0x00, 0x00, 0x00, 0x10, 0x00, 0x10, 0x00, 0x00, 0x00, 0x00, 0x00, 0x00, 0x00, 0x00,
  0x00, 0x00, 0x00, 0x00, 0x00, 0x00, 0x00, 0x00, 0x00, 0x00, 0x00, 0x00, 0x00, 0x00, 0x00, 0x00,
  0x00, 0x00, 0x00, 0x00, 0x00, 0x00, 0x00, 0x00, 0x00, 0x00, 0x00, 0x00, 0x00, 0x00, 0x00, 0x00,
  0xff, 0xcd, 0x00, 0x10, 0x00, 0x00, 0x00, 0x00, 0x00, 0x00, 0x00, 0x00, 0x00, 0x00, 0x00, 0x00,
  0x00, 0x00, 0x00, 0x00, 0x00, 0x00, 0x00, 0x00, 0x00, 0x00, 0x00, 0x00, 0xff, 0xec, 0xff, 0xfa,
  0x00, 0x33, 0xff, 0x85, 0x00, 0x00, 0x00, 0x29, 0xff, 0xf6, 0x00, 0x3d, 0x00, 0x29, 0x00, 0x29,
  0x00, 0x00, 0x00, 0x00, 0x00, 0x00, 0x00, 0x10, 0x00, 0x10, 0x00, 0x00, 0x00, 0x00, 0x00, 0x00,
  0x00, 0x00, 0x00, 0x00, 0x00, 0x00, 0x00, 0x00, 0x00, 0x00, 0x00, 0x00, 0x00, 0x00, 0x00, 0x00,
  0x00, 0x00, 0x00, 0x00, 0x00, 0x00, 0x00, 0x00, 0x00, 0x00, 0x00, 0x00, 0x00, 0x00, 0x00, 0x00,
  0xff, 0xae, 0x00, 0x00, 0x00, 0x00, 0x00, 0x00, 0x00, 0x00, 0x00, 0x00, 0x00, 0x00, 0x00, 0x00,
  0x00, 0x00, 0x00, 0x00, 0x00, 0x00, 0x00, 0x00, 0x00, 0x00, 0x00, 0x00, 0x00, 0x00, 0xff, 0xf6,
  0x00, 0x00, 0x00, 0x00, 0x00, 0x29, 0x00, 0x00, 0x00, 0x00, 0xff, 0xc3, 0x00, 0x00, 0x00, 0x00,
  0x00, 0x00, 0x00, 0x00, 0x00, 0x00, 0x00, 0x00, 0x00, 0x00, 0x00, 0x00, 0x00, 0x00, 0x00, 0x00,
  0x00, 0x00, 0xff, 0xd7, 0x00, 0x00, 0x00, 0x00, 0x00, 0x00, 0x00, 0x00, 0x00, 0x00, 0x00, 0x00,
  0x00, 0x00, 0x00, 0x00, 0x00, 0x00, 0x00, 0x00, 0x00, 0x00, 0x00, 0x00, 0x00, 0x00, 0x00, 0x00,
  0x00, 0x00, 0x00, 0x00, 0x00, 0x00, 0x00, 0x00, 0x00, 0x00, 0x00, 0x00, 0x00, 0x00, 0x00, 0x00,
  0x00, 0x00, 0x00, 0x00, 0x00, 0x00, 0x00, 0x00, 0x00, 0x00, 0x00, 0x00, 0x00, 0x00, 0x00, 0x00,
  0xff, 0xf6, 0x00, 0x00, 0x00, 0x29, 0x00, 0x00, 0x00, 0x00, 0x00, 0x00, 0x00, 0x00, 0x00, 0x00,
  0x00, 0x29, 0x00, 0x29, 0x00, 0x00, 0x00, 0x00, 0x00, 0x00, 0x00, 0x00, 0x00, 0x00, 0x00, 0x00,
  0x00, 0x00, 0x00, 0x00, 0x00, 0x00, 0x00, 0x00, 0x00, 0x00, 0x00, 0x00, 0x00, 0x00, 0x00, 0x00,
  0x00, 0x00, 0x00, 0x00, 0x00, 0x00, 0x00, 0x00, 0x00, 0x00, 0x00, 0x00, 0x00, 0x00, 0x00, 0x00,
  0x00, 0x00, 0x00, 0x00, 0x00, 0x00, 0x00, 0x00, 0x00, 0x00, 0x00, 0x00, 0x00, 0x00, 0x00, 0x00,
  0x00, 0x00, 0x00, 0x00, 0x00, 0x00, 0xff, 0xb8, 0x00, 0x00, 0x00, 0x00, 0x00, 0x00, 0x00, 0x00,
  0x00, 0x00, 0xff, 0xcd, 0xff, 0xd7, 0x00, 0x00, 0x00, 0x3d, 0x00, 0x00, 0x00, 0x00, 0xff, 0x9a,
  0x00, 0x00, 0x00, 0x29, 0x00, 0x29, 0xff, 0xec, 0xff, 0xec, 0xff, 0xe1, 0xff, 0xd7, 0x00, 0x00,
  0xff, 0xf6, 0x00, 0x00, 0x00, 0x00, 0xff, 0xae, 0x00, 0x00, 0x00, 0x00, 0x00, 0x00, 0x00, 0x00,
  0x00, 0x00, 0x00, 0x00, 0x00, 0x00, 0x00, 0x00, 0x00, 0x00, 0x00, 0x00, 0x00, 0x00, 0x00, 0x00,
  0x00, 0x00, 0x00, 0x00, 0x00, 0x00, 0x00, 0x00, 0x00, 0x00, 0x00, 0x00, 0x00, 0x00, 0x00, 0x00,
  0x00, 0x00, 0x00, 0x00, 0x00, 0x00, 0x00, 0x00, 0x00, 0x00, 0x00, 0x00, 0x00, 0x00, 0x00, 0x00,
  0x00, 0x00, 0x00, 0x00, 0x00, 0x00, 0x00, 0x00, 0x00, 0x00, 0x00, 0x00, 0x00, 0x00, 0x00, 0x00,
  0x00, 0x00, 0x00, 0x00, 0x00, 0x00, 0x00, 0x00, 0x00, 0x00, 0x00, 0x00, 0x00, 0x00, 0x00, 0x00,
  0x00, 0x00, 0x00, 0x00, 0x00, 0x00, 0x00, 0x00, 0x00, 0x00, 0x00, 0x00, 0x00, 0x00, 0x00, 0x00,
  0x00, 0x00, 0x00, 0x00, 0x00, 0x00, 0x00, 0x00, 0x00, 0x00, 0x00, 0x00, 0x00, 0x00, 0x00, 0x00,
  0x00, 0x00, 0x00, 0x00, 0x00, 0x00, 0x00, 0x00, 0x00, 0x00, 0x00, 0x00, 0x00, 0x00, 0x00, 0x00,
  0x00, 0x00, 0x00, 0x00, 0x00, 0x00, 0x00, 0x00, 0x00, 0x00, 0x00, 0x00, 0x00, 0x00, 0x00, 0x00,
  0x00, 0x00, 0x00, 0x00, 0x00, 0x00, 0x00, 0x00, 0x00, 0x00, 0x00, 0x00, 0x00, 0x00, 0x00, 0x00,
  0x00, 0x00, 0xff, 0xd7, 0x00, 0x00, 0x00, 0x29, 0x00, 0x33, 0x00, 0x00, 0x00, 0x00, 0x00, 0x00,
  0x00, 0x00, 0x00, 0x00, 0x00, 0x00, 0x00, 0x00, 0x00, 0x00, 0x00, 0x00, 0x00, 0x00, 0x00, 0x00,
  0x00, 0x00, 0x00, 0x00, 0x00, 0x00, 0x00, 0x00, 0x00, 0x00, 0x00, 0x00, 0x00, 0x00, 0x00, 0x00,
  0x00, 0x01, 0x00, 0x26, 0x00, 0xc2, 0x00, 0x01, 0x00, 0x02, 0x00, 0x1b, 0x00, 0x00, 0x00, 0x03,
  0x00, 0x04, 0x00, 0x04, 0x00, 0x0b, 0x00, 0x05, 0x00, 0x06, 0x00, 0x04, 0x00, 0x04, 0x00, 0x02,
  0x00, 0x07, 0x00, 0x00, 0x00, 0x08, 0x00, 0x09, 0x00, 0x0a, 0x00, 0x0b, 0x00, 0x00, 0x00, 0x0c,
  0x00, 0x00, 0x00, 0x0d, 0x00, 0x1c, 0x00, 0x00, 0x00, 0x00, 0x00, 0x00, 0x00, 0x00, 0x00, 0x00,
  0x00, 0x00, 0x00, 0x0e, 0x00, 0x0f, 0x00, 0x10, 0x00, 0x1d, 0x00, 0x12, 0x00, 0x13, 0x00, 0x14,
  0x00, 0x0e, 0x00, 0x1d, 0x00, 0x1d, 0x00, 0x15, 0x00, 0x1d, 0x00, 0x0e, 0x00, 0x0e, 0x00, 0x0f,
  0x00, 0x0f, 0x00, 0x14, 0x00, 0x16, 0x00, 0x17, 0x00, 0x1e, 0x00, 0x14, 0x00, 0x18, 0x00, 0x19,
  0x00, 0x00, 0x00, 0x18, 0x00, 0x1a, 0x00, 0x00, 0x00, 0x00, 0x00, 0x00, 0x00, 0x00, 0x00, 0x00,
  0x00, 0x00, 0x00, 0x00, 0x00, 0x00, 0x00, 0x00, 0x00, 0x00, 0x00, 0x00, 0x00, 0x00, 0x00, 0x00,
  0x00, 0x00, 0x00, 0x00, 0x00, 0x00, 0x00, 0x00, 0x00, 0x00, 0x00, 0x00, 0x00, 0x00, 0x00, 0x00,
  0x00, 0x00, 0x00, 0x00, 0x00, 0x00, 0x00, 0x00, 0x00, 0x00, 0x00, 0x00, 0x00, 0x00, 0x00, 0x00,
  0x00, 0x00, 0x00, 0x00, 0x00, 0x00, 0x00, 0x00, 0x00, 0x00, 0x00, 0x00, 0x00, 0x00, 0x00, 0x00,
  0x00, 0x00, 0x00, 0x00, 0x00, 0x00, 0x00, 0x00, 0x00, 0x00, 0x00, 0x1b, 0x00, 0x01, 0x00, 0x1b,
  0x00, 0x1b, 0x00, 0x1b, 0x00, 0x1b, 0x00, 0x04, 0x00, 0x04, 0x00, 0x04, 0x00, 0x04, 0x00, 0x02,
  0x00, 0x04, 0x00, 0x02, 0x00, 0x02, 0x00, 0x02, 0x00, 0x02, 0x00, 0x02, 0x00, 0x00, 0x00, 0x02,
  0x00, 0x0b, 0x00, 0x0b, 0x00, 0x0b, 0x00, 0x0b, 0x00, 0x0d, 0x00, 0x00, 0x00, 0x00, 0x00, 0x0e,
  0x00, 0x0e, 0x00, 0x0e, 0x00, 0x0e, 0x00, 0x0e, 0x00, 0x0e, 0x00, 0x12, 0x00, 0x10, 0x00, 0x12,
  0x00, 0x12, 0x00, 0x12, 0x00, 0x12, 0x00, 0x1d, 0x00, 0x1d, 0x00, 0x1d, 0x00, 0x1d, 0x00, 0x0f,
  0x00, 0x0e, 0x00, 0x0f, 0x00, 0x0f, 0x00, 0x0f, 0x00, 0x0f, 0x00, 0x0f, 0x00, 0x00, 0x00, 0x0f,
  0x00, 0x14, 0x00, 0x14, 0x00, 0x14, 0x00, 0x14, 0x00, 0x18, 0x00, 0x0f, 0x00, 0x18, 0x00, 0x1b,
  0x00, 0x12, 0x00, 0x0d, 0x00, 0x00, 0x00, 0x00, 0x00, 0x00, 0x00, 0x00, 0x00, 0x00, 0x00, 0x00,
  0x00, 0x00, 0x00, 0x00, 0x00, 0x00, 0x00, 0x00, 0x00, 0x00, 0x00, 0x00, 0x00, 0x00, 0x00, 0x00,
  0x00, 0x00, 0x00, 0x00, 0x00, 0x00, 0x00, 0x00, 0x00, 0x00, 0x00, 0x00, 0x00, 0x00, 0x00, 0x00,
  0x00, 0x00, 0x00, 0x00, 0x00, 0x00, 0x00, 0x00, 0x00, 0x00, 0x00, 0x00, 0x00, 0x00, 0x00, 0x00,
  0x00, 0x00, 0x00, 0x00, 0x00, 0x00, 0x00, 0x1d, 0x00, 0x1d, 0x00, 0x01, 0x00, 0x04, 0x00, 0xe4,
  0x00, 0x2b, 0x00, 0x00, 0x00, 0x00, 0x00, 0x00, 0x00, 0x00, 0x00, 0x0a, 0x00, 0x00, 0x00, 0x00,
  0x00, 0x30, 0x00, 0x02, 0x00, 0x00, 0x00, 0x17, 0x00, 0x1a, 0x00, 0x17, 0x00, 0x06, 0x00, 0x00,
  0x00, 0x2d, 0x00, 0x2f, 0x00, 0x00, 0x00, 0x28, 0x00, 0x00, 0x00, 0x2e, 0x00, 0x00, 0x00, 0x2a,
  0x00, 0x2c, 0x00, 0x16, 0x00, 0x16, 0x00, 0x00, 0x00, 0x00, 0x00, 0x00, 0x00, 0x1b, 0x00, 0x08,
  0x00, 0x0c, 0x00, 0x00, 0x00, 0x0e, 0x00, 0x00, 0x00, 0x00, 0x00, 0x00, 0x00, 0x0e, 0x00, 0x00,
  0x00, 0x00, 0x00, 0x0f, 0x00, 0x00, 0x00, 0x00, 0x00, 0x00, 0x00, 0x00, 0x00, 0x0e, 0x00, 0x00,
  0x00, 0x0e, 0x00, 0x00, 0x00, 0x23, 0x00, 0x10, 0x00, 0x11, 0x00, 0x01, 0x00, 0x12, 0x00, 0x04,
  0x00, 0x13, 0x00, 0x24, 0x00, 0x00, 0x00, 0x05, 0x00, 0x30, 0x00, 0x00, 0x00, 0x17, 0x00, 0x00,
  0x00, 0x14, 0x00, 0x29, 0x00, 0x15, 0x00, 0x15, 0x00, 0x15, 0x00, 0x18, 0x00, 0x15, 0x00, 0x29,
  0x00, 0x29, 0x00, 0x29, 0x00, 0x29, 0x00, 0x29, 0x00, 0x27, 0x00, 0x27, 0x00, 0x15, 0x00, 0x27,
  0x00, 0x15, 0x00, 0x27, 0x00, 0x1e, 0x00, 0x1f, 0x00, 0x20, 0x00, 0x21, 0x00, 0x22, 0x00, 0x07,
  0x00, 0x21, 0x00, 0x25, 0x00, 0x00, 0x00, 0x00, 0x00, 0x30, 0x00, 0x00, 0x00, 0x00, 0x00, 0x2b,
  0x00, 0x00, 0x00, 0x00, 0x00, 0x00, 0x00, 0x00, 0x00, 0x00, 0x00, 0x00, 0x00, 0x00, 0x00, 0x00,
  0x00, 0x00, 0x00, 0x26, 0x00, 0x00, 0x00, 0x00, 0x00, 0x00, 0x00, 0x00, 0x00, 0x00, 0x00, 0x00,
  0x00, 0x00, 0x00, 0x00, 0x00, 0x00, 0x00, 0x00, 0x00, 0x00, 0x00, 0x1a, 0x00, 0x00, 0x00, 0x00,
  0x00, 0x00, 0x00, 0x19, 0x00, 0x00, 0x00, 0x00, 0x00, 0x00, 0x00, 0x09, 0x00, 0x0c, 0x00, 0x0c,
  0x00, 0x0c, 0x00, 0x0c, 0x00, 0x0c, 0x00, 0x0c, 0x00, 0x0d, 0x00, 0x0e, 0x00, 0x00, 0x00, 0x00,
  0x00, 0x00, 0x00, 0x00, 0x00, 0x00, 0x00, 0x00, 0x00, 0x00, 0x00, 0x00, 0x00, 0x00, 0x00, 0x00,
  0x00, 0x0e, 0x00, 0x0e, 0x00, 0x0e, 0x00, 0x0e, 0x00, 0x0e, 0x00, 0x00, 0x00, 0x0e, 0x00, 0x11,
  0x00, 0x11, 0x00, 0x11, 0x00, 0x11, 0x00, 0x13, 0x00, 0x00, 0x00, 0x29, 0x00, 0x14, 0x00, 0x14,
  0x00, 0x14, 0x00, 0x14, 0x00, 0x14, 0x00, 0x14, 0x00, 0x14, 0x00, 0x15, 0x00, 0x15, 0x00, 0x15,
  0x00, 0x15, 0x00, 0x15, 0x00, 0x29, 0x00, 0x29, 0x00, 0x29, 0x00, 0x29, 0x00, 0x15, 0x00, 0x27,
  0x00, 0x15, 0x00, 0x15, 0x00, 0x15, 0x00, 0x15, 0x00, 0x15, 0x00, 0x00, 0x00, 0x15, 0x00, 0x20,
  0x00, 0x20, 0x00, 0x20, 0x00, 0x20, 0x00, 0x21, 0x00, 0x29, 0x00, 0x21, 0x00, 0x0e, 0x00, 0x15,
  0x00, 0x13, 0x00, 0x00, 0x00, 0x00, 0x00, 0x00, 0x00, 0x00, 0x00, 0x00, 0x00, 0x00, 0x00, 0x00,
  0x00, 0x00, 0x00, 0x00, 0x00, 0x00, 0x00, 0x00, 0x00, 0x00, 0x00, 0x00, 0x00, 0x00, 0x00, 0x00,
  0x00, 0x00, 0x00, 0x1a, 0x00, 0x1a, 0x00, 0x1c, 0x00, 0x1d, 0x00, 0x17, 0x00, 0x1c, 0x00, 0x1d,
  0x00, 0x17, 0x00, 0x00, 0x00, 0x17, 0x00, 0x00, 0x00, 0x26, 0x00, 0x19, 0x00, 0x00, 0x00, 0x00,
  0x00, 0x03, 0x00, 0x00, 0x00, 0x18, 0x00, 0x18, 0x00, 0x02, 0x00, 0x0d, 0x00, 0x24, 0x00, 0x24,
  0x00, 0x00, 0x00, 0x26, 0x00, 0x28, 0x00, 0x01, 0x00, 0x2a, 0x00, 0x33, 0x00, 0x04, 0x00, 0x35,
  0x00, 0x38, 0x00, 0x0e, 0x00, 0x3a, 0x00, 0x3a, 0x00, 0x12, 0x00, 0x3c, 0x00, 0x3d, 0x00, 0x13,
  0x00, 0x44, 0x00, 0x5a, 0x00, 0x15, 0x00, 0x5c, 0x00, 0x5d, 0x00, 0x2c, 0x00, 0x82, 0x00, 0x98,
  0x00, 0x2e, 0x00, 0x9a, 0x00, 0x9f, 0x00, 0x45, 0x00, 0xa2, 0x00, 0xb8, 0x00, 0x4b, 0x00, 0xba,
  0x00, 0xc4, 0x00, 0x62, 0x00, 0xe6, 0x00, 0xe7, 0x00, 0x6d, 0x00, 0x00, 0x00, 0x00, 0x00, 0x01,
  0x00, 0x00, 0x00, 0x00, 0xcc, 0x3d, 0xa2, 0xcf, 0x00, 0x00, 0x00, 0x00, 0xce, 0xb2, 0xcb, 0xb6,
  0x00, 0x00, 0x00, 0x00, 0xd5, 0x58, 0x7d, 0x0a
};
